store_id,item_id,cluster,cluster_label,average_demand,demand_variability,coefficient_of_variation,forecast_error,absolute_forecast_error,forecast_demand,recommended_stock
store_1,item_1,1,Permintaan Tinggi,40.33,9.86,0.2446,13.95,13.95,26.38,46
store_1,item_10,1,Permintaan Tinggi,34.81,8.05,0.2311,10.59,10.59,24.22,44
store_1,item_11,0,Permintaan Rendah,12.57,4.23,0.3367,-9.34,9.36,21.91,42
store_1,item_12,1,Permintaan Tinggi,34.16,8.39,0.2456,10.28,10.28,23.88,44
store_1,item_13,1,Permintaan Tinggi,41.64,10.37,0.249,17.34,17.34,24.3,44
store_1,item_14,1,Permintaan Tinggi,34.17,8.61,0.2518,7.51,7.57,26.66,47
store_1,item_15,0,Permintaan Rendah,16.76,5.37,0.3201,-4.25,4.4,21.01,41
store_1,item_16,0,Permintaan Rendah,10.42,3.9,0.3744,-12.3,12.3,22.72,43
store_1,item_17,1,Permintaan Tinggi,35.85,9.2,0.2567,13.54,13.54,22.31,42
store_1,item_18,1,Permintaan Tinggi,32.4,7.94,0.2449,7.73,7.81,24.67,45
store_1,item_19,1,Permintaan Tinggi,32.88,7.95,0.2417,11.78,11.78,21.1,41
store_1,item_2,0,Permintaan Rendah,20.6,5.28,0.2561,-0.23,2.66,20.84,41
store_1,item_20,1,Permintaan Tinggi,33.72,8.49,0.2517,7.82,7.86,25.9,46
store_1,item_21,0,Permintaan Rendah,12.37,4.0,0.323,-10.42,10.42,22.79,43
store_1,item_22,0,Permintaan Rendah,22.31,5.47,0.2453,0.24,2.45,22.07,42
store_1,item_23,1,Permintaan Tinggi,39.05,9.37,0.2399,13.21,13.24,25.84,46
store_1,item_24,0,Permintaan Rendah,13.93,4.82,0.3457,-8.36,8.38,22.29,42
store_1,item_25,1,Permintaan Tinggi,37.18,9.65,0.2595,12.22,12.22,24.97,45
store_1,item_26,1,Permintaan Tinggi,30.08,7.77,0.2582,6.54,6.59,23.54,43
store_1,item_27,0,Permintaan Rendah,20.87,5.43,0.2604,-1.7,2.87,22.57,42
store_1,item_28,0,Permintaan Rendah,12.01,4.2,0.3496,-11.04,11.05,23.05,43
store_1,item_29,0,Permintaan Rendah,20.05,5.58,0.2784,-4.02,4.6,24.07,44
store_1,item_3,0,Permintaan Rendah,22.13,5.57,0.2517,1.59,3.14,20.54,40
store_1,item_30,0,Permintaan Rendah,20.45,5.84,0.2856,-7.5,7.51,27.95,48
store_1,item_31,1,Permintaan Tinggi,32.93,8.62,0.2616,6.23,6.33,26.7,47
store_1,item_32,1,Permintaan Tinggi,30.87,8.09,0.2621,4.16,4.49,26.71,47
store_1,item_33,1,Permintaan Tinggi,36.96,9.04,0.2447,10.14,10.14,26.81,47
store_1,item_34,1,Permintaan Tinggi,37.66,8.18,0.2171,13.1,13.1,24.56,44
store_1,item_35,0,Permintaan Rendah,24.9,6.29,0.2524,6.53,6.58,18.37,38
store_1,item_36,0,Permintaan Rendah,14.21,4.59,0.3232,-10.15,10.16,24.37,44
store_1,item_37,1,Permintaan Tinggi,32.26,8.11,0.2514,9.51,9.53,22.75,43
store_1,item_38,1,Permintaan Tinggi,33.97,8.01,0.236,9.57,9.6,24.4,44
store_1,item_39,1,Permintaan Tinggi,27.76,7.01,0.2524,4.11,4.56,23.66,44
store_1,item_4,0,Permintaan Rendah,18.98,5.64,0.2968,-1.32,2.87,20.3,40
store_1,item_40,1,Permintaan Tinggi,34.28,7.43,0.2167,7.53,7.53,26.75,47
store_1,item_41,0,Permintaan Rendah,25.66,6.66,0.2594,9.68,9.68,15.99,36
store_1,item_42,0,Permintaan Rendah,26.6,6.38,0.24,4.37,4.61,22.23,42
store_1,item_43,0,Permintaan Rendah,23.68,5.9,0.249,0.55,2.41,23.14,43
store_1,item_44,0,Permintaan Rendah,10.87,3.78,0.3482,-8.7,8.7,19.57,39
store_1,item_45,1,Permintaan Tinggi,28.59,6.8,0.2379,2.72,3.57,25.87,46
store_1,item_46,0,Permintaan Rendah,13.54,4.28,0.3158,-3.44,4.02,16.98,37
store_1,item_47,1,Permintaan Tinggi,38.95,9.49,0.2437,13.45,13.45,25.49,45
store_1,item_48,0,Permintaan Rendah,13.15,4.24,0.3222,-7.52,7.56,20.67,41
store_1,item_49,0,Permintaan Rendah,16.45,4.57,0.2777,-5.85,6.04,22.31,42
store_1,item_5,1,Permintaan Tinggi,36.26,8.23,0.227,12.74,12.74,23.52,43
store_1,item_50,0,Permintaan Rendah,11.78,4.29,0.3641,-14.91,14.91,26.69,47
store_1,item_6,0,Permintaan Rendah,21.18,5.86,0.2767,-2.07,2.93,23.25,43
store_1,item_7,0,Permintaan Rendah,19.06,5.19,0.2725,-5.01,5.2,24.07,44
store_1,item_8,1,Permintaan Tinggi,27.48,6.6,0.2401,-1.78,3.23,29.27,49
store_1,item_9,0,Permintaan Rendah,14.86,4.62,0.311,-8.74,8.75,23.6,43
store_10,item_1,1,Permintaan Tinggi,43.03,11.03,0.2563,18.35,18.35,24.67,45
store_10,item_10,1,Permintaan Tinggi,37.61,9.32,0.2479,13.13,13.13,24.48,44
store_10,item_11,0,Permintaan Rendah,13.62,4.46,0.3271,-9.82,9.82,23.45,43
store_10,item_12,1,Permintaan Tinggi,36.29,8.76,0.2414,14.8,14.8,21.49,41
store_10,item_13,1,Permintaan Tinggi,43.59,10.45,0.2397,19.17,19.17,24.42,44
store_10,item_14,1,Permintaan Tinggi,36.3,8.59,0.2367,11.45,11.45,24.86,45
store_10,item_15,0,Permintaan Rendah,18.07,5.21,0.2885,-4.83,5.01,22.9,43
store_10,item_16,0,Permintaan Rendah,11.31,4.01,0.355,-10.56,10.56,21.87,42
store_10,item_17,1,Permintaan Tinggi,37.55,8.47,0.2254,11.91,11.91,25.63,45
store_10,item_18,1,Permintaan Tinggi,34.56,9.61,0.2779,11.77,11.78,22.79,43
store_10,item_19,1,Permintaan Tinggi,35.61,8.96,0.2518,13.2,13.2,22.41,42
store_10,item_2,0,Permintaan Rendah,21.59,5.63,0.2609,1.61,2.84,19.99,40
store_10,item_20,1,Permintaan Tinggi,36.38,9.16,0.2519,13.53,13.53,22.85,43
store_10,item_21,0,Permintaan Rendah,13.21,4.31,0.3261,-7.81,7.83,21.02,41
store_10,item_22,0,Permintaan Rendah,22.97,5.85,0.2549,0.05,2.35,22.91,43
store_10,item_23,1,Permintaan Tinggi,42.42,10.49,0.2472,18.28,18.28,24.14,44
store_10,item_24,0,Permintaan Rendah,15.01,4.27,0.2842,-8.14,8.14,23.15,43
store_10,item_25,1,Permintaan Tinggi,39.46,9.76,0.2475,18.3,18.3,21.17,41
store_10,item_26,1,Permintaan Tinggi,31.48,7.9,0.251,7.25,7.28,24.24,44
store_10,item_27,0,Permintaan Rendah,21.72,5.49,0.2528,1.24,2.71,20.49,40
store_10,item_28,0,Permintaan Rendah,13.27,4.11,0.3099,-11.48,11.48,24.75,45
store_10,item_29,0,Permintaan Rendah,20.76,5.35,0.2576,-3.12,3.61,23.87,44
store_10,item_3,0,Permintaan Rendah,23.43,5.93,0.2531,0.66,2.47,22.78,43
store_10,item_30,0,Permintaan Rendah,21.45,5.36,0.2497,0.94,2.54,20.51,40
store_10,item_31,1,Permintaan Tinggi,35.08,8.77,0.2501,12.73,12.73,22.34,42
store_10,item_32,1,Permintaan Tinggi,32.04,7.41,0.2314,7.76,7.81,24.28,44
store_10,item_33,1,Permintaan Tinggi,40.64,10.62,0.2614,14.9,14.9,25.73,46
store_10,item_34,1,Permintaan Tinggi,41.15,10.23,0.2487,14.77,14.77,26.38,46
store_10,item_35,0,Permintaan Rendah,26.42,7.12,0.2696,3.28,3.75,23.15,43
store_10,item_36,0,Permintaan Rendah,14.52,4.45,0.3064,-4.8,5.08,19.32,39
store_10,item_37,1,Permintaan Tinggi,35.27,8.57,0.243,12.06,12.06,23.21,43
store_10,item_38,1,Permintaan Tinggi,36.13,9.02,0.2496,13.58,13.58,22.55,42
store_10,item_39,1,Permintaan Tinggi,29.49,7.09,0.2404,4.37,4.65,25.12,45
store_10,item_4,0,Permintaan Rendah,20.57,6.21,0.3017,-2.56,3.49,23.14,43
store_10,item_40,1,Permintaan Tinggi,35.76,8.43,0.2358,12.72,12.75,23.03,43
store_10,item_41,1,Permintaan Tinggi,27.53,6.46,0.2348,2.27,3.32,25.26,45
store_10,item_42,1,Permintaan Tinggi,28.88,7.83,0.2712,1.98,3.36,26.9,47
store_10,item_43,0,Permintaan Rendah,25.07,6.74,0.2688,1.91,3.05,23.16,43
store_10,item_44,0,Permintaan Rendah,11.64,4.03,0.3467,-11.47,11.47,23.11,43
store_10,item_45,1,Permintaan Tinggi,31.02,8.15,0.2629,11.02,11.02,20.0,40
store_10,item_46,0,Permintaan Rendah,14.64,4.43,0.303,-9.61,9.63,24.25,44
store_10,item_47,1,Permintaan Tinggi,41.5,10.05,0.2421,14.35,14.35,27.15,47
store_10,item_48,0,Permintaan Rendah,13.83,3.69,0.2666,-8.3,8.33,22.13,42
store_10,item_49,0,Permintaan Rendah,17.6,4.94,0.2808,-3.99,4.26,21.6,41
store_10,item_5,1,Permintaan Tinggi,38.45,8.98,0.2337,12.93,12.93,25.52,45
store_10,item_50,0,Permintaan Rendah,12.57,4.45,0.3538,-8.56,8.59,21.13,41
store_10,item_6,0,Permintaan Rendah,22.6,5.42,0.2399,-0.15,2.41,22.74,43
store_10,item_7,0,Permintaan Rendah,20.56,5.62,0.2733,-2.91,3.55,23.47,43
store_10,item_8,1,Permintaan Tinggi,28.82,7.19,0.2495,4.87,5.1,23.95,44
store_10,item_9,0,Permintaan Rendah,16.11,5.26,0.3261,-7.28,7.31,23.39,43
store_11,item_1,1,Permintaan Tinggi,42.22,10.01,0.237,14.25,14.25,27.97,48
store_11,item_10,1,Permintaan Tinggi,36.37,9.03,0.2484,10.73,10.73,25.64,45
store_11,item_11,0,Permintaan Rendah,13.48,4.41,0.3268,-7.75,7.76,21.23,41
store_11,item_12,1,Permintaan Tinggi,35.2,8.91,0.2532,9.22,9.22,25.99,46
store_11,item_13,1,Permintaan Tinggi,41.81,9.29,0.2222,15.63,15.63,26.18,46
store_11,item_14,1,Permintaan Tinggi,35.23,8.9,0.2525,18.97,18.97,16.26,36
store_11,item_15,0,Permintaan Rendah,16.89,4.57,0.2707,-7.01,7.06,23.9,44
store_11,item_16,0,Permintaan Rendah,10.79,4.07,0.3771,-9.23,9.26,20.02,40
store_11,item_17,1,Permintaan Tinggi,36.42,8.96,0.2461,12.56,12.56,23.87,44
store_11,item_18,1,Permintaan Tinggi,32.98,7.94,0.2408,11.4,11.4,21.58,41
store_11,item_19,1,Permintaan Tinggi,34.17,8.49,0.2486,9.85,9.85,24.32,44
store_11,item_2,0,Permintaan Rendah,20.91,6.11,0.292,0.29,2.55,20.62,40
store_11,item_20,1,Permintaan Tinggi,35.59,8.53,0.2396,12.08,12.08,23.51,43
store_11,item_21,0,Permintaan Rendah,13.21,4.04,0.3055,-7.83,7.87,21.04,41
store_11,item_22,0,Permintaan Rendah,22.79,5.98,0.2622,-0.09,2.47,22.88,43
store_11,item_23,1,Permintaan Tinggi,40.84,10.66,0.261,20.49,20.49,20.35,40
store_11,item_24,0,Permintaan Rendah,14.44,4.49,0.311,-4.28,4.72,18.72,39
store_11,item_25,1,Permintaan Tinggi,38.08,9.21,0.2417,20.74,20.74,17.34,37
store_11,item_26,1,Permintaan Tinggi,30.47,7.66,0.2514,4.23,4.51,26.24,46
store_11,item_27,0,Permintaan Rendah,21.27,5.28,0.2481,3.04,3.67,18.23,38
store_11,item_28,0,Permintaan Rendah,12.72,4.05,0.3188,-13.17,13.17,25.89,46
store_11,item_29,0,Permintaan Rendah,20.43,5.06,0.2475,-3.1,3.64,23.54,43
store_11,item_3,0,Permintaan Rendah,22.76,6.12,0.2688,-0.16,2.54,22.92,43
store_11,item_30,0,Permintaan Rendah,20.57,5.81,0.2823,-2.18,3.11,22.75,43
store_11,item_31,1,Permintaan Tinggi,34.18,8.8,0.2575,10.9,10.9,23.29,43
store_11,item_32,1,Permintaan Tinggi,30.91,8.76,0.2833,6.99,7.0,23.92,44
store_11,item_33,1,Permintaan Tinggi,38.52,8.81,0.2288,13.31,13.31,25.22,45
store_11,item_34,1,Permintaan Tinggi,38.73,10.08,0.2603,19.16,19.16,19.57,39
store_11,item_35,0,Permintaan Rendah,25.58,6.94,0.2713,8.37,8.46,17.21,37
store_11,item_36,0,Permintaan Rendah,14.62,4.41,0.3013,-8.63,8.63,23.25,43
store_11,item_37,1,Permintaan Tinggi,33.49,9.31,0.2779,11.78,11.78,21.71,42
store_11,item_38,1,Permintaan Tinggi,34.62,7.62,0.2201,11.99,11.99,22.62,42
store_11,item_39,0,Permintaan Rendah,27.92,6.67,0.2388,8.12,8.14,19.81,40
store_11,item_4,0,Permintaan Rendah,19.36,5.58,0.2881,-3.17,3.89,22.54,42
store_11,item_40,1,Permintaan Tinggi,34.56,8.08,0.2339,12.83,12.83,21.73,42
store_11,item_41,0,Permintaan Rendah,26.22,6.76,0.2578,1.41,2.97,24.81,45
store_11,item_42,0,Permintaan Rendah,27.98,7.37,0.2633,4.37,4.71,23.61,43
store_11,item_43,0,Permintaan Rendah,25.28,6.65,0.263,1.98,2.85,23.3,43
store_11,item_44,0,Permintaan Rendah,11.5,4.03,0.3505,-14.14,14.14,25.64,45
store_11,item_45,1,Permintaan Tinggi,29.12,7.67,0.2634,7.1,7.14,22.02,42
store_11,item_46,0,Permintaan Rendah,14.16,4.41,0.311,-8.16,8.18,22.33,42
store_11,item_47,1,Permintaan Tinggi,40.66,10.61,0.2609,16.73,16.73,23.93,44
store_11,item_48,0,Permintaan Rendah,13.27,4.21,0.3175,-5.37,5.56,18.64,38
store_11,item_49,0,Permintaan Rendah,16.85,5.39,0.3197,-8.67,8.7,25.52,45
store_11,item_5,1,Permintaan Tinggi,36.96,8.53,0.2309,15.87,15.87,21.09,41
store_11,item_50,0,Permintaan Rendah,12.22,3.92,0.3209,-12.25,12.25,24.47,44
store_11,item_6,0,Permintaan Rendah,22.59,6.43,0.2845,-3.75,4.24,26.34,46
store_11,item_7,0,Permintaan Rendah,19.58,5.5,0.2812,-5.12,5.26,24.7,45
store_11,item_8,0,Permintaan Rendah,28.17,7.47,0.2653,5.63,5.83,22.53,42
store_11,item_9,0,Permintaan Rendah,14.93,4.28,0.2864,-6.98,7.0,21.91,42
store_12,item_1,1,Permintaan Tinggi,49.96,10.91,0.2185,21.62,21.62,28.33,48
store_12,item_10,1,Permintaan Tinggi,43.7,10.77,0.2464,17.09,17.09,26.61,46
store_12,item_11,0,Permintaan Rendah,16.04,4.66,0.2903,-7.36,7.39,23.4,43
store_12,item_12,1,Permintaan Tinggi,42.24,9.94,0.2353,16.74,16.74,25.5,45
store_12,item_13,1,Permintaan Tinggi,51.59,12.9,0.25,24.71,24.71,26.87,47
store_12,item_14,1,Permintaan Tinggi,42.48,10.04,0.2364,17.68,17.68,24.8,45
store_12,item_15,0,Permintaan Rendah,20.77,5.57,0.2684,-0.47,2.71,21.23,41
store_12,item_16,0,Permintaan Rendah,12.75,4.35,0.3413,-10.5,10.5,23.25,43
store_12,item_17,1,Permintaan Tinggi,43.88,9.89,0.2255,20.21,20.21,23.67,44
store_12,item_18,1,Permintaan Tinggi,41.1,10.61,0.2582,16.03,16.03,25.07,45
store_12,item_19,1,Permintaan Tinggi,40.91,9.27,0.2266,19.12,19.12,21.79,42
store_12,item_2,0,Permintaan Rendah,25.49,6.24,0.2449,-0.82,2.72,26.31,46
store_12,item_20,1,Permintaan Tinggi,42.12,10.33,0.2453,18.9,18.9,23.22,43
store_12,item_21,0,Permintaan Rendah,15.95,4.72,0.296,-5.82,6.02,21.76,42
store_12,item_22,0,Permintaan Rendah,26.35,6.89,0.2616,4.0,4.47,22.35,42
store_12,item_23,1,Permintaan Tinggi,49.92,11.98,0.2399,24.35,24.35,25.58,45
store_12,item_24,0,Permintaan Rendah,17.69,5.43,0.3072,-6.13,6.21,23.82,44
store_12,item_25,1,Permintaan Tinggi,46.31,11.09,0.2395,19.01,19.01,27.3,47
store_12,item_26,1,Permintaan Tinggi,37.03,9.36,0.2529,15.98,15.98,21.05,41
store_12,item_27,0,Permintaan Rendah,25.05,6.6,0.2637,-0.26,2.91,25.31,45
store_12,item_28,0,Permintaan Rendah,15.56,4.53,0.2913,-9.79,9.8,25.35,45
store_12,item_29,0,Permintaan Rendah,25.43,6.81,0.2677,5.45,5.58,19.98,40
store_12,item_3,0,Permintaan Rendah,27.03,6.92,0.2561,1.65,3.03,25.38,45
store_12,item_30,0,Permintaan Rendah,25.32,6.76,0.2671,3.18,4.06,22.14,42
store_12,item_31,1,Permintaan Tinggi,40.76,9.23,0.2265,14.95,14.95,25.81,46
store_12,item_32,1,Permintaan Tinggi,37.72,9.64,0.2555,10.96,10.96,26.76,47
store_12,item_33,1,Permintaan Tinggi,46.72,11.76,0.2517,24.55,24.55,22.17,42
store_12,item_34,1,Permintaan Tinggi,47.74,11.61,0.2431,23.53,23.53,24.21,44
store_12,item_35,1,Permintaan Tinggi,31.59,8.16,0.2585,8.17,8.18,23.42,43
store_12,item_36,0,Permintaan Rendah,17.81,5.28,0.2965,-8.82,8.86,26.63,46
store_12,item_37,1,Permintaan Tinggi,40.61,11.35,0.2794,12.95,12.95,27.66,48
store_12,item_38,1,Permintaan Tinggi,42.39,10.51,0.248,19.79,19.79,22.6,42
store_12,item_39,1,Permintaan Tinggi,34.44,8.09,0.2348,14.87,14.87,19.57,39
store_12,item_4,0,Permintaan Rendah,22.69,5.72,0.2521,-2.32,3.07,25.01,45
store_12,item_40,1,Permintaan Tinggi,42.09,10.22,0.2428,15.56,15.56,26.52,46
store_12,item_41,1,Permintaan Tinggi,31.65,7.84,0.2478,6.7,6.72,24.94,45
store_12,item_42,1,Permintaan Tinggi,32.86,7.9,0.2404,6.02,6.15,26.85,47
store_12,item_43,1,Permintaan Tinggi,29.6,7.16,0.242,4.17,4.51,25.44,45
store_12,item_44,0,Permintaan Rendah,14.35,4.43,0.3086,-5.87,6.02,20.22,40
store_12,item_45,1,Permintaan Tinggi,37.24,8.85,0.2376,8.44,8.45,28.8,49
store_12,item_46,0,Permintaan Rendah,16.43,4.72,0.287,-6.79,6.8,23.23,43
store_12,item_47,1,Permintaan Tinggi,47.95,11.41,0.238,25.48,25.48,22.46,42
store_12,item_48,0,Permintaan Rendah,16.57,4.59,0.2771,-3.99,4.49,20.56,40
store_12,item_49,0,Permintaan Rendah,20.76,5.88,0.2832,-4.9,5.05,25.66,46
store_12,item_5,1,Permintaan Tinggi,44.65,10.51,0.2354,19.83,19.83,24.82,45
store_12,item_50,0,Permintaan Rendah,15.12,4.52,0.2988,-10.15,10.15,25.27,45
store_12,item_6,0,Permintaan Rendah,26.22,7.05,0.2687,3.04,3.59,23.18,43
store_12,item_7,0,Permintaan Rendah,24.03,6.12,0.2546,-3.16,3.71,27.19,47
store_12,item_8,1,Permintaan Tinggi,34.08,8.61,0.2525,9.58,9.58,24.5,44
store_12,item_9,0,Permintaan Rendah,18.48,5.37,0.2907,-5.0,5.21,23.48,43
store_13,item_1,1,Permintaan Tinggi,38.98,10.52,0.2699,12.76,12.76,26.21,46
store_13,item_10,1,Permintaan Tinggi,33.88,8.69,0.2565,11.91,11.91,21.96,42
store_13,item_11,0,Permintaan Rendah,11.67,3.88,0.3323,-12.2,12.2,23.88,44
store_13,item_12,1,Permintaan Tinggi,32.85,8.05,0.2451,8.05,8.08,24.81,45
store_13,item_13,1,Permintaan Tinggi,39.64,10.55,0.2661,11.2,11.2,28.44,48
store_13,item_14,1,Permintaan Tinggi,33.92,8.31,0.2451,9.07,9.11,24.85,45
store_13,item_15,0,Permintaan Rendah,15.77,4.69,0.2972,-4.47,4.81,20.23,40
store_13,item_16,0,Permintaan Rendah,10.15,3.41,0.3359,-13.13,13.13,23.28,43
store_13,item_17,1,Permintaan Tinggi,34.5,9.24,0.2678,8.74,8.74,25.76,46
store_13,item_18,1,Permintaan Tinggi,31.58,9.24,0.2926,8.47,8.47,23.11,43
store_13,item_19,1,Permintaan Tinggi,31.42,7.8,0.2481,7.51,7.52,23.91,44
store_13,item_2,0,Permintaan Rendah,20.04,5.76,0.2876,-4.79,4.96,24.83,45
store_13,item_20,1,Permintaan Tinggi,33.07,8.88,0.2686,13.04,13.04,20.03,40
store_13,item_21,0,Permintaan Rendah,12.35,3.92,0.3173,-9.58,9.58,21.93,42
store_13,item_22,0,Permintaan Rendah,20.45,5.33,0.2606,-3.87,4.34,24.32,44
store_13,item_23,1,Permintaan Tinggi,37.84,8.81,0.2328,16.36,16.36,21.48,41
store_13,item_24,0,Permintaan Rendah,13.38,4.29,0.3204,-5.31,5.53,18.69,39
store_13,item_25,1,Permintaan Tinggi,36.02,9.12,0.2532,9.98,9.98,26.04,46
store_13,item_26,1,Permintaan Tinggi,28.34,6.54,0.2309,4.28,4.59,24.05,44
store_13,item_27,0,Permintaan Rendah,19.6,5.11,0.2608,-3.33,3.77,22.93,43
store_13,item_28,0,Permintaan Rendah,12.3,4.11,0.334,-14.41,14.41,26.71,47
store_13,item_29,0,Permintaan Rendah,19.73,5.68,0.288,-4.09,4.29,23.82,44
store_13,item_3,0,Permintaan Rendah,21.31,5.14,0.2411,-1.62,2.75,22.93,43
store_13,item_30,0,Permintaan Rendah,19.75,5.48,0.2774,-5.15,5.28,24.9,45
store_13,item_31,1,Permintaan Tinggi,32.05,8.03,0.2505,6.27,6.33,25.78,46
store_13,item_32,1,Permintaan Tinggi,28.52,7.68,0.2694,4.81,5.08,23.71,44
store_13,item_33,1,Permintaan Tinggi,36.52,8.53,0.2337,11.27,11.28,25.25,45
store_13,item_34,1,Permintaan Tinggi,38.1,9.86,0.2589,12.43,12.43,25.67,46
store_13,item_35,0,Permintaan Rendah,24.96,6.65,0.2664,1.19,3.04,23.77,44
store_13,item_36,0,Permintaan Rendah,13.26,4.01,0.3024,-10.7,10.7,23.95,44
store_13,item_37,1,Permintaan Tinggi,31.43,7.21,0.2293,11.49,11.49,19.94,40
store_13,item_38,1,Permintaan Tinggi,33.29,8.99,0.2702,7.43,7.48,25.87,46
store_13,item_39,0,Permintaan Rendah,27.36,7.28,0.2659,3.06,3.66,24.31,44
store_13,item_4,0,Permintaan Rendah,17.97,5.15,0.2863,-5.6,5.72,23.57,43
store_13,item_40,1,Permintaan Tinggi,33.38,7.9,0.2368,9.66,9.68,23.72,44
store_13,item_41,0,Permintaan Rendah,24.45,6.28,0.2567,1.45,2.73,23.0,43
store_13,item_42,0,Permintaan Rendah,25.6,6.31,0.2466,3.36,3.68,22.24,42
store_13,item_43,0,Permintaan Rendah,23.07,6.16,0.267,-1.77,2.92,24.84,45
store_13,item_44,0,Permintaan Rendah,10.47,3.97,0.3794,-10.26,10.26,20.74,41
store_13,item_45,1,Permintaan Tinggi,27.74,7.25,0.2614,1.48,2.98,26.26,46
store_13,item_46,0,Permintaan Rendah,13.58,4.63,0.3412,-11.47,11.47,25.06,45
store_13,item_47,1,Permintaan Tinggi,37.93,9.89,0.2607,11.65,11.65,26.28,46
store_13,item_48,0,Permintaan Rendah,12.42,4.24,0.3412,-11.11,11.11,23.53,43
store_13,item_49,0,Permintaan Rendah,15.86,4.95,0.3124,-3.29,3.81,19.15,39
store_13,item_5,1,Permintaan Tinggi,34.11,8.01,0.2349,10.15,10.15,23.96,44
store_13,item_50,0,Permintaan Rendah,11.08,3.87,0.3493,-10.65,10.69,21.73,42
store_13,item_6,0,Permintaan Rendah,20.97,5.81,0.277,-6.37,6.45,27.34,47
store_13,item_7,0,Permintaan Rendah,18.51,5.19,0.2806,-6.36,6.37,24.87,45
store_13,item_8,0,Permintaan Rendah,26.48,6.58,0.2485,1.84,3.21,24.64,44
store_13,item_9,0,Permintaan Rendah,13.95,4.24,0.304,-6.04,6.11,19.98,40
store_14,item_1,1,Permintaan Tinggi,45.21,11.64,0.2574,19.96,19.96,25.25,45
store_14,item_10,1,Permintaan Tinggi,38.46,9.52,0.2476,16.76,16.76,21.7,42
store_14,item_11,0,Permintaan Rendah,13.83,4.38,0.3167,-7.12,7.16,20.95,41
store_14,item_12,1,Permintaan Tinggi,38.18,9.03,0.2366,13.15,13.15,25.02,45
store_14,item_13,1,Permintaan Tinggi,46.74,12.77,0.2731,21.25,21.25,25.5,45
store_14,item_14,1,Permintaan Tinggi,37.95,9.12,0.2403,15.0,15.0,22.95,43
store_14,item_15,0,Permintaan Rendah,18.32,5.53,0.302,-2.84,3.63,21.15,41
store_14,item_16,0,Permintaan Rendah,11.86,4.16,0.3505,-16.91,16.91,28.78,49
store_14,item_17,1,Permintaan Tinggi,38.95,9.65,0.2478,18.0,18.0,20.95,41
store_14,item_18,1,Permintaan Tinggi,35.27,8.58,0.2432,9.94,9.96,25.33,45
store_14,item_19,1,Permintaan Tinggi,36.65,8.61,0.2348,14.09,14.09,22.56,42
store_14,item_2,0,Permintaan Rendah,22.22,5.45,0.2453,0.46,2.42,21.76,42
store_14,item_20,1,Permintaan Tinggi,38.03,9.46,0.2488,11.79,11.8,26.24,46
store_14,item_21,0,Permintaan Rendah,13.71,4.6,0.3357,-9.03,9.05,22.74,43
store_14,item_22,0,Permintaan Rendah,23.79,6.47,0.272,3.05,3.61,20.74,41
store_14,item_23,1,Permintaan Tinggi,42.99,9.24,0.2149,18.04,18.04,24.96,45
store_14,item_24,0,Permintaan Rendah,15.16,4.65,0.3065,-4.11,4.54,19.27,39
store_14,item_25,1,Permintaan Tinggi,41.03,9.81,0.2392,16.28,16.28,24.74,45
store_14,item_26,1,Permintaan Tinggi,32.68,8.46,0.2589,7.37,7.41,25.31,45
store_14,item_27,0,Permintaan Rendah,22.7,5.93,0.2612,-1.88,3.03,24.58,44
store_14,item_28,0,Permintaan Rendah,13.54,4.69,0.3461,-11.45,11.45,24.99,45
store_14,item_29,0,Permintaan Rendah,22.16,6.19,0.2795,-2.22,3.13,24.37,44
store_14,item_3,0,Permintaan Rendah,24.59,5.97,0.2429,-0.54,2.72,25.13,45
store_14,item_30,0,Permintaan Rendah,22.57,5.82,0.2578,0.68,2.58,21.88,42
store_14,item_31,1,Permintaan Tinggi,36.11,8.66,0.2397,12.82,12.82,23.29,43
store_14,item_32,1,Permintaan Tinggi,32.42,7.52,0.2319,8.4,8.44,24.02,44
store_14,item_33,1,Permintaan Tinggi,42.25,10.05,0.2379,16.34,16.34,25.91,46
store_14,item_34,1,Permintaan Tinggi,42.32,10.73,0.2534,17.35,17.35,24.97,45
store_14,item_35,0,Permintaan Rendah,27.6,7.93,0.2874,3.05,3.73,24.55,44
store_14,item_36,0,Permintaan Rendah,15.7,5.27,0.3358,-4.71,4.98,20.41,40
store_14,item_37,1,Permintaan Tinggi,36.12,9.04,0.2502,11.86,11.86,24.26,44
store_14,item_38,1,Permintaan Tinggi,36.43,8.01,0.2198,12.24,12.24,24.19,44
store_14,item_39,1,Permintaan Tinggi,31.15,7.9,0.2537,6.88,6.91,24.27,44
store_14,item_4,0,Permintaan Rendah,20.15,5.14,0.2553,-2.98,3.59,23.12,43
store_14,item_40,1,Permintaan Tinggi,37.86,9.2,0.243,14.06,14.06,23.8,44
store_14,item_41,1,Permintaan Tinggi,27.9,6.6,0.2367,4.61,4.75,23.29,43
store_14,item_42,1,Permintaan Tinggi,29.4,8.28,0.2815,3.07,3.8,26.33,46
store_14,item_43,0,Permintaan Rendah,25.7,6.9,0.2685,-0.23,2.39,25.93,46
store_14,item_44,0,Permintaan Rendah,12.54,4.3,0.343,-7.21,7.28,19.75,40
store_14,item_45,1,Permintaan Tinggi,31.64,7.4,0.2339,5.78,5.82,25.86,46
store_14,item_46,0,Permintaan Rendah,15.24,4.84,0.3173,-10.72,10.72,25.96,46
store_14,item_47,1,Permintaan Tinggi,42.34,10.16,0.2401,15.36,15.36,26.98,47
store_14,item_48,0,Permintaan Rendah,14.73,4.98,0.338,-10.22,10.22,24.95,45
store_14,item_49,0,Permintaan Rendah,18.17,5.47,0.3012,-5.4,5.49,23.57,43
store_14,item_5,1,Permintaan Tinggi,39.93,10.5,0.263,11.29,11.3,28.64,48
store_14,item_50,0,Permintaan Rendah,13.3,3.87,0.2907,-6.72,6.79,20.02,40
store_14,item_6,0,Permintaan Rendah,23.67,6.03,0.2549,1.41,2.82,22.26,42
store_14,item_7,0,Permintaan Rendah,20.83,5.36,0.2575,-3.95,4.25,24.78,45
store_14,item_8,1,Permintaan Tinggi,29.36,7.29,0.2484,3.27,3.85,26.09,46
store_14,item_9,0,Permintaan Rendah,16.83,5.2,0.3089,-10.33,10.33,27.16,47
store_15,item_1,1,Permintaan Tinggi,36.64,9.33,0.2547,10.69,10.69,25.95,46
store_15,item_10,1,Permintaan Tinggi,31.82,7.78,0.2444,6.48,6.64,25.33,45
store_15,item_11,0,Permintaan Rendah,11.51,4.21,0.3659,-10.03,10.05,21.54,41
store_15,item_12,1,Permintaan Tinggi,31.45,7.89,0.2509,10.39,10.4,21.05,41
store_15,item_13,1,Permintaan Tinggi,36.85,9.07,0.2461,11.99,11.99,24.86,45
store_15,item_14,1,Permintaan Tinggi,31.26,7.56,0.2419,6.98,7.0,24.28,44
store_15,item_15,0,Permintaan Rendah,15.17,4.68,0.3085,-6.95,6.99,22.12,42
store_15,item_16,0,Permintaan Rendah,9.24,3.86,0.4175,-11.35,11.35,20.59,40
store_15,item_17,1,Permintaan Tinggi,31.97,7.84,0.2453,10.45,10.45,21.52,41
store_15,item_18,1,Permintaan Tinggi,29.58,7.35,0.2486,5.9,5.91,23.67,44
store_15,item_19,1,Permintaan Tinggi,30.07,7.63,0.2537,5.0,5.15,25.07,45
store_15,item_2,0,Permintaan Rendah,18.41,5.42,0.2943,-0.91,2.97,19.32,39
store_15,item_20,1,Permintaan Tinggi,31.45,8.19,0.2606,8.09,8.09,23.36,43
store_15,item_21,0,Permintaan Rendah,11.08,3.84,0.3462,-9.28,9.28,20.36,40
store_15,item_22,0,Permintaan Rendah,19.25,5.15,0.2676,-1.86,2.84,21.11,41
store_15,item_23,1,Permintaan Tinggi,36.3,9.55,0.263,13.42,13.42,22.88,43
store_15,item_24,0,Permintaan Rendah,12.24,4.23,0.3451,-9.66,9.69,21.91,42
store_15,item_25,1,Permintaan Tinggi,32.99,8.45,0.256,6.93,7.11,26.06,46
store_15,item_26,0,Permintaan Rendah,26.55,7.64,0.2877,5.1,5.24,21.45,41
store_15,item_27,0,Permintaan Rendah,18.15,4.99,0.275,-4.93,5.13,23.08,43
store_15,item_28,0,Permintaan Rendah,10.83,4.06,0.3749,-12.71,12.71,23.54,43
store_15,item_29,0,Permintaan Rendah,17.9,4.85,0.2708,-8.91,8.91,26.81,47
store_15,item_3,0,Permintaan Rendah,20.38,6.29,0.3086,1.11,2.76,19.27,39
store_15,item_30,0,Permintaan Rendah,18.15,5.46,0.301,-8.92,8.92,27.07,47
store_15,item_31,1,Permintaan Tinggi,29.98,8.13,0.2711,5.99,6.17,23.99,44
store_15,item_32,0,Permintaan Rendah,27.11,7.22,0.2664,4.22,4.57,22.89,43
store_15,item_33,1,Permintaan Tinggi,34.02,7.97,0.2343,11.77,11.77,22.25,42
store_15,item_34,1,Permintaan Tinggi,34.96,9.15,0.2618,12.23,12.23,22.73,43
store_15,item_35,0,Permintaan Rendah,22.78,6.06,0.266,0.58,2.67,22.2,42
store_15,item_36,0,Permintaan Rendah,12.72,3.97,0.3123,-11.11,11.11,23.84,44
store_15,item_37,1,Permintaan Tinggi,29.46,7.66,0.2599,7.03,7.1,22.43,42
store_15,item_38,1,Permintaan Tinggi,30.16,7.95,0.2636,10.89,10.89,19.28,39
store_15,item_39,0,Permintaan Rendah,24.53,6.32,0.2576,2.91,3.57,21.62,41
store_15,item_4,0,Permintaan Rendah,16.73,4.82,0.288,-5.87,5.89,22.6,42
store_15,item_40,1,Permintaan Tinggi,30.66,7.11,0.2318,5.05,5.3,25.61,45
store_15,item_41,0,Permintaan Rendah,23.26,6.02,0.2586,-0.44,2.82,23.7,44
store_15,item_42,0,Permintaan Rendah,24.38,6.62,0.2715,1.62,2.88,22.76,43
store_15,item_43,0,Permintaan Rendah,20.89,5.7,0.2726,-2.01,2.93,22.9,43
store_15,item_44,0,Permintaan Rendah,10.01,3.54,0.3534,-13.96,13.96,23.97,44
store_15,item_45,0,Permintaan Rendah,25.94,6.9,0.2661,4.83,5.04,21.11,41
store_15,item_46,0,Permintaan Rendah,11.84,4.24,0.358,-10.19,10.21,22.03,42
store_15,item_47,1,Permintaan Tinggi,34.56,7.62,0.2205,10.78,10.78,23.78,44
store_15,item_48,0,Permintaan Rendah,11.8,4.27,0.3613,-11.99,11.99,23.79,44
store_15,item_49,0,Permintaan Rendah,14.9,4.85,0.3253,-8.4,8.4,23.31,43
store_15,item_5,1,Permintaan Tinggi,32.55,8.13,0.2498,7.05,7.13,25.5,45
store_15,item_50,0,Permintaan Rendah,10.72,3.93,0.3667,-13.34,13.34,24.07,44
store_15,item_6,0,Permintaan Rendah,19.03,5.14,0.2701,-5.34,5.48,24.38,44
store_15,item_7,0,Permintaan Rendah,16.96,4.8,0.2832,-6.26,6.38,23.22,43
store_15,item_8,0,Permintaan Rendah,24.57,6.99,0.2845,1.93,2.98,22.64,42
store_15,item_9,0,Permintaan Rendah,13.47,4.07,0.3024,-10.67,10.69,24.14,44
store_16,item_1,1,Permintaan Tinggi,38.7,9.58,0.2474,13.51,13.51,25.19,45
store_16,item_10,1,Permintaan Tinggi,33.69,7.92,0.2351,11.93,11.93,21.76,42
store_16,item_11,0,Permintaan Rendah,12.47,4.48,0.3596,-5.42,5.57,17.89,38
store_16,item_12,1,Permintaan Tinggi,32.93,8.26,0.2509,7.27,7.36,25.67,46
store_16,item_13,1,Permintaan Tinggi,39.05,9.24,0.2366,17.04,17.04,22.01,42
store_16,item_14,1,Permintaan Tinggi,33.42,8.76,0.262,11.53,11.53,21.88,42
store_16,item_15,0,Permintaan Rendah,15.98,4.97,0.3112,-5.98,6.03,21.96,42
store_16,item_16,0,Permintaan Rendah,9.97,3.94,0.3951,-15.05,15.05,25.03,45
store_16,item_17,1,Permintaan Tinggi,34.61,9.27,0.268,10.88,10.88,23.73,44
store_16,item_18,1,Permintaan Tinggi,31.65,7.91,0.2498,8.34,8.34,23.31,43
store_16,item_19,1,Permintaan Tinggi,32.0,7.83,0.2448,9.36,9.37,22.64,43
store_16,item_2,0,Permintaan Rendah,20.09,5.16,0.2568,-3.09,3.51,23.18,43
store_16,item_20,1,Permintaan Tinggi,33.74,8.01,0.2372,8.1,8.22,25.65,46
store_16,item_21,0,Permintaan Rendah,11.66,4.41,0.3781,-6.9,7.04,18.57,38
store_16,item_22,0,Permintaan Rendah,20.86,6.19,0.2968,0.27,3.12,20.59,40
store_16,item_23,1,Permintaan Tinggi,38.04,9.62,0.2528,15.87,15.87,22.18,42
store_16,item_24,0,Permintaan Rendah,13.87,4.43,0.3195,-9.03,9.03,22.9,43
store_16,item_25,1,Permintaan Tinggi,36.35,9.35,0.2573,14.01,14.01,22.34,42
store_16,item_26,1,Permintaan Tinggi,28.71,7.42,0.2584,6.08,6.2,22.64,42
store_16,item_27,0,Permintaan Rendah,20.21,5.78,0.2859,-4.89,5.13,25.11,45
store_16,item_28,0,Permintaan Rendah,12.01,4.34,0.3611,-10.87,10.87,22.89,43
store_16,item_29,0,Permintaan Rendah,19.4,5.21,0.2684,-4.39,4.68,23.79,44
store_16,item_3,0,Permintaan Rendah,22.1,5.54,0.2508,-0.39,2.53,22.5,42
store_16,item_30,0,Permintaan Rendah,19.7,5.41,0.2745,-5.68,5.87,25.37,45
store_16,item_31,1,Permintaan Tinggi,32.04,8.63,0.2692,6.97,7.11,25.07,45
store_16,item_32,1,Permintaan Tinggi,29.42,7.19,0.2443,3.12,3.81,26.3,46
store_16,item_33,1,Permintaan Tinggi,37.47,10.09,0.2693,11.77,11.77,25.7,46
store_16,item_34,1,Permintaan Tinggi,36.72,9.09,0.2475,13.45,13.45,23.27,43
store_16,item_35,0,Permintaan Rendah,24.25,6.59,0.2719,0.56,2.47,23.69,44
store_16,item_36,0,Permintaan Rendah,13.75,4.5,0.3273,-6.69,6.74,20.44,40
store_16,item_37,1,Permintaan Tinggi,31.95,7.72,0.2416,5.85,5.9,26.09,46
store_16,item_38,1,Permintaan Tinggi,32.14,7.59,0.236,13.87,13.87,18.27,38
store_16,item_39,0,Permintaan Rendah,26.69,6.49,0.2431,1.27,2.76,25.42,45
store_16,item_4,0,Permintaan Rendah,18.35,5.94,0.3236,-5.09,5.21,23.44,43
store_16,item_40,1,Permintaan Tinggi,32.94,8.72,0.2648,11.3,11.3,21.64,42
store_16,item_41,0,Permintaan Rendah,25.15,5.87,0.2336,-0.62,2.57,25.77,46
store_16,item_42,0,Permintaan Rendah,25.31,6.65,0.2627,3.38,3.97,21.93,42
store_16,item_43,0,Permintaan Rendah,23.1,6.1,0.264,2.91,3.53,20.19,40
store_16,item_44,0,Permintaan Rendah,11.15,3.82,0.3421,-8.31,8.36,19.46,39
store_16,item_45,0,Permintaan Rendah,28.24,7.75,0.2744,6.96,6.97,21.28,41
store_16,item_46,0,Permintaan Rendah,13.52,4.27,0.3158,-10.56,10.56,24.09,44
store_16,item_47,1,Permintaan Tinggi,38.02,9.72,0.2557,13.66,13.66,24.35,44
store_16,item_48,0,Permintaan Rendah,12.92,4.55,0.3521,-7.64,7.64,20.57,40
store_16,item_49,0,Permintaan Rendah,15.77,4.47,0.2834,-7.43,7.46,23.2,43
store_16,item_5,1,Permintaan Tinggi,34.22,8.32,0.2432,10.93,10.96,23.28,43
store_16,item_50,0,Permintaan Rendah,11.53,4.12,0.3573,-11.88,11.88,23.42,43
store_16,item_6,0,Permintaan Rendah,20.78,6.13,0.2949,-4.58,4.83,25.36,45
store_16,item_7,0,Permintaan Rendah,18.37,5.14,0.2796,-1.5,2.77,19.87,40
store_16,item_8,0,Permintaan Rendah,25.95,6.79,0.2615,4.22,4.47,21.74,42
store_16,item_9,0,Permintaan Rendah,14.89,4.42,0.2971,-3.82,4.16,18.71,39
store_17,item_1,1,Permintaan Tinggi,40.08,8.48,0.2117,15.79,15.79,24.29,44
store_17,item_10,1,Permintaan Tinggi,34.7,8.51,0.2453,10.98,10.98,23.72,44
store_17,item_11,0,Permintaan Rendah,12.33,3.71,0.3006,-11.07,11.07,23.4,43
store_17,item_12,1,Permintaan Tinggi,34.54,8.71,0.2522,8.74,8.79,25.8,46
store_17,item_13,1,Permintaan Tinggi,41.06,9.61,0.234,16.11,16.11,24.95,45
store_17,item_14,1,Permintaan Tinggi,33.8,8.5,0.2514,12.1,12.1,21.7,42
store_17,item_15,0,Permintaan Rendah,16.36,4.79,0.2929,-4.51,4.95,20.87,41
store_17,item_16,0,Permintaan Rendah,10.51,3.68,0.3504,-11.52,11.52,22.03,42
store_17,item_17,1,Permintaan Tinggi,35.29,8.14,0.2306,14.8,14.8,20.49,40
store_17,item_18,1,Permintaan Tinggi,32.19,8.44,0.2622,6.18,6.24,26.01,46
store_17,item_19,1,Permintaan Tinggi,32.98,7.95,0.2409,7.74,7.8,25.24,45
store_17,item_2,0,Permintaan Rendah,20.16,5.52,0.2737,-1.39,2.69,21.55,41
store_17,item_20,1,Permintaan Tinggi,34.1,8.3,0.2433,8.75,8.8,25.35,45
store_17,item_21,0,Permintaan Rendah,12.76,4.74,0.3713,-10.42,10.42,23.18,43
store_17,item_22,0,Permintaan Rendah,21.43,5.94,0.2773,1.1,2.86,20.33,40
store_17,item_23,1,Permintaan Tinggi,39.34,8.73,0.222,16.78,16.78,22.55,42
store_17,item_24,0,Permintaan Rendah,13.59,4.52,0.3323,-7.24,7.26,20.83,41
store_17,item_25,1,Permintaan Tinggi,37.62,9.51,0.2527,15.45,15.45,22.17,42
store_17,item_26,1,Permintaan Tinggi,29.12,7.01,0.2405,6.19,6.21,22.94,43
store_17,item_27,0,Permintaan Rendah,20.43,5.31,0.2596,-1.07,2.6,21.51,41
store_17,item_28,0,Permintaan Rendah,12.09,3.89,0.3217,-12.46,12.46,24.55,44
store_17,item_29,0,Permintaan Rendah,20.15,5.46,0.271,-0.73,2.69,20.88,41
store_17,item_3,0,Permintaan Rendah,22.13,5.53,0.2497,-0.85,2.36,22.98,43
store_17,item_30,0,Permintaan Rendah,20.84,6.14,0.2944,-0.46,2.55,21.3,41
store_17,item_31,1,Permintaan Tinggi,33.01,8.32,0.2521,7.62,7.72,25.39,45
store_17,item_32,1,Permintaan Tinggi,29.6,7.57,0.2556,3.94,4.45,25.66,46
store_17,item_33,1,Permintaan Tinggi,37.37,9.89,0.2646,15.54,15.54,21.83,42
store_17,item_34,1,Permintaan Tinggi,37.93,9.37,0.2471,13.18,13.18,24.75,45
store_17,item_35,0,Permintaan Rendah,24.85,6.24,0.2512,2.34,3.4,22.51,42
store_17,item_36,0,Permintaan Rendah,13.72,4.21,0.3066,-6.55,6.6,20.28,40
store_17,item_37,1,Permintaan Tinggi,31.37,6.91,0.2202,7.71,7.71,23.66,44
store_17,item_38,1,Permintaan Tinggi,33.11,7.92,0.2393,6.77,6.8,26.34,46
store_17,item_39,0,Permintaan Rendah,27.72,6.48,0.2339,6.49,6.51,21.23,41
store_17,item_4,0,Permintaan Rendah,18.97,5.47,0.2884,1.97,3.41,17.0,37
store_17,item_40,1,Permintaan Tinggi,34.45,8.25,0.2396,11.68,11.7,22.77,43
store_17,item_41,0,Permintaan Rendah,25.8,6.11,0.2368,1.26,2.58,24.54,44
store_17,item_42,0,Permintaan Rendah,26.7,6.64,0.2489,3.37,3.81,23.32,43
store_17,item_43,0,Permintaan Rendah,24.0,5.95,0.2478,-0.31,2.38,24.31,44
store_17,item_44,0,Permintaan Rendah,10.62,3.73,0.3513,-16.59,16.59,27.21,47
store_17,item_45,1,Permintaan Tinggi,28.63,7.77,0.2713,6.29,6.41,22.34,42
store_17,item_46,0,Permintaan Rendah,13.55,4.38,0.323,-8.92,8.94,22.47,42
store_17,item_47,1,Permintaan Tinggi,39.07,8.67,0.2219,15.67,15.67,23.39,43
store_17,item_48,0,Permintaan Rendah,13.13,4.37,0.3326,-9.05,9.06,22.18,42
store_17,item_49,0,Permintaan Rendah,16.36,5.17,0.3161,-7.31,7.43,23.67,44
store_17,item_5,1,Permintaan Tinggi,36.87,9.59,0.26,13.26,13.26,23.61,43
store_17,item_50,0,Permintaan Rendah,12.08,3.96,0.3279,-7.8,7.84,19.88,40
store_17,item_6,0,Permintaan Rendah,20.77,5.71,0.2751,-2.34,3.23,23.11,43
store_17,item_7,0,Permintaan Rendah,19.2,5.67,0.2956,-4.48,4.77,23.68,44
store_17,item_8,0,Permintaan Rendah,26.6,7.2,0.2706,7.35,7.41,19.25,39
store_17,item_9,0,Permintaan Rendah,14.41,4.68,0.3245,-5.13,5.46,19.54,39
store_18,item_1,1,Permintaan Tinggi,40.99,8.98,0.219,16.87,16.87,24.11,44
store_18,item_10,1,Permintaan Tinggi,36.23,8.2,0.2263,15.67,15.67,20.56,40
store_18,item_11,0,Permintaan Rendah,12.94,3.92,0.3032,-10.11,10.11,23.05,43
store_18,item_12,1,Permintaan Tinggi,35.74,8.66,0.2423,10.07,10.09,25.67,46
store_18,item_13,1,Permintaan Tinggi,41.92,8.89,0.212,19.61,19.61,22.31,42
store_18,item_14,1,Permintaan Tinggi,35.49,8.88,0.2502,10.6,10.61,24.89,45
store_18,item_15,0,Permintaan Rendah,17.03,4.84,0.2844,-7.97,7.97,25.0,45
store_18,item_16,0,Permintaan Rendah,10.8,4.29,0.397,-11.52,11.52,22.32,42
store_18,item_17,1,Permintaan Tinggi,36.77,8.45,0.2298,16.15,16.15,20.62,40
store_18,item_18,1,Permintaan Tinggi,33.44,8.17,0.2444,10.41,10.41,23.04,43
store_18,item_19,1,Permintaan Tinggi,33.82,8.52,0.252,7.61,7.63,26.21,46
store_18,item_2,0,Permintaan Rendah,21.24,5.96,0.2805,-1.61,2.85,22.85,43
store_18,item_20,1,Permintaan Tinggi,35.92,9.56,0.2662,15.31,15.31,20.61,40
store_18,item_21,0,Permintaan Rendah,13.36,4.11,0.3078,-9.98,9.98,23.33,43
store_18,item_22,0,Permintaan Rendah,22.03,5.8,0.2634,-1.44,3.0,23.47,43
store_18,item_23,1,Permintaan Tinggi,41.47,9.91,0.239,16.91,16.91,24.56,44
store_18,item_24,0,Permintaan Rendah,15.03,4.82,0.3209,-6.59,6.69,21.62,41
store_18,item_25,1,Permintaan Tinggi,37.8,9.06,0.2397,12.16,12.16,25.65,46
store_18,item_26,1,Permintaan Tinggi,30.35,7.99,0.2634,7.1,7.12,23.26,43
store_18,item_27,0,Permintaan Rendah,21.26,6.1,0.287,0.1,2.55,21.15,41
store_18,item_28,0,Permintaan Rendah,12.83,4.09,0.319,-10.11,10.11,22.94,43
store_18,item_29,0,Permintaan Rendah,20.74,5.93,0.2857,-0.58,2.88,21.33,41
store_18,item_3,0,Permintaan Rendah,23.47,6.36,0.271,0.15,2.74,23.31,43
store_18,item_30,0,Permintaan Rendah,20.81,5.84,0.2805,-1.95,2.97,22.76,43
store_18,item_31,1,Permintaan Tinggi,34.07,7.89,0.2317,9.56,9.59,24.51,44
store_18,item_32,1,Permintaan Tinggi,31.19,7.34,0.2354,3.74,4.36,27.45,47
store_18,item_33,1,Permintaan Tinggi,38.56,9.2,0.2385,13.69,13.69,24.87,45
store_18,item_34,1,Permintaan Tinggi,39.78,9.93,0.2496,14.87,14.87,24.91,45
store_18,item_35,0,Permintaan Rendah,25.63,6.98,0.2724,4.48,4.85,21.15,41
store_18,item_36,0,Permintaan Rendah,14.16,4.63,0.3271,-7.34,7.36,21.5,41
store_18,item_37,1,Permintaan Tinggi,33.56,8.26,0.246,9.83,9.83,23.73,44
store_18,item_38,1,Permintaan Tinggi,34.95,8.39,0.24,10.22,10.22,24.73,45
store_18,item_39,1,Permintaan Tinggi,28.93,7.23,0.2498,3.12,3.79,25.82,46
store_18,item_4,0,Permintaan Rendah,19.47,5.56,0.2855,-3.29,3.85,22.77,43
store_18,item_40,1,Permintaan Tinggi,35.88,9.03,0.2517,10.27,10.27,25.61,45
store_18,item_41,0,Permintaan Rendah,26.72,7.66,0.2865,4.83,5.07,21.9,42
store_18,item_42,1,Permintaan Tinggi,28.15,7.35,0.2611,3.15,3.66,25.0,45
store_18,item_43,0,Permintaan Rendah,24.49,6.37,0.2599,-2.16,3.23,26.65,47
store_18,item_44,0,Permintaan Rendah,11.24,4.21,0.3747,-15.28,15.28,26.52,46
store_18,item_45,1,Permintaan Tinggi,29.95,8.08,0.2697,6.28,6.41,23.66,44
store_18,item_46,0,Permintaan Rendah,14.54,4.44,0.3052,-9.96,9.96,24.5,44
store_18,item_47,1,Permintaan Tinggi,39.8,9.02,0.2267,15.98,15.98,23.82,44
store_18,item_48,0,Permintaan Rendah,13.64,4.26,0.3123,-7.94,7.96,21.58,41
store_18,item_49,0,Permintaan Rendah,16.78,4.8,0.2863,-5.56,5.71,22.34,42
store_18,item_5,1,Permintaan Tinggi,37.54,8.68,0.2313,11.34,11.34,26.19,46
store_18,item_50,0,Permintaan Rendah,12.26,4.14,0.3378,-12.41,12.41,24.67,45
store_18,item_6,0,Permintaan Rendah,22.28,6.11,0.2743,-0.99,2.74,23.28,43
store_18,item_7,0,Permintaan Rendah,20.45,5.44,0.2659,-2.81,3.53,23.26,43
store_18,item_8,0,Permintaan Rendah,28.21,7.25,0.2568,6.4,6.52,21.82,42
store_18,item_9,0,Permintaan Rendah,15.29,4.8,0.3136,-4.6,4.9,19.89,40
store_19,item_1,1,Permintaan Tinggi,46.83,11.38,0.243,19.25,19.25,27.58,47
store_19,item_10,1,Permintaan Tinggi,40.89,9.34,0.2284,13.15,13.17,27.73,48
store_19,item_11,0,Permintaan Rendah,14.99,5.0,0.3338,-10.07,10.07,25.05,45
store_19,item_12,1,Permintaan Tinggi,40.21,9.83,0.2444,15.39,15.39,24.82,45
store_19,item_13,1,Permintaan Tinggi,47.5,11.4,0.2401,22.14,22.14,25.36,45
store_19,item_14,1,Permintaan Tinggi,40.77,10.79,0.2647,17.88,17.88,22.88,43
store_19,item_15,0,Permintaan Rendah,19.46,5.49,0.282,-4.25,4.44,23.71,44
store_19,item_16,0,Permintaan Rendah,12.77,4.71,0.3685,-7.41,7.42,20.18,40
store_19,item_17,1,Permintaan Tinggi,41.64,9.89,0.2375,12.4,12.4,29.24,49
store_19,item_18,1,Permintaan Tinggi,37.25,9.15,0.2457,13.41,13.41,23.84,44
store_19,item_19,1,Permintaan Tinggi,39.15,9.76,0.2494,14.89,14.89,24.26,44
store_19,item_2,0,Permintaan Rendah,24.02,5.73,0.2387,-2.72,3.31,26.74,47
store_19,item_20,1,Permintaan Tinggi,40.26,9.12,0.2266,13.58,13.58,26.67,47
store_19,item_21,0,Permintaan Rendah,14.91,4.94,0.331,-5.0,5.38,19.92,40
store_19,item_22,0,Permintaan Rendah,24.73,6.26,0.2531,0.72,2.7,24.01,44
store_19,item_23,1,Permintaan Tinggi,46.41,10.78,0.2323,20.96,20.96,25.45,45
store_19,item_24,0,Permintaan Rendah,16.1,4.35,0.2702,-1.5,2.93,17.59,37
store_19,item_25,1,Permintaan Tinggi,43.77,11.92,0.2723,20.43,20.43,23.35,43
store_19,item_26,1,Permintaan Tinggi,35.13,8.5,0.2419,10.02,10.02,25.11,45
store_19,item_27,0,Permintaan Rendah,24.29,5.9,0.2429,4.44,4.66,19.86,40
store_19,item_28,0,Permintaan Rendah,14.31,4.61,0.3225,-7.91,7.93,22.22,42
store_19,item_29,0,Permintaan Rendah,23.58,6.03,0.2556,-3.08,3.73,26.66,47
store_19,item_3,0,Permintaan Rendah,26.18,6.96,0.2658,2.52,3.32,23.66,44
store_19,item_30,0,Permintaan Rendah,23.97,6.38,0.266,2.8,3.59,21.17,41
store_19,item_31,1,Permintaan Tinggi,38.99,9.06,0.2323,10.84,10.84,28.16,48
store_19,item_32,1,Permintaan Tinggi,35.12,9.02,0.2569,8.55,8.56,26.56,46
store_19,item_33,1,Permintaan Tinggi,44.12,11.26,0.2551,16.18,16.18,27.95,48
store_19,item_34,1,Permintaan Tinggi,44.7,10.25,0.2294,16.54,16.54,28.16,48
store_19,item_35,1,Permintaan Tinggi,29.76,7.91,0.2657,6.06,6.21,23.7,44
store_19,item_36,0,Permintaan Rendah,16.4,5.33,0.3251,-9.07,9.07,25.48,45
store_19,item_37,1,Permintaan Tinggi,38.11,9.95,0.261,14.17,14.17,23.93,44
store_19,item_38,1,Permintaan Tinggi,39.5,9.73,0.2463,15.52,15.52,23.98,44
store_19,item_39,1,Permintaan Tinggi,32.43,7.68,0.2368,10.07,10.07,22.36,42
store_19,item_4,0,Permintaan Rendah,21.77,5.42,0.249,-0.49,2.59,22.26,42
store_19,item_40,1,Permintaan Tinggi,40.83,9.62,0.2357,21.48,21.48,19.35,39
store_19,item_41,1,Permintaan Tinggi,30.14,7.18,0.2381,6.14,6.25,24.01,44
store_19,item_42,1,Permintaan Tinggi,31.62,8.84,0.2795,9.05,9.07,22.58,42
store_19,item_43,0,Permintaan Rendah,27.95,7.53,0.2696,6.05,6.17,21.9,42
store_19,item_44,0,Permintaan Rendah,12.82,4.01,0.3132,-8.08,8.08,20.9,41
store_19,item_45,1,Permintaan Tinggi,34.55,8.17,0.2364,7.41,7.44,27.14,47
store_19,item_46,0,Permintaan Rendah,16.41,4.79,0.2917,-7.22,7.24,23.64,43
store_19,item_47,1,Permintaan Tinggi,45.65,12.02,0.2634,18.06,18.06,27.59,47
store_19,item_48,0,Permintaan Rendah,15.05,4.82,0.3204,-8.83,8.85,23.88,44
store_19,item_49,0,Permintaan Rendah,18.77,5.44,0.2901,-2.42,3.34,21.19,41
store_19,item_5,1,Permintaan Tinggi,42.18,10.1,0.2396,17.53,17.53,24.65,45
store_19,item_50,0,Permintaan Rendah,13.45,4.38,0.3258,-6.42,6.46,19.87,40
store_19,item_6,0,Permintaan Rendah,25.86,6.74,0.2607,-0.61,2.85,26.46,46
store_19,item_7,0,Permintaan Rendah,22.75,6.42,0.2823,-4.34,4.6,27.09,47
store_19,item_8,1,Permintaan Tinggi,32.52,8.15,0.2506,7.56,7.56,24.95,45
store_19,item_9,0,Permintaan Rendah,17.66,4.77,0.2701,-5.96,6.07,23.62,43
store_2,item_1,1,Permintaan Tinggi,46.35,11.23,0.2422,19.59,19.59,26.76,47
store_2,item_10,1,Permintaan Tinggi,39.77,9.71,0.2442,14.99,14.99,24.78,45
store_2,item_11,0,Permintaan Rendah,14.84,5.13,0.3459,-8.08,8.09,22.92,43
store_2,item_12,1,Permintaan Tinggi,39.53,9.56,0.242,9.08,9.11,30.45,50
store_2,item_13,1,Permintaan Tinggi,46.62,11.22,0.2406,22.36,22.36,24.26,44
store_2,item_14,1,Permintaan Tinggi,39.57,9.44,0.2385,13.81,13.81,25.76,46
store_2,item_15,0,Permintaan Rendah,19.03,5.84,0.3068,-6.55,6.63,25.58,45
store_2,item_16,0,Permintaan Rendah,11.74,4.41,0.3751,-4.51,4.98,16.25,36
store_2,item_17,1,Permintaan Tinggi,40.69,10.2,0.2507,16.3,16.3,24.39,44
store_2,item_18,1,Permintaan Tinggi,37.25,10.08,0.2707,15.21,15.21,22.04,42
store_2,item_19,1,Permintaan Tinggi,38.19,9.6,0.2515,12.5,12.5,25.69,46
store_2,item_2,0,Permintaan Rendah,23.46,6.09,0.2594,-2.12,3.32,25.58,45
store_2,item_20,1,Permintaan Tinggi,39.64,9.75,0.246,15.7,15.7,23.94,44
store_2,item_21,0,Permintaan Rendah,14.32,4.56,0.3186,-9.2,9.22,23.52,43
store_2,item_22,0,Permintaan Rendah,24.03,6.14,0.2554,-0.32,2.79,24.35,44
store_2,item_23,1,Permintaan Tinggi,45.51,11.2,0.246,21.34,21.34,24.16,44
store_2,item_24,0,Permintaan Rendah,16.08,4.94,0.3074,-4.22,4.7,20.3,40
store_2,item_25,1,Permintaan Tinggi,42.83,10.69,0.2495,18.37,18.37,24.47,44
store_2,item_26,1,Permintaan Tinggi,33.27,7.41,0.2226,8.78,8.81,24.49,44
store_2,item_27,0,Permintaan Rendah,23.32,6.11,0.2621,-1.56,3.0,24.88,45
store_2,item_28,0,Permintaan Rendah,14.24,4.49,0.3154,-6.86,6.9,21.1,41
store_2,item_29,0,Permintaan Rendah,23.12,5.96,0.2579,-1.44,2.91,24.56,44
store_2,item_3,0,Permintaan Rendah,25.39,6.17,0.2432,1.78,2.7,23.61,43
store_2,item_30,0,Permintaan Rendah,23.03,6.06,0.2631,-1.22,2.77,24.25,44
store_2,item_31,1,Permintaan Tinggi,37.72,9.79,0.2595,10.42,10.42,27.31,47
store_2,item_32,1,Permintaan Tinggi,34.02,7.96,0.2341,11.32,11.32,22.7,43
store_2,item_33,1,Permintaan Tinggi,43.09,11.6,0.2693,20.1,20.1,22.99,43
store_2,item_34,1,Permintaan Tinggi,43.85,10.59,0.2416,18.53,18.53,25.32,45
store_2,item_35,1,Permintaan Tinggi,29.06,8.07,0.2776,2.79,3.66,26.27,46
store_2,item_36,0,Permintaan Rendah,15.9,4.52,0.2846,-5.14,5.37,21.03,41
store_2,item_37,1,Permintaan Tinggi,36.86,9.15,0.2482,12.63,12.63,24.23,44
store_2,item_38,1,Permintaan Tinggi,38.51,9.83,0.2553,12.65,12.65,25.85,46
store_2,item_39,1,Permintaan Tinggi,32.42,8.41,0.2595,9.61,9.63,22.81,43
store_2,item_4,0,Permintaan Rendah,21.29,5.52,0.2593,0.28,2.44,21.01,41
store_2,item_40,1,Permintaan Tinggi,39.31,10.48,0.2666,13.87,13.87,25.44,45
store_2,item_41,1,Permintaan Tinggi,28.99,7.01,0.2418,6.0,6.08,22.98,43
store_2,item_42,1,Permintaan Tinggi,30.37,6.93,0.2282,6.85,6.91,23.52,43
store_2,item_43,0,Permintaan Rendah,26.8,6.91,0.2577,5.06,5.24,21.74,42
store_2,item_44,0,Permintaan Rendah,12.8,4.32,0.3372,-10.47,10.5,23.27,43
store_2,item_45,1,Permintaan Tinggi,32.91,7.79,0.2366,10.37,10.37,22.54,42
store_2,item_46,0,Permintaan Rendah,15.73,5.31,0.3374,-4.36,4.62,20.1,40
store_2,item_47,1,Permintaan Tinggi,43.49,8.28,0.1904,21.0,21.0,22.49,42
store_2,item_48,0,Permintaan Rendah,15.29,4.42,0.2893,-5.62,5.77,20.92,41
store_2,item_49,0,Permintaan Rendah,18.74,5.46,0.2913,-3.8,4.15,22.54,42
store_2,item_5,1,Permintaan Tinggi,41.4,10.66,0.2574,17.99,17.99,23.41,43
store_2,item_50,0,Permintaan Rendah,13.25,4.27,0.3225,-6.64,6.72,19.89,40
store_2,item_6,0,Permintaan Rendah,24.59,6.24,0.2538,-0.44,2.4,25.03,45
store_2,item_7,0,Permintaan Rendah,21.53,6.11,0.2837,0.44,2.45,21.09,41
store_2,item_8,1,Permintaan Tinggi,30.82,8.25,0.2678,10.89,10.89,19.93,40
store_2,item_9,0,Permintaan Rendah,17.07,4.83,0.2828,-6.37,6.45,23.43,43
store_20,item_1,1,Permintaan Tinggi,37.99,9.44,0.2485,11.68,11.68,26.31,46
store_20,item_10,1,Permintaan Tinggi,32.65,8.39,0.2569,10.39,10.39,22.26,42
store_20,item_11,0,Permintaan Rendah,11.55,3.7,0.3207,-13.06,13.06,24.61,44
store_20,item_12,1,Permintaan Tinggi,31.11,7.03,0.2258,5.96,6.07,25.16,45
store_20,item_13,1,Permintaan Tinggi,38.22,10.31,0.2697,15.26,15.26,22.96,43
store_20,item_14,1,Permintaan Tinggi,31.84,7.26,0.2282,9.07,9.07,22.77,43
store_20,item_15,0,Permintaan Rendah,14.77,4.55,0.3078,-7.65,7.67,22.41,42
store_20,item_16,0,Permintaan Rendah,9.41,4.01,0.426,-13.19,13.19,22.6,42
store_20,item_17,1,Permintaan Tinggi,33.54,9.04,0.2694,7.97,8.04,25.58,45
store_20,item_18,1,Permintaan Tinggi,29.85,7.22,0.2418,2.86,3.74,26.99,47
store_20,item_19,1,Permintaan Tinggi,30.79,7.78,0.2526,6.69,6.73,24.1,44
store_20,item_2,0,Permintaan Rendah,19.16,5.54,0.2893,-1.1,2.86,20.26,40
store_20,item_20,1,Permintaan Tinggi,31.36,7.59,0.242,8.99,9.01,22.37,42
store_20,item_21,0,Permintaan Rendah,12.21,4.38,0.3589,-13.81,13.81,26.02,46
store_20,item_22,0,Permintaan Rendah,20.19,5.61,0.2777,-4.04,4.24,24.23,44
store_20,item_23,1,Permintaan Tinggi,36.72,8.2,0.2233,13.06,13.06,23.65,44
store_20,item_24,0,Permintaan Rendah,12.63,4.52,0.3581,-11.32,11.32,23.95,44
store_20,item_25,1,Permintaan Tinggi,34.98,8.95,0.256,8.58,8.6,26.4,46
store_20,item_26,0,Permintaan Rendah,27.9,7.3,0.2616,5.03,5.16,22.87,43
store_20,item_27,0,Permintaan Rendah,18.97,5.35,0.2821,-1.63,2.91,20.6,40
store_20,item_28,0,Permintaan Rendah,11.7,4.02,0.3435,-9.16,9.16,20.85,41
store_20,item_29,0,Permintaan Rendah,18.24,5.34,0.2927,-7.48,7.51,25.72,46
store_20,item_3,0,Permintaan Rendah,20.78,5.58,0.2687,-1.18,2.8,21.96,42
store_20,item_30,0,Permintaan Rendah,18.77,5.69,0.3031,-2.53,3.21,21.3,41
store_20,item_31,1,Permintaan Tinggi,31.22,8.18,0.262,6.83,6.9,24.39,44
store_20,item_32,1,Permintaan Tinggi,27.7,6.92,0.2497,1.43,3.04,26.27,46
store_20,item_33,1,Permintaan Tinggi,34.81,9.06,0.2602,12.55,12.55,22.26,42
store_20,item_34,1,Permintaan Tinggi,35.39,8.4,0.2374,11.34,11.34,24.05,44
store_20,item_35,0,Permintaan Rendah,22.92,5.7,0.2487,3.25,3.61,19.67,40
store_20,item_36,0,Permintaan Rendah,13.17,4.34,0.3297,-10.9,10.9,24.07,44
store_20,item_37,1,Permintaan Tinggi,29.91,7.97,0.2664,9.21,9.21,20.7,41
store_20,item_38,1,Permintaan Tinggi,31.61,8.07,0.2552,8.57,8.57,23.04,43
store_20,item_39,0,Permintaan Rendah,26.17,6.87,0.2623,4.25,4.48,21.93,42
store_20,item_4,0,Permintaan Rendah,17.6,4.6,0.2611,-3.53,4.11,21.12,41
store_20,item_40,1,Permintaan Tinggi,32.1,8.94,0.2786,5.94,6.07,26.16,46
store_20,item_41,0,Permintaan Rendah,23.62,6.29,0.2663,0.09,2.65,23.53,43
store_20,item_42,0,Permintaan Rendah,24.97,6.52,0.261,6.16,6.25,18.81,39
store_20,item_43,0,Permintaan Rendah,21.37,5.89,0.2755,-2.96,3.47,24.33,44
store_20,item_44,0,Permintaan Rendah,10.55,3.85,0.3652,-11.14,11.14,21.7,42
store_20,item_45,0,Permintaan Rendah,27.13,7.71,0.2842,1.47,3.01,25.66,46
store_20,item_46,0,Permintaan Rendah,12.85,4.32,0.3366,-6.92,7.0,19.77,40
store_20,item_47,1,Permintaan Tinggi,36.82,7.86,0.2135,13.34,13.34,23.49,43
store_20,item_48,0,Permintaan Rendah,11.75,4.03,0.3432,-8.9,8.91,20.65,41
store_20,item_49,0,Permintaan Rendah,15.54,4.73,0.3045,-10.35,10.35,25.9,46
store_20,item_5,1,Permintaan Tinggi,33.14,7.9,0.2383,12.81,12.81,20.33,40
store_20,item_50,0,Permintaan Rendah,11.1,3.54,0.3192,-10.79,10.79,21.88,42
store_20,item_6,0,Permintaan Rendah,19.9,5.64,0.2834,-1.11,2.58,21.01,41
store_20,item_7,0,Permintaan Rendah,17.58,5.48,0.3118,-2.73,3.69,20.31,40
store_20,item_8,0,Permintaan Rendah,24.45,5.83,0.2385,5.27,5.4,19.18,39
store_20,item_9,0,Permintaan Rendah,13.71,3.83,0.279,-11.35,11.35,25.06,45
store_21,item_1,1,Permintaan Tinggi,42.76,9.23,0.2159,21.25,21.25,21.5,41
store_21,item_10,1,Permintaan Tinggi,37.87,9.64,0.2545,10.1,10.11,27.77,48
store_21,item_11,0,Permintaan Rendah,13.38,4.17,0.3117,-11.04,11.04,24.41,44
store_21,item_12,1,Permintaan Tinggi,36.29,8.75,0.2411,11.08,11.09,25.22,45
store_21,item_13,1,Permintaan Tinggi,43.15,10.23,0.2371,23.13,23.13,20.02,40
store_21,item_14,1,Permintaan Tinggi,36.67,8.73,0.2381,14.73,14.73,21.94,42
store_21,item_15,0,Permintaan Rendah,17.69,5.17,0.2924,-5.73,5.81,23.42,43
store_21,item_16,0,Permintaan Rendah,11.12,3.92,0.352,-14.32,14.32,25.45,45
store_21,item_17,1,Permintaan Tinggi,37.58,9.02,0.2402,15.39,15.39,22.18,42
store_21,item_18,1,Permintaan Tinggi,34.29,8.26,0.2409,11.9,11.9,22.39,42
store_21,item_19,1,Permintaan Tinggi,34.49,8.71,0.2524,11.12,11.12,23.38,43
store_21,item_2,0,Permintaan Rendah,21.74,5.92,0.2722,-2.0,3.15,23.74,44
store_21,item_20,1,Permintaan Tinggi,37.32,9.99,0.2677,14.33,14.33,22.99,43
store_21,item_21,0,Permintaan Rendah,13.18,4.53,0.3434,-11.45,11.45,24.64,44
store_21,item_22,0,Permintaan Rendah,22.85,6.52,0.2855,0.95,2.83,21.91,42
store_21,item_23,1,Permintaan Tinggi,41.8,9.84,0.2353,17.46,17.46,24.35,44
store_21,item_24,0,Permintaan Rendah,14.64,4.65,0.3176,-13.14,13.14,27.78,48
store_21,item_25,1,Permintaan Tinggi,39.71,10.2,0.2568,14.67,14.67,25.04,45
store_21,item_26,1,Permintaan Tinggi,31.78,8.31,0.2616,9.86,9.86,21.92,42
store_21,item_27,0,Permintaan Rendah,22.19,5.74,0.2587,-0.76,2.56,22.95,43
store_21,item_28,0,Permintaan Rendah,13.14,4.12,0.3134,-12.77,12.77,25.91,46
store_21,item_29,0,Permintaan Rendah,20.83,5.55,0.2666,-1.19,2.86,22.02,42
store_21,item_3,0,Permintaan Rendah,23.83,5.83,0.2444,0.63,2.68,23.21,43
store_21,item_30,0,Permintaan Rendah,22.04,6.32,0.2868,0.88,2.81,21.16,41
store_21,item_31,1,Permintaan Tinggi,35.08,8.54,0.2434,12.5,12.5,22.57,42
store_21,item_32,1,Permintaan Tinggi,31.72,8.27,0.2609,8.37,8.4,23.34,43
store_21,item_33,1,Permintaan Tinggi,40.33,9.68,0.24,19.18,19.18,21.15,41
store_21,item_34,1,Permintaan Tinggi,40.22,10.32,0.2565,15.76,15.76,24.46,44
store_21,item_35,0,Permintaan Rendah,26.54,6.36,0.2395,1.78,2.95,24.76,45
store_21,item_36,0,Permintaan Rendah,14.82,4.48,0.3026,-6.38,6.39,21.2,41
store_21,item_37,1,Permintaan Tinggi,33.93,7.87,0.2318,9.01,9.01,24.92,45
store_21,item_38,1,Permintaan Tinggi,35.91,8.9,0.2479,14.6,14.6,21.3,41
store_21,item_39,1,Permintaan Tinggi,29.14,7.03,0.2414,6.73,6.8,22.41,42
store_21,item_4,0,Permintaan Rendah,19.86,5.65,0.2847,-1.14,2.93,21.0,41
store_21,item_40,1,Permintaan Tinggi,36.52,9.3,0.2547,8.15,8.21,28.37,48
store_21,item_41,0,Permintaan Rendah,26.77,6.57,0.2454,1.86,3.08,24.91,45
store_21,item_42,0,Permintaan Rendah,28.04,7.74,0.2759,6.01,6.11,22.03,42
store_21,item_43,0,Permintaan Rendah,24.84,6.11,0.2459,3.95,4.27,20.89,41
store_21,item_44,0,Permintaan Rendah,11.65,4.15,0.3562,-10.71,10.71,22.37,42
store_21,item_45,1,Permintaan Tinggi,29.78,6.74,0.2264,11.68,11.68,18.1,38
store_21,item_46,0,Permintaan Rendah,14.43,4.78,0.3308,-7.81,7.81,22.25,42
store_21,item_47,1,Permintaan Tinggi,42.07,10.54,0.2505,16.94,16.94,25.13,45
store_21,item_48,0,Permintaan Rendah,13.99,4.7,0.3358,-10.26,10.26,24.25,44
store_21,item_49,0,Permintaan Rendah,17.03,4.83,0.2837,-8.31,8.31,25.34,45
store_21,item_5,1,Permintaan Tinggi,37.88,8.82,0.2328,12.84,12.84,25.04,45
store_21,item_50,0,Permintaan Rendah,12.9,4.64,0.3599,-8.32,8.36,21.22,41
store_21,item_6,0,Permintaan Rendah,22.7,6.19,0.2727,-0.63,2.44,23.33,43
store_21,item_7,0,Permintaan Rendah,20.36,5.69,0.2795,-7.74,7.74,28.11,48
store_21,item_8,1,Permintaan Tinggi,28.72,7.5,0.2611,5.32,5.51,23.41,43
store_21,item_9,0,Permintaan Rendah,15.78,4.81,0.3046,-5.38,5.43,21.16,41
store_22,item_1,1,Permintaan Tinggi,43.4,10.95,0.2524,17.31,17.31,26.09,46
store_22,item_10,1,Permintaan Tinggi,38.67,10.15,0.2625,12.33,12.33,26.33,46
store_22,item_11,0,Permintaan Rendah,13.93,4.21,0.3019,-6.12,6.25,20.06,40
store_22,item_12,1,Permintaan Tinggi,37.14,9.28,0.2498,10.54,10.54,26.6,46
store_22,item_13,1,Permintaan Tinggi,44.61,9.71,0.2177,22.16,22.16,22.45,42
store_22,item_14,1,Permintaan Tinggi,37.32,8.4,0.225,14.35,14.35,22.97,43
store_22,item_15,0,Permintaan Rendah,18.4,4.98,0.2708,-1.48,2.7,19.87,40
store_22,item_16,0,Permintaan Rendah,11.57,4.06,0.3507,-8.59,8.61,20.15,40
store_22,item_17,1,Permintaan Tinggi,39.83,10.23,0.2569,14.03,14.03,25.8,46
store_22,item_18,1,Permintaan Tinggi,35.09,9.05,0.258,11.02,11.03,24.06,44
store_22,item_19,1,Permintaan Tinggi,36.7,9.41,0.2565,11.49,11.49,25.21,45
store_22,item_2,0,Permintaan Rendah,21.93,5.89,0.2687,-2.34,3.22,24.27,44
store_22,item_20,1,Permintaan Tinggi,38.16,9.34,0.2447,17.64,17.64,20.52,40
store_22,item_21,0,Permintaan Rendah,13.58,4.37,0.3215,-7.55,7.57,21.13,41
store_22,item_22,0,Permintaan Rendah,23.48,6.43,0.2737,-3.34,4.1,26.82,47
store_22,item_23,1,Permintaan Tinggi,43.43,10.26,0.2363,18.83,18.83,24.6,44
store_22,item_24,0,Permintaan Rendah,15.17,4.54,0.2995,-4.56,4.8,19.72,40
store_22,item_25,1,Permintaan Tinggi,40.88,10.52,0.2574,10.28,10.29,30.6,50
store_22,item_26,1,Permintaan Tinggi,31.93,7.11,0.2226,7.75,7.79,24.18,44
store_22,item_27,0,Permintaan Rendah,23.02,5.73,0.249,2.13,3.08,20.89,41
store_22,item_28,0,Permintaan Rendah,14.02,4.38,0.3128,-4.84,5.23,18.85,39
store_22,item_29,0,Permintaan Rendah,21.57,5.85,0.2711,-1.05,2.48,22.63,42
store_22,item_3,0,Permintaan Rendah,24.78,6.63,0.2676,0.11,2.84,24.67,45
store_22,item_30,0,Permintaan Rendah,22.79,6.08,0.2666,-3.45,3.79,26.24,46
store_22,item_31,1,Permintaan Tinggi,36.35,8.85,0.2434,10.71,10.71,25.64,45
store_22,item_32,1,Permintaan Tinggi,33.23,9.12,0.2744,7.12,7.16,26.11,46
store_22,item_33,1,Permintaan Tinggi,41.64,9.33,0.224,17.65,17.65,23.99,44
store_22,item_34,1,Permintaan Tinggi,41.68,10.58,0.2538,19.31,19.31,22.37,42
store_22,item_35,1,Permintaan Tinggi,27.3,6.95,0.2547,-0.99,2.87,28.29,48
store_22,item_36,0,Permintaan Rendah,15.9,5.07,0.3188,-9.31,9.33,25.21,45
store_22,item_37,1,Permintaan Tinggi,35.53,9.08,0.2555,10.84,10.84,24.69,45
store_22,item_38,1,Permintaan Tinggi,37.08,9.85,0.2658,10.14,10.14,26.93,47
store_22,item_39,1,Permintaan Tinggi,30.2,7.57,0.2507,5.14,5.31,25.05,45
store_22,item_4,0,Permintaan Rendah,20.73,5.92,0.2857,-0.34,2.7,21.07,41
store_22,item_40,1,Permintaan Tinggi,37.6,9.57,0.2545,16.97,16.97,20.63,40
store_22,item_41,1,Permintaan Tinggi,28.26,6.91,0.2444,5.25,5.39,23.01,43
store_22,item_42,1,Permintaan Tinggi,29.28,7.43,0.2539,5.84,5.97,23.44,43
store_22,item_43,0,Permintaan Rendah,25.7,6.49,0.2527,3.37,4.0,22.33,42
store_22,item_44,0,Permintaan Rendah,11.85,3.93,0.3319,-10.04,10.04,21.89,42
store_22,item_45,1,Permintaan Tinggi,31.09,7.12,0.2291,6.96,7.0,24.12,44
store_22,item_46,0,Permintaan Rendah,14.99,4.53,0.3025,-5.93,6.03,20.92,41
store_22,item_47,1,Permintaan Tinggi,41.7,10.02,0.2403,19.36,19.36,22.33,42
store_22,item_48,0,Permintaan Rendah,14.5,4.45,0.307,-1.73,2.75,16.23,36
store_22,item_49,0,Permintaan Rendah,17.97,5.48,0.3047,-3.98,4.47,21.95,42
store_22,item_5,1,Permintaan Tinggi,39.71,10.68,0.2689,11.64,11.64,28.07,48
store_22,item_50,0,Permintaan Rendah,12.79,4.25,0.3327,-12.46,12.46,25.24,45
store_22,item_6,0,Permintaan Rendah,23.14,5.79,0.2501,2.81,3.32,20.33,40
store_22,item_7,0,Permintaan Rendah,20.65,5.33,0.2581,-0.68,2.78,21.32,41
store_22,item_8,1,Permintaan Tinggi,29.17,6.73,0.2308,2.53,3.23,26.64,46
store_22,item_9,0,Permintaan Rendah,16.21,4.7,0.2902,-8.29,8.34,24.5,44
store_23,item_1,1,Permintaan Tinggi,46.6,10.41,0.2234,24.33,24.33,22.27,42
store_23,item_10,1,Permintaan Tinggi,40.46,10.29,0.2544,18.65,18.65,21.81,42
store_23,item_11,0,Permintaan Rendah,14.62,4.22,0.2888,-6.08,6.19,20.7,41
store_23,item_12,1,Permintaan Tinggi,39.32,9.43,0.2398,16.38,16.38,22.93,43
store_23,item_13,1,Permintaan Tinggi,47.72,12.03,0.2521,23.27,23.27,24.46,44
store_23,item_14,1,Permintaan Tinggi,39.11,9.0,0.2302,13.32,13.32,25.79,46
store_23,item_15,0,Permintaan Rendah,18.95,5.32,0.2805,-1.85,3.04,20.8,41
store_23,item_16,0,Permintaan Rendah,12.54,4.1,0.3269,-10.19,10.19,22.73,43
store_23,item_17,1,Permintaan Tinggi,41.64,10.67,0.2563,16.95,16.95,24.68,45
store_23,item_18,1,Permintaan Tinggi,37.07,8.61,0.2322,13.55,13.55,23.52,43
store_23,item_19,1,Permintaan Tinggi,37.91,8.53,0.2251,15.59,15.59,22.32,42
store_23,item_2,0,Permintaan Rendah,23.72,5.68,0.2396,2.86,3.47,20.86,41
store_23,item_20,1,Permintaan Tinggi,39.21,8.41,0.2144,13.54,13.54,25.67,46
store_23,item_21,0,Permintaan Rendah,14.79,4.55,0.3078,-8.69,8.71,23.48,43
store_23,item_22,0,Permintaan Rendah,24.9,6.43,0.2581,2.64,3.65,22.26,42
store_23,item_23,1,Permintaan Tinggi,45.55,11.1,0.2436,18.53,18.53,27.03,47
store_23,item_24,0,Permintaan Rendah,15.99,5.01,0.3135,-10.46,10.46,26.44,46
store_23,item_25,1,Permintaan Tinggi,43.78,10.77,0.246,19.79,19.79,23.98,44
store_23,item_26,1,Permintaan Tinggi,34.2,8.47,0.2477,11.16,11.16,23.04,43
store_23,item_27,0,Permintaan Rendah,24.02,5.84,0.2431,-0.53,2.53,24.55,44
store_23,item_28,0,Permintaan Rendah,15.04,5.27,0.3507,-10.24,10.24,25.28,45
store_23,item_29,0,Permintaan Rendah,22.98,5.84,0.254,2.51,3.37,20.47,40
store_23,item_3,0,Permintaan Rendah,25.98,6.57,0.253,2.59,3.16,23.39,43
store_23,item_30,0,Permintaan Rendah,23.62,6.02,0.2548,-1.77,2.91,25.39,45
store_23,item_31,1,Permintaan Tinggi,38.82,10.38,0.2675,13.88,13.88,24.94,45
store_23,item_32,1,Permintaan Tinggi,35.28,9.42,0.267,13.1,13.1,22.18,42
store_23,item_33,1,Permintaan Tinggi,43.32,10.73,0.2477,22.12,22.12,21.19,41
store_23,item_34,1,Permintaan Tinggi,44.18,11.36,0.2571,22.23,22.23,21.96,42
store_23,item_35,1,Permintaan Tinggi,29.53,8.02,0.2714,5.85,5.97,23.68,44
store_23,item_36,0,Permintaan Rendah,15.64,4.56,0.2918,-4.57,4.76,20.2,40
store_23,item_37,1,Permintaan Tinggi,37.13,8.58,0.2311,14.08,14.08,23.05,43
store_23,item_38,1,Permintaan Tinggi,38.45,8.23,0.2142,15.49,15.49,22.96,43
store_23,item_39,1,Permintaan Tinggi,32.19,7.51,0.2333,7.02,7.12,25.17,45
store_23,item_4,0,Permintaan Rendah,21.36,5.88,0.2755,1.69,3.02,19.67,40
store_23,item_40,1,Permintaan Tinggi,39.61,10.14,0.256,12.42,12.42,27.19,47
store_23,item_41,1,Permintaan Tinggi,29.86,7.57,0.2535,3.3,3.89,26.56,46
store_23,item_42,1,Permintaan Tinggi,31.24,8.09,0.2589,4.22,4.51,27.03,47
store_23,item_43,0,Permintaan Rendah,27.15,6.98,0.2571,1.64,2.74,25.51,45
store_23,item_44,0,Permintaan Rendah,12.43,3.97,0.3192,-11.11,11.13,23.54,43
store_23,item_45,1,Permintaan Tinggi,32.47,7.89,0.2432,8.25,8.26,24.22,44
store_23,item_46,0,Permintaan Rendah,16.05,4.21,0.2622,-3.51,4.0,19.57,39
store_23,item_47,1,Permintaan Tinggi,44.3,10.77,0.243,20.0,20.0,24.31,44
store_23,item_48,0,Permintaan Rendah,15.0,4.31,0.2871,-6.01,6.08,21.01,41
store_23,item_49,0,Permintaan Rendah,18.57,5.9,0.3179,-6.84,6.9,25.4,45
store_23,item_5,1,Permintaan Tinggi,41.34,9.94,0.2405,16.04,16.04,25.3,45
store_23,item_50,0,Permintaan Rendah,14.17,4.71,0.3321,-9.07,9.1,23.24,43
store_23,item_6,0,Permintaan Rendah,24.7,6.55,0.2652,-1.33,2.69,26.03,46
store_23,item_7,0,Permintaan Rendah,21.72,5.82,0.2678,-1.93,3.07,23.65,44
store_23,item_8,1,Permintaan Tinggi,31.46,7.26,0.2307,8.95,8.95,22.51,42
store_23,item_9,0,Permintaan Rendah,16.9,5.78,0.3423,-6.24,6.39,23.15,43
store_24,item_1,1,Permintaan Tinggi,34.38,8.47,0.2465,10.57,10.57,23.81,44
store_24,item_10,1,Permintaan Tinggi,30.89,8.01,0.2592,4.09,4.64,26.8,47
store_24,item_11,0,Permintaan Rendah,10.91,3.9,0.3578,-11.6,11.6,22.51,42
store_24,item_12,1,Permintaan Tinggi,29.9,7.06,0.2363,5.19,5.45,24.71,45
store_24,item_13,1,Permintaan Tinggi,34.95,7.97,0.2279,8.14,8.16,26.8,47
store_24,item_14,1,Permintaan Tinggi,29.97,7.64,0.255,6.18,6.27,23.78,44
store_24,item_15,0,Permintaan Rendah,14.29,4.46,0.3122,-8.73,8.79,23.01,43
store_24,item_16,0,Permintaan Rendah,9.28,3.69,0.3972,-11.19,11.19,20.47,40
store_24,item_17,1,Permintaan Tinggi,30.72,7.95,0.2587,8.41,8.41,22.31,42
store_24,item_18,1,Permintaan Tinggi,28.04,7.18,0.2562,3.02,3.7,25.02,45
store_24,item_19,1,Permintaan Tinggi,28.25,7.19,0.2547,5.1,5.34,23.15,43
store_24,item_2,0,Permintaan Rendah,17.86,5.49,0.3077,-6.23,6.3,24.09,44
store_24,item_20,1,Permintaan Tinggi,30.12,7.46,0.2477,7.65,7.73,22.47,42
store_24,item_21,0,Permintaan Rendah,10.85,3.87,0.3562,-14.14,14.14,25.0,45
store_24,item_22,0,Permintaan Rendah,18.74,5.22,0.2785,-1.15,2.76,19.89,40
store_24,item_23,1,Permintaan Tinggi,34.01,8.02,0.2357,11.09,11.09,22.92,43
store_24,item_24,0,Permintaan Rendah,11.78,4.14,0.3516,-6.85,6.9,18.63,38
store_24,item_25,1,Permintaan Tinggi,32.85,8.4,0.2557,7.94,8.03,24.91,45
store_24,item_26,0,Permintaan Rendah,25.76,6.8,0.264,2.4,3.23,23.36,43
store_24,item_27,0,Permintaan Rendah,17.36,5.08,0.2928,-7.58,7.58,24.94,45
store_24,item_28,0,Permintaan Rendah,10.67,4.0,0.3749,-14.21,14.21,24.89,45
store_24,item_29,0,Permintaan Rendah,17.67,5.76,0.326,1.58,2.66,16.08,36
store_24,item_3,0,Permintaan Rendah,19.22,5.81,0.3025,-1.68,2.95,20.9,41
store_24,item_30,0,Permintaan Rendah,17.92,5.14,0.2869,-5.12,5.3,23.04,43
store_24,item_31,1,Permintaan Tinggi,28.91,7.22,0.2498,3.96,4.36,24.95,45
store_24,item_32,0,Permintaan Rendah,25.57,6.42,0.2509,5.02,5.19,20.55,40
store_24,item_33,1,Permintaan Tinggi,32.76,8.75,0.2671,12.65,12.65,20.11,40
store_24,item_34,1,Permintaan Tinggi,33.38,8.28,0.2481,4.68,5.12,28.7,49
store_24,item_35,0,Permintaan Rendah,21.34,5.44,0.2548,1.69,3.02,19.65,40
store_24,item_36,0,Permintaan Rendah,12.22,4.21,0.3446,-10.67,10.67,22.89,43
store_24,item_37,1,Permintaan Tinggi,28.24,7.38,0.2611,3.43,4.02,24.81,45
store_24,item_38,1,Permintaan Tinggi,28.55,6.9,0.2415,3.8,4.16,24.75,45
store_24,item_39,0,Permintaan Rendah,24.14,6.22,0.2576,0.8,2.46,23.34,43
store_24,item_4,0,Permintaan Rendah,16.34,4.7,0.2873,-3.57,3.96,19.91,40
store_24,item_40,1,Permintaan Tinggi,29.11,7.16,0.2458,4.46,4.75,24.65,45
store_24,item_41,0,Permintaan Rendah,22.72,6.16,0.271,-0.8,2.45,23.52,43
store_24,item_42,0,Permintaan Rendah,23.76,7.22,0.3037,0.42,2.73,23.33,43
store_24,item_43,0,Permintaan Rendah,20.27,6.03,0.2973,-3.97,4.25,24.24,44
store_24,item_44,0,Permintaan Rendah,9.81,3.86,0.3935,-8.7,8.71,18.51,38
store_24,item_45,0,Permintaan Rendah,24.76,6.23,0.2515,-0.81,2.8,25.57,45
store_24,item_46,0,Permintaan Rendah,11.99,4.32,0.3603,-10.29,10.3,22.29,42
store_24,item_47,1,Permintaan Tinggi,32.99,8.05,0.2438,11.55,11.55,21.44,41
store_24,item_48,0,Permintaan Rendah,12.02,3.95,0.3284,-9.52,9.52,21.54,41
store_24,item_49,0,Permintaan Rendah,13.84,4.45,0.3214,-5.73,5.83,19.57,39
store_24,item_5,1,Permintaan Tinggi,30.72,7.73,0.2516,6.56,6.66,24.16,44
store_24,item_50,0,Permintaan Rendah,10.28,3.86,0.3757,-14.22,14.22,24.5,44
store_24,item_6,0,Permintaan Rendah,18.48,5.47,0.2962,-0.6,2.94,19.08,39
store_24,item_7,0,Permintaan Rendah,16.28,5.2,0.3192,-8.26,8.28,24.54,44
store_24,item_8,0,Permintaan Rendah,23.73,6.24,0.2628,-0.62,2.61,24.35,44
store_24,item_9,0,Permintaan Rendah,12.72,4.47,0.3512,-9.76,9.76,22.47,42
store_25,item_1,1,Permintaan Tinggi,44.81,10.82,0.2414,18.34,18.34,26.47,46
store_25,item_10,1,Permintaan Tinggi,38.65,10.15,0.2625,15.59,15.59,23.06,43
store_25,item_11,0,Permintaan Rendah,14.2,4.21,0.2967,-8.25,8.25,22.46,42
store_25,item_12,1,Permintaan Tinggi,37.45,8.15,0.2177,16.24,16.24,21.2,41
store_25,item_13,1,Permintaan Tinggi,44.57,9.96,0.2235,23.77,23.77,20.8,41
store_25,item_14,1,Permintaan Tinggi,38.45,10.34,0.2688,14.06,14.06,24.4,44
store_25,item_15,0,Permintaan Rendah,18.15,5.73,0.3158,-8.04,8.04,26.19,46
store_25,item_16,0,Permintaan Rendah,11.25,4.19,0.3727,-10.53,10.54,21.78,42
store_25,item_17,1,Permintaan Tinggi,39.33,9.53,0.2422,12.85,12.85,26.48,46
store_25,item_18,1,Permintaan Tinggi,35.64,10.01,0.281,10.06,10.11,25.58,45
store_25,item_19,1,Permintaan Tinggi,36.53,8.74,0.2394,14.94,14.94,21.59,41
store_25,item_2,0,Permintaan Rendah,22.3,6.42,0.2877,-0.32,2.51,22.62,42
store_25,item_20,1,Permintaan Tinggi,37.32,8.5,0.2279,15.22,15.22,22.1,42
store_25,item_21,0,Permintaan Rendah,14.11,4.07,0.2888,-10.63,10.63,24.74,45
store_25,item_22,0,Permintaan Rendah,23.94,6.2,0.2588,0.58,2.64,23.36,43
store_25,item_23,1,Permintaan Tinggi,43.7,10.0,0.2288,21.51,21.51,22.19,42
store_25,item_24,0,Permintaan Rendah,15.76,4.9,0.3113,-7.29,7.3,23.05,43
store_25,item_25,1,Permintaan Tinggi,40.73,10.26,0.2519,13.44,13.44,27.29,47
store_25,item_26,1,Permintaan Tinggi,33.19,8.75,0.2636,13.87,13.87,19.32,39
store_25,item_27,0,Permintaan Rendah,22.32,5.62,0.2517,0.7,2.44,21.62,41
store_25,item_28,0,Permintaan Rendah,13.47,4.74,0.3522,-10.37,10.37,23.84,44
store_25,item_29,0,Permintaan Rendah,21.67,5.41,0.2498,-0.86,2.67,22.53,42
store_25,item_3,0,Permintaan Rendah,25.22,6.83,0.2709,7.23,7.29,17.98,38
store_25,item_30,0,Permintaan Rendah,22.78,6.6,0.2899,-1.79,3.06,24.57,44
store_25,item_31,1,Permintaan Tinggi,36.3,9.51,0.262,17.61,17.61,18.69,39
store_25,item_32,1,Permintaan Tinggi,33.35,9.19,0.2755,7.22,7.34,26.13,46
store_25,item_33,1,Permintaan Tinggi,42.59,10.84,0.2545,21.75,21.75,20.84,41
store_25,item_34,1,Permintaan Tinggi,41.97,9.69,0.2309,17.27,17.27,24.7,45
store_25,item_35,1,Permintaan Tinggi,27.48,6.92,0.2519,-3.09,3.84,30.57,50
store_25,item_36,0,Permintaan Rendah,15.51,5.12,0.33,-4.48,4.69,19.98,40
store_25,item_37,1,Permintaan Tinggi,35.8,9.01,0.2517,9.76,9.76,26.04,46
store_25,item_38,1,Permintaan Tinggi,38.09,8.93,0.2346,13.17,13.17,24.92,45
store_25,item_39,1,Permintaan Tinggi,30.61,8.27,0.2702,6.97,7.06,23.64,43
store_25,item_4,0,Permintaan Rendah,20.24,5.75,0.2839,0.3,2.38,19.94,40
store_25,item_40,1,Permintaan Tinggi,38.34,10.64,0.2776,13.07,13.07,25.27,45
store_25,item_41,1,Permintaan Tinggi,28.18,6.79,0.241,3.94,4.41,24.24,44
store_25,item_42,1,Permintaan Tinggi,29.2,6.82,0.2335,7.94,7.99,21.26,41
store_25,item_43,0,Permintaan Rendah,25.76,7.3,0.2834,0.99,2.89,24.77,45
store_25,item_44,0,Permintaan Rendah,12.01,4.13,0.3436,-13.59,13.59,25.6,45
store_25,item_45,1,Permintaan Tinggi,31.92,7.84,0.2456,6.12,6.25,25.8,46
store_25,item_46,0,Permintaan Rendah,14.38,4.28,0.2976,-8.16,8.16,22.53,42
store_25,item_47,1,Permintaan Tinggi,43.55,10.75,0.2468,20.02,20.02,23.53,43
store_25,item_48,0,Permintaan Rendah,14.6,4.53,0.3105,-4.59,4.95,19.18,39
store_25,item_49,0,Permintaan Rendah,17.81,5.13,0.2883,-2.54,3.31,20.35,40
store_25,item_5,1,Permintaan Tinggi,39.38,10.26,0.2604,16.76,16.76,22.62,42
store_25,item_50,0,Permintaan Rendah,12.92,4.42,0.3417,-11.03,11.03,23.95,44
store_25,item_6,0,Permintaan Rendah,23.61,6.2,0.2628,-1.46,2.79,25.07,45
store_25,item_7,0,Permintaan Rendah,20.74,5.9,0.2846,-4.69,4.91,25.43,45
store_25,item_8,1,Permintaan Tinggi,30.28,7.48,0.2471,4.68,5.08,25.6,45
store_25,item_9,0,Permintaan Rendah,16.21,4.92,0.3034,-6.83,6.9,23.04,43
store_26,item_1,1,Permintaan Tinggi,37.36,9.71,0.2598,11.4,11.4,25.96,46
store_26,item_10,1,Permintaan Tinggi,32.15,7.82,0.2433,12.55,12.55,19.6,39
store_26,item_11,0,Permintaan Rendah,11.66,3.81,0.3266,-11.25,11.25,22.91,43
store_26,item_12,1,Permintaan Tinggi,31.38,7.64,0.2435,5.68,5.82,25.69,46
store_26,item_13,1,Permintaan Tinggi,37.39,9.77,0.2613,15.99,15.99,21.4,41
store_26,item_14,1,Permintaan Tinggi,31.5,7.99,0.2537,8.08,8.08,23.42,43
store_26,item_15,0,Permintaan Rendah,15.05,4.64,0.3084,-7.34,7.36,22.39,42
store_26,item_16,0,Permintaan Rendah,9.4,3.91,0.4159,-8.38,8.39,17.78,38
store_26,item_17,1,Permintaan Tinggi,33.11,8.66,0.2614,10.42,10.43,22.7,43
store_26,item_18,1,Permintaan Tinggi,29.65,7.78,0.2623,6.49,6.54,23.16,43
store_26,item_19,1,Permintaan Tinggi,29.99,7.33,0.2442,5.78,5.84,24.22,44
store_26,item_2,0,Permintaan Rendah,18.94,5.63,0.2974,-3.36,3.93,22.3,42
store_26,item_20,1,Permintaan Tinggi,31.24,7.02,0.2249,4.4,4.68,26.84,47
store_26,item_21,0,Permintaan Rendah,11.66,3.84,0.3295,-9.6,9.6,21.26,41
store_26,item_22,0,Permintaan Rendah,19.32,5.54,0.2868,-1.87,3.1,21.19,41
store_26,item_23,1,Permintaan Tinggi,36.29,8.64,0.2381,13.21,13.21,23.08,43
store_26,item_24,0,Permintaan Rendah,12.43,4.05,0.3256,-12.4,12.4,24.83,45
store_26,item_25,1,Permintaan Tinggi,33.99,8.66,0.2548,12.91,12.91,21.08,41
store_26,item_26,0,Permintaan Rendah,26.99,7.05,0.2613,7.68,7.7,19.31,39
store_26,item_27,0,Permintaan Rendah,19.33,5.02,0.2597,-5.36,5.42,24.69,45
store_26,item_28,0,Permintaan Rendah,11.1,3.7,0.3331,-8.97,9.0,20.06,40
store_26,item_29,0,Permintaan Rendah,18.03,5.49,0.3044,-5.32,5.43,23.35,43
store_26,item_3,0,Permintaan Rendah,20.09,5.58,0.2776,1.78,2.8,18.31,38
store_26,item_30,0,Permintaan Rendah,18.43,5.05,0.2738,-4.83,5.07,23.27,43
store_26,item_31,1,Permintaan Tinggi,29.56,7.3,0.247,6.41,6.58,23.15,43
store_26,item_32,0,Permintaan Rendah,28.23,8.05,0.2852,5.36,5.76,22.87,43
store_26,item_33,1,Permintaan Tinggi,34.29,8.89,0.2593,13.4,13.4,20.89,41
store_26,item_34,1,Permintaan Tinggi,34.67,8.47,0.2442,15.95,15.95,18.72,39
store_26,item_35,0,Permintaan Rendah,22.03,5.23,0.2372,2.58,3.35,19.45,39
store_26,item_36,0,Permintaan Rendah,12.95,3.98,0.3076,-8.28,8.28,21.23,41
store_26,item_37,1,Permintaan Tinggi,29.67,7.47,0.2517,6.44,6.51,23.23,43
store_26,item_38,1,Permintaan Tinggi,31.73,8.29,0.2611,10.19,10.2,21.54,41
store_26,item_39,0,Permintaan Rendah,25.38,6.86,0.2702,-0.69,2.55,26.07,46
store_26,item_4,0,Permintaan Rendah,16.83,4.73,0.281,-1.85,3.13,18.68,39
store_26,item_40,1,Permintaan Tinggi,30.74,7.17,0.2332,7.54,7.54,23.2,43
store_26,item_41,0,Permintaan Rendah,23.13,5.55,0.2399,-0.82,2.54,23.95,44
store_26,item_42,0,Permintaan Rendah,24.46,6.96,0.2847,-1.05,2.61,25.5,45
store_26,item_43,0,Permintaan Rendah,22.33,6.39,0.2862,-1.1,3.47,23.43,43
store_26,item_44,0,Permintaan Rendah,10.2,3.99,0.3917,-8.41,8.41,18.61,38
store_26,item_45,0,Permintaan Rendah,25.77,6.37,0.2471,3.65,4.08,22.13,42
store_26,item_46,0,Permintaan Rendah,12.17,4.21,0.346,-9.21,9.24,21.39,41
store_26,item_47,1,Permintaan Tinggi,35.29,8.23,0.2333,10.09,10.09,25.19,45
store_26,item_48,0,Permintaan Rendah,11.75,3.92,0.334,-9.43,9.53,21.18,41
store_26,item_49,0,Permintaan Rendah,15.07,4.58,0.3037,-7.6,7.64,22.67,43
store_26,item_5,1,Permintaan Tinggi,31.91,8.0,0.2507,9.9,9.91,22.0,42
store_26,item_50,0,Permintaan Rendah,10.42,3.74,0.3592,-12.53,12.53,22.95,43
store_26,item_6,0,Permintaan Rendah,20.2,6.18,0.3061,-1.37,2.75,21.57,41
store_26,item_7,0,Permintaan Rendah,17.92,5.02,0.2801,-6.3,6.36,24.22,44
store_26,item_8,0,Permintaan Rendah,24.19,5.63,0.2328,2.26,3.24,21.93,42
store_26,item_9,0,Permintaan Rendah,13.64,3.82,0.2803,-6.86,6.9,20.5,40
store_27,item_1,1,Permintaan Tinggi,35.2,8.23,0.2337,8.77,8.81,26.43,46
store_27,item_10,1,Permintaan Tinggi,30.56,8.13,0.2659,8.2,8.23,22.36,42
store_27,item_11,0,Permintaan Rendah,10.56,3.67,0.348,-9.76,9.78,20.32,40
store_27,item_12,1,Permintaan Tinggi,30.15,7.67,0.2544,6.24,6.34,23.91,44
store_27,item_13,1,Permintaan Tinggi,35.74,8.83,0.2471,12.95,12.95,22.79,43
store_27,item_14,1,Permintaan Tinggi,30.18,8.16,0.2704,9.07,9.07,21.12,41
store_27,item_15,0,Permintaan Rendah,14.5,3.92,0.2703,-4.01,4.38,18.51,38
store_27,item_16,0,Permintaan Rendah,8.89,3.67,0.4135,-11.68,11.68,20.57,40
store_27,item_17,1,Permintaan Tinggi,31.11,8.2,0.2636,8.34,8.39,22.76,43
store_27,item_18,1,Permintaan Tinggi,27.98,7.27,0.2599,2.99,3.77,24.99,45
store_27,item_19,1,Permintaan Tinggi,28.42,7.29,0.2565,6.33,6.37,22.09,42
store_27,item_2,0,Permintaan Rendah,17.92,5.44,0.3035,-2.13,3.44,20.05,40
store_27,item_20,1,Permintaan Tinggi,29.97,7.87,0.2626,4.44,4.88,25.53,45
store_27,item_21,0,Permintaan Rendah,10.8,3.98,0.3682,-13.2,13.2,24.0,44
store_27,item_22,0,Permintaan Rendah,18.91,5.72,0.3024,-7.68,7.71,26.59,46
store_27,item_23,1,Permintaan Tinggi,34.95,9.05,0.2589,10.56,10.56,24.39,44
store_27,item_24,0,Permintaan Rendah,12.34,4.45,0.3609,-12.04,12.04,24.38,44
store_27,item_25,1,Permintaan Tinggi,32.49,8.4,0.2585,6.72,6.76,25.77,46
store_27,item_26,0,Permintaan Rendah,25.69,6.88,0.2678,5.61,5.71,20.08,40
store_27,item_27,0,Permintaan Rendah,17.85,5.06,0.2835,-4.32,4.54,22.17,42
store_27,item_28,0,Permintaan Rendah,10.61,3.89,0.3661,-12.64,12.64,23.25,43
store_27,item_29,0,Permintaan Rendah,17.62,5.49,0.3114,-3.15,3.71,20.77,41
store_27,item_3,0,Permintaan Rendah,19.36,5.55,0.2869,-0.98,2.79,20.34,40
store_27,item_30,0,Permintaan Rendah,17.39,4.95,0.2846,-5.13,5.25,22.52,42
store_27,item_31,0,Permintaan Rendah,28.51,7.07,0.2481,8.31,8.32,20.2,40
store_27,item_32,0,Permintaan Rendah,26.68,7.17,0.2689,1.69,2.89,24.99,45
store_27,item_33,1,Permintaan Tinggi,33.45,8.33,0.249,11.92,11.92,21.53,41
store_27,item_34,1,Permintaan Tinggi,33.08,8.12,0.2456,11.57,11.57,21.52,41
store_27,item_35,0,Permintaan Rendah,22.11,6.84,0.3096,1.41,2.75,20.7,41
store_27,item_36,0,Permintaan Rendah,12.05,3.91,0.3244,-7.62,7.63,19.67,40
store_27,item_37,0,Permintaan Rendah,28.09,7.35,0.2615,8.54,8.54,19.55,39
store_27,item_38,1,Permintaan Tinggi,28.93,7.22,0.2496,7.89,7.89,21.04,41
store_27,item_39,0,Permintaan Rendah,23.99,6.27,0.2612,-0.6,2.47,24.6,44
store_27,item_4,0,Permintaan Rendah,16.34,4.44,0.2718,-11.33,11.33,27.67,48
store_27,item_40,1,Permintaan Tinggi,29.82,8.02,0.2688,8.75,8.79,21.07,41
store_27,item_41,0,Permintaan Rendah,22.02,5.58,0.2533,0.56,2.55,21.46,41
store_27,item_42,0,Permintaan Rendah,22.85,5.34,0.2338,2.08,3.29,20.76,41
store_27,item_43,0,Permintaan Rendah,20.79,5.68,0.2732,-2.39,3.31,23.19,43
store_27,item_44,0,Permintaan Rendah,10.34,3.95,0.382,-11.54,11.54,21.87,42
store_27,item_45,0,Permintaan Rendah,25.1,7.03,0.2803,2.58,3.22,22.52,42
store_27,item_46,0,Permintaan Rendah,11.94,4.19,0.3512,-11.65,11.65,23.59,43
store_27,item_47,1,Permintaan Tinggi,33.93,8.2,0.2416,11.19,11.19,22.74,43
store_27,item_48,0,Permintaan Rendah,11.49,4.26,0.3711,-10.69,10.69,22.18,42
store_27,item_49,0,Permintaan Rendah,14.23,4.56,0.3202,-10.69,10.69,24.92,45
store_27,item_5,1,Permintaan Tinggi,31.96,8.09,0.2532,4.63,5.04,27.32,47
store_27,item_50,0,Permintaan Rendah,9.91,4.1,0.4132,-12.57,12.57,22.49,42
store_27,item_6,0,Permintaan Rendah,18.67,5.6,0.2997,-4.73,4.9,23.41,43
store_27,item_7,0,Permintaan Rendah,17.08,4.75,0.2784,-3.18,3.7,20.26,40
store_27,item_8,0,Permintaan Rendah,24.11,6.79,0.2814,-1.14,3.1,25.25,45
store_27,item_9,0,Permintaan Rendah,12.9,3.97,0.3075,-8.79,8.8,21.69,42
store_28,item_1,1,Permintaan Tinggi,49.37,10.56,0.214,23.38,23.38,25.99,46
store_28,item_10,1,Permintaan Tinggi,43.32,10.68,0.2466,20.33,20.33,22.99,43
store_28,item_11,0,Permintaan Rendah,15.24,4.24,0.2785,-8.51,8.53,23.75,44
store_28,item_12,1,Permintaan Tinggi,43.14,10.79,0.2501,18.54,18.54,24.6,44
store_28,item_13,1,Permintaan Tinggi,51.23,12.57,0.2454,25.08,25.08,26.16,46
store_28,item_14,1,Permintaan Tinggi,43.22,10.83,0.2505,14.63,14.63,28.58,48
store_28,item_15,0,Permintaan Rendah,20.99,6.28,0.2994,-2.18,3.41,23.17,43
store_28,item_16,0,Permintaan Rendah,13.39,4.61,0.3444,-8.86,8.92,22.25,42
store_28,item_17,1,Permintaan Tinggi,43.99,11.13,0.2529,20.91,20.91,23.08,43
store_28,item_18,1,Permintaan Tinggi,39.79,9.09,0.2284,19.19,19.19,20.6,40
store_28,item_19,1,Permintaan Tinggi,40.98,10.84,0.2646,14.09,14.09,26.89,47
store_28,item_2,0,Permintaan Rendah,25.13,5.87,0.2337,1.31,2.57,23.82,44
store_28,item_20,1,Permintaan Tinggi,43.23,10.74,0.2483,17.68,17.68,25.55,45
store_28,item_21,0,Permintaan Rendah,15.43,4.43,0.2868,-5.91,6.05,21.34,41
store_28,item_22,0,Permintaan Rendah,26.61,6.81,0.256,3.83,4.1,22.78,43
store_28,item_23,1,Permintaan Tinggi,50.22,12.68,0.2525,26.13,26.13,24.09,44
store_28,item_24,0,Permintaan Rendah,17.33,5.16,0.2979,-9.44,9.45,26.77,47
store_28,item_25,1,Permintaan Tinggi,46.05,11.22,0.2437,21.29,21.29,24.75,45
store_28,item_26,1,Permintaan Tinggi,37.07,9.06,0.2445,15.15,15.15,21.91,42
store_28,item_27,0,Permintaan Rendah,25.39,6.14,0.2417,1.2,2.98,24.18,44
store_28,item_28,0,Permintaan Rendah,14.97,4.38,0.2923,-6.19,6.22,21.16,41
store_28,item_29,0,Permintaan Rendah,24.21,5.96,0.2461,0.55,2.5,23.67,44
store_28,item_3,0,Permintaan Rendah,26.94,7.09,0.2632,5.32,5.37,21.62,41
store_28,item_30,0,Permintaan Rendah,25.8,6.96,0.2697,3.82,4.13,21.97,42
store_28,item_31,1,Permintaan Tinggi,41.13,10.27,0.2496,18.81,18.81,22.32,42
store_28,item_32,1,Permintaan Tinggi,37.12,9.22,0.2485,13.9,13.9,23.22,43
store_28,item_33,1,Permintaan Tinggi,46.82,10.25,0.2189,21.35,21.35,25.46,45
store_28,item_34,1,Permintaan Tinggi,46.9,11.74,0.2502,19.27,19.27,27.63,47
store_28,item_35,1,Permintaan Tinggi,30.43,7.6,0.2496,5.92,6.0,24.52,44
store_28,item_36,0,Permintaan Rendah,17.8,4.65,0.2611,-6.29,6.33,24.08,44
store_28,item_37,1,Permintaan Tinggi,39.78,8.85,0.2225,12.7,12.7,27.07,47
store_28,item_38,1,Permintaan Tinggi,41.82,9.8,0.2345,17.29,17.29,24.53,44
store_28,item_39,1,Permintaan Tinggi,34.6,8.84,0.2554,6.35,6.52,28.25,48
store_28,item_4,0,Permintaan Rendah,23.31,6.34,0.2722,-1.04,2.55,24.35,44
store_28,item_40,1,Permintaan Tinggi,42.93,10.57,0.2461,17.1,17.1,25.83,46
store_28,item_41,1,Permintaan Tinggi,32.12,8.26,0.2571,7.99,8.0,24.14,44
store_28,item_42,1,Permintaan Tinggi,33.41,8.95,0.2677,12.55,12.55,20.86,41
store_28,item_43,1,Permintaan Tinggi,29.07,7.35,0.2529,8.17,8.17,20.9,41
store_28,item_44,0,Permintaan Rendah,14.28,4.39,0.3077,-10.69,10.69,24.97,45
store_28,item_45,1,Permintaan Tinggi,36.2,9.79,0.2706,14.72,14.72,21.48,41
store_28,item_46,0,Permintaan Rendah,16.89,4.98,0.2948,-6.03,6.14,22.92,43
store_28,item_47,1,Permintaan Tinggi,47.62,10.87,0.2282,27.39,27.39,20.23,40
store_28,item_48,0,Permintaan Rendah,16.83,5.24,0.3116,-10.48,10.48,27.31,47
store_28,item_49,0,Permintaan Rendah,20.42,5.21,0.2549,0.58,2.74,19.84,40
store_28,item_5,1,Permintaan Tinggi,45.39,10.71,0.236,25.48,25.48,19.9,40
store_28,item_50,0,Permintaan Rendah,14.48,4.78,0.3303,-10.11,10.12,24.59,44
store_28,item_6,0,Permintaan Rendah,26.61,7.11,0.2672,4.67,4.97,21.95,42
store_28,item_7,0,Permintaan Rendah,23.18,6.31,0.2723,1.96,3.06,21.22,41
store_28,item_8,1,Permintaan Tinggi,34.29,8.97,0.2617,10.97,10.97,23.32,43
store_28,item_9,0,Permintaan Rendah,18.33,5.24,0.286,-2.59,3.42,20.92,41
store_29,item_1,1,Permintaan Tinggi,51.61,14.15,0.2741,27.1,27.1,24.51,44
store_29,item_10,1,Permintaan Tinggi,44.16,10.45,0.2367,19.76,19.76,24.41,44
store_29,item_11,0,Permintaan Rendah,15.51,4.43,0.2858,-9.1,9.11,24.61,44
store_29,item_12,1,Permintaan Tinggi,42.48,10.2,0.2401,15.61,15.61,26.86,47
store_29,item_13,1,Permintaan Tinggi,51.09,13.14,0.2572,20.55,20.55,30.54,50
store_29,item_14,1,Permintaan Tinggi,43.49,9.91,0.2277,20.55,20.55,22.95,43
store_29,item_15,0,Permintaan Rendah,20.79,6.13,0.2949,-1.7,2.84,22.49,42
store_29,item_16,0,Permintaan Rendah,12.96,4.4,0.3393,-5.69,5.83,18.64,38
store_29,item_17,1,Permintaan Tinggi,44.74,10.69,0.239,20.17,20.17,24.57,44
store_29,item_18,1,Permintaan Tinggi,40.55,9.46,0.2332,14.56,14.56,25.99,46
store_29,item_19,1,Permintaan Tinggi,42.66,11.95,0.2802,19.09,19.09,23.57,43
store_29,item_2,0,Permintaan Rendah,25.55,6.13,0.2398,-0.58,2.4,26.14,46
store_29,item_20,1,Permintaan Tinggi,42.27,9.85,0.2331,16.56,16.56,25.71,46
store_29,item_21,0,Permintaan Rendah,15.33,4.43,0.2891,-8.9,8.91,24.23,44
store_29,item_22,0,Permintaan Rendah,26.64,6.64,0.2493,0.21,2.63,26.43,46
store_29,item_23,1,Permintaan Tinggi,49.55,12.73,0.2568,21.94,21.94,27.61,47
store_29,item_24,0,Permintaan Rendah,17.66,5.18,0.2935,-5.45,5.49,23.11,43
store_29,item_25,1,Permintaan Tinggi,47.01,11.32,0.2407,21.6,21.6,25.41,45
store_29,item_26,1,Permintaan Tinggi,37.19,9.03,0.2427,13.04,13.04,24.15,44
store_29,item_27,0,Permintaan Rendah,26.2,7.29,0.2782,2.86,3.67,23.34,43
store_29,item_28,0,Permintaan Rendah,15.11,4.49,0.297,-9.27,9.28,24.38,44
store_29,item_29,0,Permintaan Rendah,24.8,6.6,0.2661,2.5,3.42,22.3,42
store_29,item_3,1,Permintaan Tinggi,28.09,7.21,0.2566,2.37,3.14,25.72,46
store_29,item_30,0,Permintaan Rendah,25.48,6.37,0.2501,4.48,4.7,21.01,41
store_29,item_31,1,Permintaan Tinggi,41.99,10.83,0.258,20.25,20.25,21.75,42
store_29,item_32,1,Permintaan Tinggi,38.28,10.15,0.265,14.15,14.15,24.13,44
store_29,item_33,1,Permintaan Tinggi,47.71,12.26,0.257,24.78,24.78,22.93,43
store_29,item_34,1,Permintaan Tinggi,47.64,11.09,0.2327,22.58,22.58,25.05,45
store_29,item_35,1,Permintaan Tinggi,31.26,8.03,0.2568,8.82,8.83,22.44,42
store_29,item_36,0,Permintaan Rendah,17.38,5.21,0.3,-6.22,6.39,23.59,43
store_29,item_37,1,Permintaan Tinggi,40.7,9.53,0.2343,15.54,15.54,25.15,45
store_29,item_38,1,Permintaan Tinggi,43.07,11.07,0.2569,18.55,18.55,24.52,44
store_29,item_39,1,Permintaan Tinggi,34.83,8.79,0.2523,8.9,8.93,25.92,46
store_29,item_4,0,Permintaan Rendah,23.76,6.6,0.2778,1.53,2.86,22.23,42
store_29,item_40,1,Permintaan Tinggi,42.4,9.74,0.2297,16.43,16.43,25.97,46
store_29,item_41,1,Permintaan Tinggi,32.34,8.29,0.2562,7.85,7.86,24.49,44
store_29,item_42,1,Permintaan Tinggi,33.02,8.64,0.2617,11.39,11.39,21.63,41
store_29,item_43,1,Permintaan Tinggi,29.21,7.35,0.2517,3.72,4.23,25.5,45
store_29,item_44,0,Permintaan Rendah,13.95,4.59,0.329,-10.8,10.8,24.75,45
store_29,item_45,1,Permintaan Tinggi,36.31,9.05,0.2491,12.45,12.45,23.86,44
store_29,item_46,0,Permintaan Rendah,16.91,5.19,0.3069,-5.6,5.75,22.51,42
store_29,item_47,1,Permintaan Tinggi,49.84,12.43,0.2494,19.2,19.2,30.63,50
store_29,item_48,0,Permintaan Rendah,16.3,5.11,0.3137,-12.05,12.05,28.36,48
store_29,item_49,0,Permintaan Rendah,20.86,6.66,0.3194,-2.67,3.28,23.53,43
store_29,item_5,1,Permintaan Tinggi,44.73,11.39,0.2546,18.08,18.08,26.65,47
store_29,item_50,0,Permintaan Rendah,14.72,4.78,0.3251,-6.71,6.77,21.43,41
store_29,item_6,0,Permintaan Rendah,27.08,6.42,0.2371,4.44,4.74,22.64,42
store_29,item_7,0,Permintaan Rendah,23.73,6.51,0.2745,1.02,2.6,22.71,43
store_29,item_8,1,Permintaan Tinggi,34.18,8.59,0.2511,11.41,11.42,22.77,43
store_29,item_9,0,Permintaan Rendah,18.6,5.15,0.277,-0.51,2.71,19.12,39
store_3,item_1,1,Permintaan Tinggi,34.32,8.29,0.2417,9.99,9.99,24.33,44
store_3,item_10,1,Permintaan Tinggi,29.76,7.22,0.2425,8.89,8.89,20.88,41
store_3,item_11,0,Permintaan Rendah,10.55,3.84,0.3638,-13.19,13.19,23.74,44
store_3,item_12,1,Permintaan Tinggi,29.13,7.2,0.247,7.36,7.41,21.77,42
store_3,item_13,1,Permintaan Tinggi,34.85,8.4,0.241,11.39,11.39,23.47,43
store_3,item_14,1,Permintaan Tinggi,28.9,6.99,0.2417,3.73,4.22,25.17,45
store_3,item_15,0,Permintaan Rendah,13.8,4.07,0.2946,-6.05,6.06,19.85,40
store_3,item_16,0,Permintaan Rendah,8.82,4.03,0.4563,-10.43,10.43,19.25,39
store_3,item_17,1,Permintaan Tinggi,30.66,7.97,0.2598,7.71,7.78,22.95,43
store_3,item_18,0,Permintaan Rendah,27.14,6.71,0.2471,2.94,3.66,24.2,44
store_3,item_19,1,Permintaan Tinggi,28.42,7.19,0.2528,4.48,4.67,23.94,44
store_3,item_2,0,Permintaan Rendah,17.17,5.52,0.3215,-9.72,9.72,26.89,47
store_3,item_20,1,Permintaan Tinggi,29.08,7.19,0.2471,4.32,4.61,24.76,45
store_3,item_21,0,Permintaan Rendah,10.74,4.07,0.3792,-15.32,15.32,26.06,46
store_3,item_22,0,Permintaan Rendah,17.26,4.67,0.2708,-1.32,2.76,18.57,38
store_3,item_23,1,Permintaan Tinggi,34.21,8.46,0.2472,13.83,13.83,20.38,40
store_3,item_24,0,Permintaan Rendah,11.45,3.91,0.3416,-11.74,11.74,23.19,43
store_3,item_25,1,Permintaan Tinggi,31.37,7.7,0.2454,6.88,6.96,24.49,44
store_3,item_26,0,Permintaan Rendah,25.78,7.04,0.2729,0.93,2.81,24.85,45
store_3,item_27,0,Permintaan Rendah,17.51,5.47,0.3122,-5.24,5.36,22.75,43
store_3,item_28,0,Permintaan Rendah,9.77,3.91,0.4006,-10.8,10.8,20.57,40
store_3,item_29,0,Permintaan Rendah,17.12,5.14,0.2999,-3.42,4.32,20.55,40
store_3,item_3,0,Permintaan Rendah,18.72,5.32,0.2842,-5.32,5.57,24.03,44
store_3,item_30,0,Permintaan Rendah,17.88,5.73,0.3206,-7.72,7.79,25.6,45
store_3,item_31,1,Permintaan Tinggi,28.46,7.18,0.2524,6.36,6.41,22.1,42
store_3,item_32,0,Permintaan Rendah,25.9,6.89,0.2659,5.54,5.69,20.37,40
store_3,item_33,1,Permintaan Tinggi,32.77,8.39,0.2562,9.41,9.44,23.36,43
store_3,item_34,1,Permintaan Tinggi,32.98,8.33,0.2526,8.87,8.87,24.11,44
store_3,item_35,0,Permintaan Rendah,21.34,5.99,0.2808,-1.21,2.83,22.55,42
store_3,item_36,0,Permintaan Rendah,11.86,3.97,0.3344,-9.2,9.2,21.06,41
store_3,item_37,0,Permintaan Rendah,27.69,7.15,0.2582,4.19,4.38,23.5,43
store_3,item_38,1,Permintaan Tinggi,29.35,7.47,0.2546,3.71,4.31,25.63,45
store_3,item_39,0,Permintaan Rendah,23.32,6.69,0.2868,-5.84,6.0,29.15,49
store_3,item_4,0,Permintaan Rendah,15.78,4.3,0.2727,-4.56,4.77,20.33,40
store_3,item_40,1,Permintaan Tinggi,29.66,7.3,0.246,5.26,5.37,24.4,44
store_3,item_41,0,Permintaan Rendah,22.02,6.0,0.2723,-4.31,4.56,26.33,46
store_3,item_42,0,Permintaan Rendah,22.47,6.96,0.3096,-3.26,3.97,25.73,46
store_3,item_43,0,Permintaan Rendah,20.33,5.58,0.2747,-2.04,3.01,22.37,42
store_3,item_44,0,Permintaan Rendah,9.22,3.9,0.4234,-16.44,16.44,25.66,46
store_3,item_45,0,Permintaan Rendah,25.08,7.5,0.2993,2.59,3.36,22.48,42
store_3,item_46,0,Permintaan Rendah,11.86,4.04,0.3409,-12.33,12.33,24.19,44
store_3,item_47,1,Permintaan Tinggi,33.22,7.4,0.2228,9.82,9.82,23.39,43
store_3,item_48,0,Permintaan Rendah,11.28,4.22,0.3744,-10.56,10.56,21.84,42
store_3,item_49,0,Permintaan Rendah,13.86,3.94,0.2844,-3.73,4.3,17.59,37
store_3,item_5,1,Permintaan Tinggi,30.83,7.84,0.2543,10.16,10.18,20.66,41
store_3,item_50,0,Permintaan Rendah,9.97,3.91,0.3919,-12.17,12.17,22.13,42
store_3,item_6,0,Permintaan Rendah,18.23,5.42,0.2971,-5.02,5.29,23.25,43
store_3,item_7,0,Permintaan Rendah,16.39,4.57,0.2792,-9.45,9.46,25.84,46
store_3,item_8,0,Permintaan Rendah,23.55,6.98,0.2965,1.8,2.83,21.74,42
store_3,item_9,0,Permintaan Rendah,12.24,4.4,0.3591,-6.46,6.53,18.71,39
store_30,item_1,1,Permintaan Tinggi,48.17,11.55,0.2398,25.79,25.79,22.38,42
store_30,item_10,1,Permintaan Tinggi,42.09,11.0,0.2614,17.03,17.03,25.06,45
store_30,item_11,0,Permintaan Rendah,14.8,4.81,0.3247,-4.4,4.7,19.2,39
store_30,item_12,1,Permintaan Tinggi,40.58,10.34,0.2549,13.28,13.28,27.3,47
store_30,item_13,1,Permintaan Tinggi,48.41,11.36,0.2347,20.31,20.31,28.1,48
store_30,item_14,1,Permintaan Tinggi,40.23,9.7,0.2411,16.82,16.82,23.41,43
store_30,item_15,0,Permintaan Rendah,19.53,4.99,0.2556,-4.82,5.01,24.35,44
store_30,item_16,0,Permintaan Rendah,12.67,4.24,0.3348,-8.46,8.48,21.13,41
store_30,item_17,1,Permintaan Tinggi,41.82,8.38,0.2004,18.46,18.46,23.37,43
store_30,item_18,1,Permintaan Tinggi,38.23,10.3,0.2695,15.2,15.2,23.03,43
store_30,item_19,1,Permintaan Tinggi,39.11,9.11,0.2329,13.08,13.08,26.02,46
store_30,item_2,0,Permintaan Rendah,23.99,6.28,0.2616,1.11,2.79,22.87,43
store_30,item_20,1,Permintaan Tinggi,40.77,9.35,0.2294,16.59,16.59,24.18,44
store_30,item_21,0,Permintaan Rendah,14.63,4.05,0.277,-7.48,7.52,22.11,42
store_30,item_22,0,Permintaan Rendah,25.82,6.88,0.2665,0.49,2.75,25.33,45
store_30,item_23,1,Permintaan Tinggi,45.53,10.08,0.2213,19.27,19.27,26.27,46
store_30,item_24,0,Permintaan Rendah,17.2,5.01,0.2912,-7.61,7.61,24.81,45
store_30,item_25,1,Permintaan Tinggi,43.47,9.84,0.2263,20.12,20.12,23.34,43
store_30,item_26,1,Permintaan Tinggi,35.49,9.12,0.2571,7.19,7.2,28.3,48
store_30,item_27,0,Permintaan Rendah,24.33,6.21,0.2553,-1.47,2.85,25.79,46
store_30,item_28,0,Permintaan Rendah,14.8,4.34,0.2931,-8.1,8.1,22.91,43
store_30,item_29,0,Permintaan Rendah,22.78,5.82,0.2555,3.15,3.65,19.63,39
store_30,item_3,0,Permintaan Rendah,26.88,6.85,0.2548,5.19,5.36,21.69,42
store_30,item_30,0,Permintaan Rendah,24.32,6.4,0.2631,2.3,3.37,22.02,42
store_30,item_31,1,Permintaan Tinggi,39.03,8.86,0.2269,13.31,13.31,25.73,46
store_30,item_32,1,Permintaan Tinggi,35.57,8.51,0.2393,11.54,11.54,24.02,44
store_30,item_33,1,Permintaan Tinggi,45.77,12.41,0.2711,18.43,18.43,27.34,47
store_30,item_34,1,Permintaan Tinggi,46.04,11.83,0.2569,22.83,22.83,23.21,43
store_30,item_35,1,Permintaan Tinggi,30.05,8.23,0.2737,5.56,5.63,24.49,44
store_30,item_36,0,Permintaan Rendah,16.85,4.29,0.2544,-3.72,4.17,20.58,40
store_30,item_37,1,Permintaan Tinggi,38.33,9.72,0.2535,15.19,15.19,23.15,43
store_30,item_38,1,Permintaan Tinggi,39.68,9.61,0.2421,10.46,10.49,29.22,49
store_30,item_39,1,Permintaan Tinggi,32.98,8.1,0.2455,7.32,7.36,25.66,46
store_30,item_4,0,Permintaan Rendah,22.14,5.59,0.2526,5.96,6.01,16.17,36
store_30,item_40,1,Permintaan Tinggi,40.27,9.76,0.2423,16.82,16.82,23.45,43
store_30,item_41,1,Permintaan Tinggi,30.14,8.23,0.2732,8.68,8.7,21.45,41
store_30,item_42,1,Permintaan Tinggi,30.72,6.86,0.2232,1.91,3.09,28.81,49
store_30,item_43,1,Permintaan Tinggi,27.52,6.34,0.2304,3.73,4.07,23.8,44
store_30,item_44,0,Permintaan Rendah,13.28,4.52,0.3405,-10.64,10.64,23.92,44
store_30,item_45,1,Permintaan Tinggi,34.68,8.27,0.2383,11.59,11.59,23.09,43
store_30,item_46,0,Permintaan Rendah,16.0,5.07,0.3166,-2.88,3.48,18.88,39
store_30,item_47,1,Permintaan Tinggi,44.82,10.29,0.2296,19.94,19.94,24.88,45
store_30,item_48,0,Permintaan Rendah,15.17,4.33,0.2856,-1.75,3.38,16.92,37
store_30,item_49,0,Permintaan Rendah,19.15,5.12,0.2675,-2.59,3.55,21.74,42
store_30,item_5,1,Permintaan Tinggi,43.04,10.08,0.2342,17.63,17.63,25.41,45
store_30,item_50,0,Permintaan Rendah,13.77,4.37,0.3174,-12.8,12.8,26.58,46
store_30,item_6,0,Permintaan Rendah,26.0,6.27,0.2411,3.62,4.1,22.38,42
store_30,item_7,0,Permintaan Rendah,22.77,6.59,0.2894,1.15,2.89,21.62,41
store_30,item_8,1,Permintaan Tinggi,31.51,7.06,0.2241,9.62,9.62,21.89,42
store_30,item_9,0,Permintaan Rendah,17.93,5.49,0.3064,-6.47,6.56,24.4,44
store_31,item_1,1,Permintaan Tinggi,39.04,9.03,0.2314,13.58,13.58,25.47,45
store_31,item_10,1,Permintaan Tinggi,34.85,8.56,0.2455,13.14,13.14,21.71,42
store_31,item_11,0,Permintaan Rendah,12.26,4.33,0.3533,-7.75,7.83,20.01,40
store_31,item_12,1,Permintaan Tinggi,33.84,8.63,0.255,4.33,4.89,29.51,49
store_31,item_13,1,Permintaan Tinggi,39.79,10.83,0.2723,18.32,18.32,21.47,41
store_31,item_14,1,Permintaan Tinggi,32.81,8.14,0.248,10.95,10.95,21.86,42
store_31,item_15,0,Permintaan Rendah,15.72,4.55,0.2892,-12.11,12.11,27.82,48
store_31,item_16,0,Permintaan Rendah,10.23,3.8,0.3715,-12.6,12.6,22.83,43
store_31,item_17,1,Permintaan Tinggi,34.57,8.57,0.248,13.43,13.43,21.14,41
store_31,item_18,1,Permintaan Tinggi,31.32,7.85,0.2506,10.56,10.56,20.75,41
store_31,item_19,1,Permintaan Tinggi,32.29,7.97,0.2467,9.13,9.13,23.16,43
store_31,item_2,0,Permintaan Rendah,19.72,5.54,0.2809,-4.12,4.46,23.84,44
store_31,item_20,1,Permintaan Tinggi,33.35,7.85,0.2354,6.95,6.97,26.4,46
store_31,item_21,0,Permintaan Rendah,12.91,4.2,0.3253,-12.71,12.71,25.63,45
store_31,item_22,0,Permintaan Rendah,20.64,5.12,0.2482,-4.9,5.14,25.54,45
store_31,item_23,1,Permintaan Tinggi,38.62,9.37,0.2427,13.69,13.69,24.93,45
store_31,item_24,0,Permintaan Rendah,13.34,4.51,0.3377,-7.85,7.89,21.2,41
store_31,item_25,1,Permintaan Tinggi,35.92,8.28,0.2306,6.7,6.9,29.22,49
store_31,item_26,1,Permintaan Tinggi,28.75,6.65,0.2313,3.48,4.05,25.27,45
store_31,item_27,0,Permintaan Rendah,19.44,5.32,0.2735,-5.45,5.54,24.89,45
store_31,item_28,0,Permintaan Rendah,12.01,4.14,0.3448,-7.59,7.6,19.6,39
store_31,item_29,0,Permintaan Rendah,20.01,5.13,0.2564,-4.29,4.58,24.3,44
store_31,item_3,0,Permintaan Rendah,21.78,5.5,0.2527,-0.47,2.55,22.25,42
store_31,item_30,0,Permintaan Rendah,19.99,5.78,0.2893,-3.49,4.01,23.48,43
store_31,item_31,1,Permintaan Tinggi,32.05,7.26,0.2264,9.6,9.6,22.45,42
store_31,item_32,1,Permintaan Tinggi,29.8,8.21,0.2754,6.21,6.37,23.59,43
store_31,item_33,1,Permintaan Tinggi,37.53,9.68,0.258,11.63,11.64,25.89,46
store_31,item_34,1,Permintaan Tinggi,37.38,9.2,0.246,13.56,13.56,23.81,44
store_31,item_35,0,Permintaan Rendah,25.0,6.38,0.255,1.79,3.07,23.21,43
store_31,item_36,0,Permintaan Rendah,13.73,4.49,0.327,-8.17,8.17,21.9,42
store_31,item_37,1,Permintaan Tinggi,31.43,7.78,0.2475,6.0,6.12,25.43,45
store_31,item_38,1,Permintaan Tinggi,33.27,8.07,0.2427,11.96,11.96,21.31,41
store_31,item_39,0,Permintaan Rendah,26.51,6.71,0.2532,4.43,4.71,22.08,42
store_31,item_4,0,Permintaan Rendah,18.28,5.06,0.2766,-5.91,5.95,24.19,44
store_31,item_40,1,Permintaan Tinggi,33.03,8.02,0.2429,7.24,7.27,25.79,46
store_31,item_41,0,Permintaan Rendah,25.38,6.44,0.2539,-0.01,2.3,25.39,45
store_31,item_42,0,Permintaan Rendah,25.55,6.77,0.2651,1.25,2.71,24.3,44
store_31,item_43,0,Permintaan Rendah,22.6,6.01,0.266,0.17,2.4,22.43,42
store_31,item_44,0,Permintaan Rendah,10.6,4.02,0.3794,-6.39,6.63,16.99,37
store_31,item_45,0,Permintaan Rendah,28.04,6.9,0.246,5.93,5.98,22.11,42
store_31,item_46,0,Permintaan Rendah,13.36,4.43,0.3317,-7.82,7.89,21.18,41
store_31,item_47,1,Permintaan Tinggi,38.62,10.25,0.2655,16.81,16.81,21.81,42
store_31,item_48,0,Permintaan Rendah,12.61,3.93,0.3118,-7.5,7.53,20.11,40
store_31,item_49,0,Permintaan Rendah,15.89,4.18,0.2631,-5.18,5.34,21.07,41
store_31,item_5,1,Permintaan Tinggi,34.34,8.06,0.2349,11.96,11.96,22.38,42
store_31,item_50,0,Permintaan Rendah,11.67,3.9,0.3339,-10.29,10.29,21.96,42
store_31,item_6,0,Permintaan Rendah,21.19,6.04,0.2852,-5.66,5.86,26.85,47
store_31,item_7,0,Permintaan Rendah,18.22,5.35,0.2939,-4.66,4.93,22.87,43
store_31,item_8,0,Permintaan Rendah,26.18,6.47,0.247,3.0,3.77,23.18,43
store_31,item_9,0,Permintaan Rendah,13.89,4.49,0.3233,-7.1,7.2,20.99,41
store_32,item_1,1,Permintaan Tinggi,36.29,9.56,0.2633,12.28,12.28,24.01,44
store_32,item_10,1,Permintaan Tinggi,30.38,6.83,0.225,5.89,6.01,24.48,44
store_32,item_11,0,Permintaan Rendah,11.21,3.88,0.3462,-13.49,13.49,24.71,45
store_32,item_12,1,Permintaan Tinggi,31.14,7.97,0.256,8.05,8.08,23.09,43
store_32,item_13,1,Permintaan Tinggi,36.35,9.24,0.2542,11.39,11.39,24.96,45
store_32,item_14,1,Permintaan Tinggi,30.35,7.69,0.2535,5.89,5.99,24.46,44
store_32,item_15,0,Permintaan Rendah,14.92,4.42,0.2964,-8.14,8.15,23.07,43
store_32,item_16,0,Permintaan Rendah,9.28,3.74,0.4032,-13.03,13.03,22.31,42
store_32,item_17,1,Permintaan Tinggi,31.38,8.25,0.2629,9.52,9.52,21.86,42
store_32,item_18,1,Permintaan Tinggi,27.95,6.34,0.2267,3.26,4.08,24.69,45
store_32,item_19,1,Permintaan Tinggi,29.13,7.37,0.2531,3.54,4.11,25.59,45
store_32,item_2,0,Permintaan Rendah,18.0,5.17,0.2875,-4.29,4.79,22.29,42
store_32,item_20,1,Permintaan Tinggi,31.23,8.13,0.2603,6.7,6.89,24.53,44
store_32,item_21,0,Permintaan Rendah,11.69,4.08,0.3486,-14.62,14.62,26.31,46
store_32,item_22,0,Permintaan Rendah,19.01,5.82,0.3063,-3.32,3.7,22.33,42
store_32,item_23,1,Permintaan Tinggi,34.49,8.74,0.2534,9.18,9.24,25.31,45
store_32,item_24,0,Permintaan Rendah,12.32,4.19,0.3404,-9.62,9.62,21.94,42
store_32,item_25,1,Permintaan Tinggi,33.89,9.34,0.2757,8.69,8.71,25.2,45
store_32,item_26,1,Permintaan Tinggi,26.59,6.95,0.2613,-0.39,2.64,26.99,47
store_32,item_27,0,Permintaan Rendah,18.17,5.08,0.2795,-4.22,4.45,22.39,42
store_32,item_28,0,Permintaan Rendah,10.98,3.73,0.3394,-14.38,14.38,25.36,45
store_32,item_29,0,Permintaan Rendah,17.44,4.98,0.2854,-3.36,3.71,20.8,41
store_32,item_3,0,Permintaan Rendah,19.82,5.16,0.2603,0.5,2.75,19.31,39
store_32,item_30,0,Permintaan Rendah,17.91,5.21,0.2908,-5.33,5.46,23.25,43
store_32,item_31,1,Permintaan Tinggi,29.6,8.01,0.2705,5.79,5.89,23.81,44
store_32,item_32,1,Permintaan Tinggi,26.78,6.74,0.2517,-0.09,2.54,26.87,47
store_32,item_33,1,Permintaan Tinggi,33.52,9.17,0.2736,9.24,9.26,24.27,44
store_32,item_34,1,Permintaan Tinggi,33.68,8.28,0.2458,9.06,9.08,24.62,44
store_32,item_35,0,Permintaan Rendah,22.05,6.57,0.2979,0.59,2.88,21.46,41
store_32,item_36,0,Permintaan Rendah,12.79,4.06,0.3177,-9.25,9.28,22.04,42
store_32,item_37,1,Permintaan Tinggi,28.18,6.95,0.2467,4.59,4.86,23.59,43
store_32,item_38,1,Permintaan Tinggi,29.79,7.93,0.2662,4.35,4.63,25.45,45
store_32,item_39,0,Permintaan Rendah,24.67,6.55,0.2655,3.87,4.13,20.8,41
store_32,item_4,0,Permintaan Rendah,16.65,4.58,0.275,-9.08,9.08,25.73,46
store_32,item_40,1,Permintaan Tinggi,30.49,8.78,0.288,5.49,5.78,25.0,45
store_32,item_41,0,Permintaan Rendah,22.76,6.16,0.2708,0.43,2.61,22.33,42
store_32,item_42,0,Permintaan Rendah,23.22,6.39,0.275,-0.58,2.44,23.8,44
store_32,item_43,0,Permintaan Rendah,21.34,6.06,0.2841,-3.61,4.04,24.95,45
store_32,item_44,0,Permintaan Rendah,10.15,3.63,0.3573,-13.9,13.9,24.05,44
store_32,item_45,0,Permintaan Rendah,25.58,7.07,0.2766,0.32,2.48,25.26,45
store_32,item_46,0,Permintaan Rendah,12.03,3.84,0.3192,-11.22,11.22,23.26,43
store_32,item_47,1,Permintaan Tinggi,33.98,7.52,0.2214,13.5,13.5,20.48,40
store_32,item_48,0,Permintaan Rendah,11.88,4.5,0.379,-13.35,13.35,25.23,45
store_32,item_49,0,Permintaan Rendah,14.61,4.11,0.2816,-8.72,8.73,23.33,43
store_32,item_5,1,Permintaan Tinggi,31.79,8.43,0.2652,7.54,7.55,24.24,44
store_32,item_50,0,Permintaan Rendah,10.27,3.51,0.342,-10.82,10.82,21.09,41
store_32,item_6,0,Permintaan Rendah,18.61,5.32,0.286,-4.12,4.53,22.73,43
store_32,item_7,0,Permintaan Rendah,16.4,4.65,0.2833,-6.86,6.93,23.26,43
store_32,item_8,0,Permintaan Rendah,23.61,5.68,0.2406,1.27,2.69,22.35,42
store_32,item_9,0,Permintaan Rendah,12.65,4.55,0.3597,-12.3,12.3,24.95,45
store_33,item_1,1,Permintaan Tinggi,46.07,11.24,0.244,20.92,20.92,25.15,45
store_33,item_10,1,Permintaan Tinggi,40.29,9.26,0.2298,17.12,17.12,23.17,43
store_33,item_11,0,Permintaan Rendah,14.4,4.81,0.3341,-8.08,8.14,22.48,42
store_33,item_12,1,Permintaan Tinggi,39.64,9.95,0.251,9.05,9.06,30.59,50
store_33,item_13,1,Permintaan Tinggi,46.4,10.62,0.2289,20.58,20.58,25.83,46
store_33,item_14,1,Permintaan Tinggi,38.72,10.08,0.2602,14.72,14.72,24.01,44
store_33,item_15,0,Permintaan Rendah,18.56,4.88,0.2632,-7.86,7.86,26.42,46
store_33,item_16,0,Permintaan Rendah,11.99,3.78,0.3155,-11.69,11.69,23.68,44
store_33,item_17,1,Permintaan Tinggi,41.08,11.05,0.2691,15.08,15.08,26.0,46
store_33,item_18,1,Permintaan Tinggi,37.86,10.68,0.2821,12.09,12.09,25.77,46
store_33,item_19,1,Permintaan Tinggi,37.66,9.82,0.2608,15.78,15.78,21.88,42
store_33,item_2,0,Permintaan Rendah,22.91,5.61,0.2447,-2.5,3.44,25.41,45
store_33,item_20,1,Permintaan Tinggi,38.9,9.54,0.2452,15.25,15.25,23.64,43
store_33,item_21,0,Permintaan Rendah,14.36,4.49,0.3126,-8.22,8.23,22.58,42
store_33,item_22,0,Permintaan Rendah,24.36,6.24,0.256,2.27,3.28,22.09,42
store_33,item_23,1,Permintaan Tinggi,44.91,10.48,0.2334,16.77,16.77,28.14,48
store_33,item_24,0,Permintaan Rendah,15.85,5.51,0.3475,-6.26,6.4,22.12,42
store_33,item_25,1,Permintaan Tinggi,42.22,10.02,0.2374,16.71,16.71,25.51,45
store_33,item_26,1,Permintaan Tinggi,33.9,8.68,0.2562,10.39,10.39,23.52,43
store_33,item_27,0,Permintaan Rendah,23.2,6.41,0.2763,-1.56,2.81,24.75,45
store_33,item_28,0,Permintaan Rendah,13.52,4.34,0.3208,-11.56,11.56,25.07,45
store_33,item_29,0,Permintaan Rendah,23.05,6.36,0.2758,-3.03,3.8,26.08,46
store_33,item_3,0,Permintaan Rendah,25.02,6.68,0.2671,2.08,3.17,22.93,43
store_33,item_30,0,Permintaan Rendah,22.62,5.74,0.2539,0.48,2.35,22.14,42
store_33,item_31,1,Permintaan Tinggi,37.16,9.94,0.2676,13.05,13.05,24.11,44
store_33,item_32,1,Permintaan Tinggi,34.42,8.52,0.2475,10.91,10.91,23.51,43
store_33,item_33,1,Permintaan Tinggi,42.84,10.46,0.2442,20.45,20.45,22.39,42
store_33,item_34,1,Permintaan Tinggi,42.29,9.6,0.2269,19.51,19.51,22.79,43
store_33,item_35,1,Permintaan Tinggi,28.62,7.94,0.2776,5.61,5.79,23.01,43
store_33,item_36,0,Permintaan Rendah,15.85,5.04,0.318,-4.08,4.48,19.93,40
store_33,item_37,1,Permintaan Tinggi,36.6,8.85,0.2418,13.51,13.51,23.09,43
store_33,item_38,1,Permintaan Tinggi,38.18,9.13,0.2392,13.44,13.44,24.74,45
store_33,item_39,1,Permintaan Tinggi,31.38,8.35,0.2661,9.0,9.0,22.38,42
store_33,item_4,0,Permintaan Rendah,20.47,5.78,0.2825,0.01,2.41,20.46,40
store_33,item_40,1,Permintaan Tinggi,39.07,9.88,0.2529,16.96,16.96,22.11,42
store_33,item_41,1,Permintaan Tinggi,28.8,7.18,0.2493,2.27,3.25,26.53,46
store_33,item_42,1,Permintaan Tinggi,31.04,8.48,0.2733,8.51,8.52,22.53,42
store_33,item_43,0,Permintaan Rendah,26.77,7.34,0.2741,4.44,4.67,22.33,42
store_33,item_44,0,Permintaan Rendah,12.32,4.36,0.3538,-11.32,11.32,23.63,43
store_33,item_45,1,Permintaan Tinggi,33.01,7.99,0.2419,9.67,9.67,23.34,43
store_33,item_46,0,Permintaan Rendah,15.47,4.75,0.3071,-0.56,2.88,16.03,36
store_33,item_47,1,Permintaan Tinggi,44.37,10.88,0.2452,21.4,21.4,22.97,43
store_33,item_48,0,Permintaan Rendah,14.99,4.42,0.2948,-6.65,6.68,21.64,41
store_33,item_49,0,Permintaan Rendah,18.52,5.26,0.2843,-4.32,4.49,22.84,43
store_33,item_5,1,Permintaan Tinggi,41.34,10.61,0.2567,21.17,21.17,20.16,40
store_33,item_50,0,Permintaan Rendah,12.94,4.47,0.3457,-8.81,8.83,21.75,42
store_33,item_6,0,Permintaan Rendah,24.11,6.0,0.2489,-1.03,2.96,25.14,45
store_33,item_7,0,Permintaan Rendah,21.35,5.95,0.2788,-3.59,3.89,24.95,45
store_33,item_8,1,Permintaan Tinggi,31.08,8.08,0.2599,6.18,6.26,24.91,45
store_33,item_9,0,Permintaan Rendah,17.14,5.0,0.2915,-4.27,4.54,21.41,41
store_34,item_1,1,Permintaan Tinggi,44.01,11.66,0.2649,20.31,20.31,23.7,44
store_34,item_10,1,Permintaan Tinggi,38.88,8.7,0.2237,13.59,13.59,25.29,45
store_34,item_11,0,Permintaan Rendah,14.12,4.95,0.3506,-3.57,4.0,17.69,38
store_34,item_12,1,Permintaan Tinggi,37.82,9.99,0.2641,13.09,13.09,24.72,45
store_34,item_13,1,Permintaan Tinggi,44.93,11.12,0.2475,19.06,19.06,25.88,46
store_34,item_14,1,Permintaan Tinggi,37.13,9.16,0.2466,13.27,13.27,23.86,44
store_34,item_15,0,Permintaan Rendah,18.29,5.56,0.3041,-4.54,4.78,22.83,43
store_34,item_16,0,Permintaan Rendah,11.57,3.78,0.327,-13.12,13.12,24.69,45
store_34,item_17,1,Permintaan Tinggi,39.32,10.17,0.2586,17.7,17.7,21.62,41
store_34,item_18,1,Permintaan Tinggi,35.94,8.42,0.2342,11.47,11.48,24.47,44
store_34,item_19,1,Permintaan Tinggi,36.17,8.9,0.246,13.77,13.77,22.41,42
store_34,item_2,0,Permintaan Rendah,22.14,5.81,0.2623,0.8,2.6,21.33,41
store_34,item_20,1,Permintaan Tinggi,37.58,9.51,0.253,11.77,11.77,25.81,46
store_34,item_21,0,Permintaan Rendah,13.79,4.47,0.324,-10.92,10.92,24.72,45
store_34,item_22,0,Permintaan Rendah,23.87,6.62,0.2775,-0.96,2.8,24.83,45
store_34,item_23,1,Permintaan Tinggi,42.82,9.7,0.2266,23.3,23.3,19.53,39
store_34,item_24,0,Permintaan Rendah,15.27,4.76,0.312,-7.82,7.84,23.08,43
store_34,item_25,1,Permintaan Tinggi,40.74,9.7,0.2382,17.19,17.19,23.55,43
store_34,item_26,1,Permintaan Tinggi,32.51,8.1,0.2492,9.78,9.78,22.73,43
store_34,item_27,0,Permintaan Rendah,22.89,6.67,0.2915,0.3,2.52,22.59,42
store_34,item_28,0,Permintaan Rendah,13.46,4.53,0.3368,-9.75,9.75,23.21,43
store_34,item_29,0,Permintaan Rendah,21.76,5.87,0.2698,-1.45,3.05,23.21,43
store_34,item_3,0,Permintaan Rendah,24.36,6.57,0.2699,-0.12,2.83,24.48,44
store_34,item_30,0,Permintaan Rendah,21.69,5.4,0.249,-3.56,3.87,25.25,45
store_34,item_31,1,Permintaan Tinggi,35.86,8.33,0.2323,13.45,13.45,22.41,42
store_34,item_32,1,Permintaan Tinggi,33.4,9.38,0.2807,6.25,6.41,27.14,47
store_34,item_33,1,Permintaan Tinggi,41.32,9.39,0.2272,17.26,17.26,24.06,44
store_34,item_34,1,Permintaan Tinggi,41.52,9.96,0.2398,19.24,19.24,22.28,42
store_34,item_35,0,Permintaan Rendah,27.44,6.62,0.2413,5.66,5.71,21.78,42
store_34,item_36,0,Permintaan Rendah,15.54,4.59,0.2954,-5.72,5.76,21.25,41
store_34,item_37,1,Permintaan Tinggi,35.73,9.37,0.2623,11.03,11.03,24.7,45
store_34,item_38,1,Permintaan Tinggi,36.9,9.66,0.2618,15.99,15.99,20.92,41
store_34,item_39,1,Permintaan Tinggi,30.41,7.65,0.2514,0.17,2.99,30.25,50
store_34,item_4,0,Permintaan Rendah,20.35,5.65,0.2778,-1.28,2.62,21.64,41
store_34,item_40,1,Permintaan Tinggi,37.2,8.96,0.2408,15.72,15.72,21.48,41
store_34,item_41,1,Permintaan Tinggi,28.81,6.73,0.2336,5.04,5.19,23.77,44
store_34,item_42,1,Permintaan Tinggi,29.23,7.88,0.2695,9.55,9.55,19.69,40
store_34,item_43,0,Permintaan Rendah,26.03,7.22,0.2774,6.25,6.39,19.78,40
store_34,item_44,0,Permintaan Rendah,11.8,3.79,0.3212,-11.66,11.66,23.46,43
store_34,item_45,1,Permintaan Tinggi,31.61,7.56,0.2392,5.05,5.25,26.56,46
store_34,item_46,0,Permintaan Rendah,14.83,4.47,0.3013,-11.3,11.3,26.14,46
store_34,item_47,1,Permintaan Tinggi,42.84,10.92,0.2548,20.01,20.01,22.83,43
store_34,item_48,0,Permintaan Rendah,14.57,4.44,0.3046,-4.13,4.43,18.7,39
store_34,item_49,0,Permintaan Rendah,17.98,5.25,0.2918,-2.16,2.97,20.15,40
store_34,item_5,1,Permintaan Tinggi,39.72,9.96,0.2508,14.69,14.69,25.03,45
store_34,item_50,0,Permintaan Rendah,12.65,3.99,0.3155,-9.76,9.76,22.41,42
store_34,item_6,0,Permintaan Rendah,23.68,6.72,0.2837,2.26,3.37,21.42,41
store_34,item_7,0,Permintaan Rendah,20.13,5.38,0.2674,-2.4,3.43,22.53,42
store_34,item_8,1,Permintaan Tinggi,29.74,7.6,0.2555,4.68,4.91,25.06,45
store_34,item_9,0,Permintaan Rendah,16.73,5.53,0.3303,-9.07,9.07,25.79,46
store_35,item_1,1,Permintaan Tinggi,41.91,10.58,0.2526,18.19,18.19,23.71,44
store_35,item_10,1,Permintaan Tinggi,37.02,10.03,0.271,12.38,12.38,24.65,45
store_35,item_11,0,Permintaan Rendah,12.73,4.44,0.3488,-8.76,8.76,21.49,41
store_35,item_12,1,Permintaan Tinggi,34.91,8.26,0.2367,13.7,13.7,21.22,41
store_35,item_13,1,Permintaan Tinggi,42.16,9.7,0.23,16.54,16.54,25.62,45
store_35,item_14,1,Permintaan Tinggi,35.71,8.5,0.2381,8.52,8.52,27.2,47
store_35,item_15,0,Permintaan Rendah,17.24,4.97,0.288,-4.84,5.09,22.08,42
store_35,item_16,0,Permintaan Rendah,10.47,3.9,0.3727,-10.91,10.91,21.38,41
store_35,item_17,1,Permintaan Tinggi,37.03,9.09,0.2456,15.58,15.58,21.44,41
store_35,item_18,1,Permintaan Tinggi,33.12,8.07,0.2436,9.24,9.3,23.88,44
store_35,item_19,1,Permintaan Tinggi,33.84,8.25,0.2439,12.21,12.21,21.63,41
store_35,item_2,0,Permintaan Rendah,20.45,5.19,0.2538,2.12,3.28,18.32,38
store_35,item_20,1,Permintaan Tinggi,34.95,8.61,0.2464,11.18,11.22,23.76,44
store_35,item_21,0,Permintaan Rendah,12.91,4.1,0.3172,-3.94,4.6,16.86,37
store_35,item_22,0,Permintaan Rendah,22.07,6.12,0.2771,-1.08,2.58,23.15,43
store_35,item_23,1,Permintaan Tinggi,40.4,10.25,0.2537,17.01,17.01,23.38,43
store_35,item_24,0,Permintaan Rendah,14.38,4.86,0.3381,-11.53,11.53,25.91,46
store_35,item_25,1,Permintaan Tinggi,38.47,9.63,0.2502,15.09,15.09,23.38,43
store_35,item_26,1,Permintaan Tinggi,30.38,7.26,0.2389,8.99,8.99,21.39,41
store_35,item_27,0,Permintaan Rendah,21.03,5.63,0.2678,-1.69,2.96,22.72,43
store_35,item_28,0,Permintaan Rendah,12.45,4.0,0.3215,-12.15,12.15,24.59,44
store_35,item_29,0,Permintaan Rendah,20.65,5.55,0.2688,-0.72,2.44,21.37,41
store_35,item_3,0,Permintaan Rendah,22.71,6.09,0.2683,-1.59,2.92,24.3,44
store_35,item_30,0,Permintaan Rendah,21.06,5.9,0.28,1.91,3.04,19.15,39
store_35,item_31,1,Permintaan Tinggi,34.29,8.98,0.2617,10.86,10.86,23.43,43
store_35,item_32,1,Permintaan Tinggi,31.55,8.47,0.2683,8.3,8.3,23.25,43
store_35,item_33,1,Permintaan Tinggi,39.15,10.14,0.259,16.54,16.54,22.61,42
store_35,item_34,1,Permintaan Tinggi,39.03,9.75,0.2497,13.19,13.19,25.84,46
store_35,item_35,0,Permintaan Rendah,25.65,6.82,0.2659,2.0,3.1,23.65,44
store_35,item_36,0,Permintaan Rendah,14.85,4.24,0.2855,-6.09,6.12,20.94,41
store_35,item_37,1,Permintaan Tinggi,33.66,8.49,0.2522,10.46,10.46,23.2,43
store_35,item_38,1,Permintaan Tinggi,35.16,8.67,0.2465,11.32,11.32,23.84,44
store_35,item_39,1,Permintaan Tinggi,27.98,6.53,0.2336,2.63,3.43,25.35,45
store_35,item_4,0,Permintaan Rendah,19.45,5.61,0.2885,-7.59,7.6,27.04,47
store_35,item_40,1,Permintaan Tinggi,34.56,8.46,0.2448,7.71,7.76,26.85,47
store_35,item_41,0,Permintaan Rendah,26.4,7.09,0.2686,5.75,5.87,20.65,41
store_35,item_42,0,Permintaan Rendah,27.08,6.08,0.2245,4.76,4.93,22.31,42
store_35,item_43,0,Permintaan Rendah,24.01,6.21,0.2585,0.38,2.58,23.63,43
store_35,item_44,0,Permintaan Rendah,11.49,3.6,0.3138,-8.76,8.77,20.25,40
store_35,item_45,1,Permintaan Tinggi,29.77,7.64,0.2565,7.3,7.33,22.47,42
store_35,item_46,0,Permintaan Rendah,14.38,4.47,0.3106,-7.66,7.72,22.04,42
store_35,item_47,1,Permintaan Tinggi,40.52,9.55,0.2356,19.16,19.16,21.36,41
store_35,item_48,0,Permintaan Rendah,13.41,4.52,0.3373,-5.59,5.9,19.0,39
store_35,item_49,0,Permintaan Rendah,16.92,4.52,0.2672,-4.15,4.61,21.08,41
store_35,item_5,1,Permintaan Tinggi,37.56,9.47,0.2521,11.82,11.82,25.74,46
store_35,item_50,0,Permintaan Rendah,11.91,4.21,0.3535,-12.6,12.6,24.52,44
store_35,item_6,0,Permintaan Rendah,22.3,5.99,0.2685,-4.04,4.23,26.35,46
store_35,item_7,0,Permintaan Rendah,19.82,5.99,0.302,-8.31,8.31,28.13,48
store_35,item_8,1,Permintaan Tinggi,27.76,6.77,0.2439,1.19,3.05,26.56,46
store_35,item_9,0,Permintaan Rendah,15.57,4.61,0.2958,-5.77,5.85,21.34,41
store_36,item_1,1,Permintaan Tinggi,35.99,8.06,0.224,12.54,12.54,23.45,43
store_36,item_10,1,Permintaan Tinggi,31.25,8.43,0.2698,8.09,8.1,23.16,43
store_36,item_11,0,Permintaan Rendah,11.39,4.37,0.3839,-10.17,10.2,21.56,41
store_36,item_12,1,Permintaan Tinggi,31.41,7.97,0.2537,5.65,5.83,25.75,46
store_36,item_13,1,Permintaan Tinggi,37.18,8.95,0.2407,11.34,11.34,25.84,46
store_36,item_14,1,Permintaan Tinggi,31.41,8.61,0.2739,12.02,12.02,19.39,39
store_36,item_15,0,Permintaan Rendah,14.92,4.75,0.3185,-4.5,4.87,19.42,39
store_36,item_16,0,Permintaan Rendah,9.56,3.85,0.4029,-15.42,15.42,24.98,45
store_36,item_17,1,Permintaan Tinggi,31.65,7.88,0.2491,7.93,7.99,23.72,44
store_36,item_18,1,Permintaan Tinggi,28.77,7.27,0.2525,5.76,5.91,23.01,43
store_36,item_19,1,Permintaan Tinggi,29.45,7.31,0.2483,2.75,3.66,26.69,47
store_36,item_2,0,Permintaan Rendah,18.18,5.46,0.3003,-3.75,4.13,21.93,42
store_36,item_20,1,Permintaan Tinggi,30.04,6.78,0.2258,4.94,5.11,25.11,45
store_36,item_21,0,Permintaan Rendah,11.11,3.8,0.3423,-10.32,10.33,21.44,41
store_36,item_22,0,Permintaan Rendah,19.01,4.99,0.2627,-2.32,3.26,21.33,41
store_36,item_23,1,Permintaan Tinggi,34.51,8.45,0.2448,9.6,9.6,24.91,45
store_36,item_24,0,Permintaan Rendah,12.71,4.18,0.3288,-7.05,7.07,19.75,40
store_36,item_25,1,Permintaan Tinggi,33.83,8.67,0.2563,7.49,7.64,26.35,46
store_36,item_26,0,Permintaan Rendah,26.39,6.92,0.2623,2.12,3.17,24.27,44
store_36,item_27,0,Permintaan Rendah,18.54,4.79,0.2583,-3.7,4.08,22.24,42
store_36,item_28,0,Permintaan Rendah,11.21,4.15,0.3703,-7.83,7.89,19.04,39
store_36,item_29,0,Permintaan Rendah,18.14,5.5,0.3029,-3.69,4.14,21.83,42
store_36,item_3,0,Permintaan Rendah,20.32,5.69,0.2802,-1.24,2.78,21.56,41
store_36,item_30,0,Permintaan Rendah,18.36,5.63,0.3066,-1.46,3.15,19.82,40
store_36,item_31,1,Permintaan Tinggi,29.29,7.41,0.253,7.74,7.75,21.55,41
store_36,item_32,0,Permintaan Rendah,26.85,6.4,0.2384,5.45,5.52,21.4,41
store_36,item_33,1,Permintaan Tinggi,33.62,7.55,0.2245,6.05,6.19,27.58,47
store_36,item_34,1,Permintaan Tinggi,33.97,8.8,0.2591,10.55,10.55,23.42,43
store_36,item_35,0,Permintaan Rendah,22.46,5.59,0.2487,-0.71,2.46,23.18,43
store_36,item_36,0,Permintaan Rendah,13.05,4.35,0.3329,-11.98,11.99,25.04,45
store_36,item_37,1,Permintaan Tinggi,29.18,7.31,0.2505,6.76,6.88,22.42,42
store_36,item_38,1,Permintaan Tinggi,29.9,7.13,0.2383,11.25,11.25,18.65,39
store_36,item_39,0,Permintaan Rendah,25.11,6.42,0.2556,2.53,3.31,22.59,42
store_36,item_4,0,Permintaan Rendah,16.51,5.16,0.3123,-8.14,8.16,24.65,45
store_36,item_40,1,Permintaan Tinggi,31.31,8.35,0.2667,3.73,4.2,27.58,47
store_36,item_41,0,Permintaan Rendah,23.4,6.56,0.2802,0.12,2.43,23.28,43
store_36,item_42,0,Permintaan Rendah,23.55,6.71,0.2847,-0.86,2.81,24.42,44
store_36,item_43,0,Permintaan Rendah,21.15,5.78,0.2733,-4.56,4.83,25.71,46
store_36,item_44,0,Permintaan Rendah,10.0,4.04,0.4045,-12.33,12.33,22.33,42
store_36,item_45,0,Permintaan Rendah,26.0,6.7,0.2577,4.73,4.93,21.27,41
store_36,item_46,0,Permintaan Rendah,11.72,4.54,0.3873,-10.83,10.84,22.56,42
store_36,item_47,1,Permintaan Tinggi,34.98,8.78,0.251,9.0,9.0,25.98,46
store_36,item_48,0,Permintaan Rendah,11.6,3.89,0.3351,-8.86,8.87,20.46,40
store_36,item_49,0,Permintaan Rendah,14.18,4.28,0.3014,-8.27,8.27,22.45,42
store_36,item_5,1,Permintaan Tinggi,32.0,7.69,0.2402,7.65,7.71,24.35,44
store_36,item_50,0,Permintaan Rendah,10.35,3.84,0.371,-11.84,11.84,22.18,42
store_36,item_6,0,Permintaan Rendah,19.34,5.29,0.2737,-2.31,3.51,21.66,42
store_36,item_7,0,Permintaan Rendah,17.01,5.04,0.2963,-7.35,7.36,24.36,44
store_36,item_8,0,Permintaan Rendah,24.49,6.52,0.2662,-3.4,3.92,27.89,48
store_36,item_9,0,Permintaan Rendah,12.96,4.43,0.3416,-11.14,11.16,24.11,44
store_37,item_1,1,Permintaan Tinggi,42.83,10.45,0.244,17.49,17.49,25.33,45
store_37,item_10,1,Permintaan Tinggi,36.93,8.72,0.236,10.67,10.7,26.26,46
store_37,item_11,0,Permintaan Rendah,13.73,4.45,0.3238,-5.77,6.2,19.5,39
store_37,item_12,1,Permintaan Tinggi,36.45,9.14,0.2508,11.15,11.15,25.3,45
store_37,item_13,1,Permintaan Tinggi,44.46,12.06,0.2713,20.82,20.82,23.63,43
store_37,item_14,1,Permintaan Tinggi,36.43,9.34,0.2565,15.27,15.27,21.15,41
store_37,item_15,0,Permintaan Rendah,17.44,5.16,0.2961,-9.32,9.32,26.76,47
store_37,item_16,0,Permintaan Rendah,11.02,3.91,0.3551,-10.58,10.58,21.6,41
store_37,item_17,1,Permintaan Tinggi,37.15,8.82,0.2373,10.91,10.91,26.23,46
store_37,item_18,1,Permintaan Tinggi,34.12,8.99,0.2635,13.07,13.07,21.05,41
store_37,item_19,1,Permintaan Tinggi,34.92,8.98,0.2572,14.09,14.09,20.83,41
store_37,item_2,0,Permintaan Rendah,21.42,5.95,0.2777,-0.3,2.71,21.72,42
store_37,item_20,1,Permintaan Tinggi,35.17,9.57,0.2721,13.04,13.04,22.13,42
store_37,item_21,0,Permintaan Rendah,13.39,4.25,0.3174,-8.39,8.44,21.79,42
store_37,item_22,0,Permintaan Rendah,22.73,6.24,0.2744,-0.26,2.6,22.99,43
store_37,item_23,1,Permintaan Tinggi,41.41,9.82,0.2371,15.75,15.75,25.66,46
store_37,item_24,0,Permintaan Rendah,14.52,4.81,0.331,-9.96,9.96,24.48,44
store_37,item_25,1,Permintaan Tinggi,38.9,8.68,0.2232,15.77,15.77,23.13,43
store_37,item_26,1,Permintaan Tinggi,31.25,8.02,0.2568,7.94,7.98,23.31,43
store_37,item_27,0,Permintaan Rendah,21.36,5.69,0.2661,-0.3,2.55,21.67,42
store_37,item_28,0,Permintaan Rendah,12.69,4.03,0.3174,-8.82,8.82,21.51,41
store_37,item_29,0,Permintaan Rendah,21.12,5.29,0.2504,2.3,3.3,18.83,39
store_37,item_3,0,Permintaan Rendah,23.82,6.29,0.2639,1.03,2.57,22.79,43
store_37,item_30,0,Permintaan Rendah,21.85,6.24,0.2856,-2.41,3.3,24.26,44
store_37,item_31,1,Permintaan Tinggi,35.43,9.78,0.2761,9.94,9.96,25.49,45
store_37,item_32,1,Permintaan Tinggi,31.77,8.22,0.2586,9.07,9.09,22.7,43
store_37,item_33,1,Permintaan Tinggi,39.8,9.42,0.2366,16.62,16.62,23.17,43
store_37,item_34,1,Permintaan Tinggi,39.52,9.1,0.2301,13.96,13.96,25.56,45
store_37,item_35,0,Permintaan Rendah,26.42,6.43,0.2434,4.67,4.94,21.75,42
store_37,item_36,0,Permintaan Rendah,14.47,4.26,0.2948,-8.31,8.32,22.78,43
store_37,item_37,1,Permintaan Tinggi,33.77,7.88,0.2333,10.12,10.12,23.66,44
store_37,item_38,1,Permintaan Tinggi,34.87,7.81,0.2241,8.83,8.83,26.04,46
store_37,item_39,1,Permintaan Tinggi,29.51,7.88,0.2671,8.94,8.94,20.56,40
store_37,item_4,0,Permintaan Rendah,20.18,5.86,0.2902,-4.76,4.98,24.94,45
store_37,item_40,1,Permintaan Tinggi,36.26,8.35,0.2303,12.92,12.92,23.33,43
store_37,item_41,0,Permintaan Rendah,27.72,7.33,0.2644,4.03,4.34,23.69,44
store_37,item_42,0,Permintaan Rendah,27.73,6.82,0.246,5.28,5.34,22.46,42
store_37,item_43,0,Permintaan Rendah,24.95,6.2,0.2485,-0.78,2.36,25.73,46
store_37,item_44,0,Permintaan Rendah,11.57,4.27,0.3686,-12.44,12.44,24.01,44
store_37,item_45,1,Permintaan Tinggi,30.53,7.6,0.249,5.7,5.91,24.82,45
store_37,item_46,0,Permintaan Rendah,14.87,4.72,0.3176,-6.02,6.09,20.89,41
store_37,item_47,1,Permintaan Tinggi,41.28,9.43,0.2286,12.7,12.71,28.57,48
store_37,item_48,0,Permintaan Rendah,13.74,4.29,0.3126,-5.32,5.53,19.05,39
store_37,item_49,0,Permintaan Rendah,17.21,5.2,0.3024,-4.61,4.77,21.81,42
store_37,item_5,1,Permintaan Tinggi,38.24,9.81,0.2565,14.42,14.42,23.83,44
store_37,item_50,0,Permintaan Rendah,12.47,3.66,0.2935,-6.41,6.56,18.89,39
store_37,item_6,0,Permintaan Rendah,23.24,6.45,0.2775,-2.34,3.31,25.59,45
store_37,item_7,0,Permintaan Rendah,19.89,5.14,0.2583,-0.96,2.57,20.85,41
store_37,item_8,1,Permintaan Tinggi,28.79,6.81,0.2365,7.59,7.62,21.21,41
store_37,item_9,0,Permintaan Rendah,15.54,4.6,0.2959,-8.85,8.86,24.39,44
store_38,item_1,1,Permintaan Tinggi,34.34,8.29,0.2414,12.72,12.72,21.62,41
store_38,item_10,1,Permintaan Tinggi,30.57,7.78,0.2546,6.21,6.25,24.36,44
store_38,item_11,0,Permintaan Rendah,10.35,3.85,0.3716,-8.34,8.36,18.69,39
store_38,item_12,1,Permintaan Tinggi,29.76,7.98,0.2681,5.1,5.36,24.65,45
store_38,item_13,1,Permintaan Tinggi,35.04,9.1,0.2596,11.89,11.89,23.15,43
store_38,item_14,1,Permintaan Tinggi,29.75,7.91,0.2658,4.56,4.87,25.19,45
store_38,item_15,0,Permintaan Rendah,13.83,4.61,0.3336,-10.33,10.33,24.15,44
store_38,item_16,0,Permintaan Rendah,8.84,3.72,0.4209,-10.87,10.87,19.71,40
store_38,item_17,1,Permintaan Tinggi,30.89,7.67,0.2481,10.15,10.15,20.74,41
store_38,item_18,0,Permintaan Rendah,27.7,7.13,0.2574,3.99,4.31,23.71,44
store_38,item_19,1,Permintaan Tinggi,27.91,6.21,0.2226,5.15,5.28,22.76,43
store_38,item_2,0,Permintaan Rendah,16.91,4.57,0.27,-7.12,7.18,24.03,44
store_38,item_20,1,Permintaan Tinggi,30.34,8.42,0.2777,7.25,7.25,23.09,43
store_38,item_21,0,Permintaan Rendah,11.02,3.8,0.345,-13.71,13.71,24.72,45
store_38,item_22,0,Permintaan Rendah,18.57,5.64,0.3039,-7.05,7.08,25.62,45
store_38,item_23,1,Permintaan Tinggi,34.03,8.4,0.2468,11.19,11.19,22.84,43
store_38,item_24,0,Permintaan Rendah,12.31,4.77,0.3876,-12.44,12.44,24.75,45
store_38,item_25,1,Permintaan Tinggi,32.57,8.38,0.2571,8.83,8.83,23.74,44
store_38,item_26,1,Permintaan Tinggi,25.34,6.96,0.2745,-4.97,5.25,30.31,50
store_38,item_27,0,Permintaan Rendah,17.77,5.52,0.3109,-3.43,3.97,21.19,41
store_38,item_28,0,Permintaan Rendah,10.57,3.73,0.3527,-14.64,14.64,25.21,45
store_38,item_29,0,Permintaan Rendah,17.15,4.64,0.2704,-4.74,4.91,21.9,42
store_38,item_3,0,Permintaan Rendah,19.39,5.74,0.2962,-2.11,3.25,21.5,41
store_38,item_30,0,Permintaan Rendah,17.84,5.19,0.2909,-2.4,3.56,20.25,40
store_38,item_31,1,Permintaan Tinggi,28.04,6.82,0.2433,3.06,3.67,24.98,45
store_38,item_32,0,Permintaan Rendah,25.99,7.56,0.2909,3.16,3.66,22.84,43
store_38,item_33,1,Permintaan Tinggi,32.27,7.64,0.2367,7.39,7.42,24.87,45
store_38,item_34,1,Permintaan Tinggi,32.29,7.91,0.2449,9.41,9.41,22.88,43
store_38,item_35,0,Permintaan Rendah,21.23,5.47,0.2579,-4.95,5.05,26.18,46
store_38,item_36,0,Permintaan Rendah,12.36,4.34,0.3509,-10.15,10.15,22.52,42
store_38,item_37,0,Permintaan Rendah,27.41,7.12,0.2599,6.74,6.79,20.67,41
store_38,item_38,1,Permintaan Tinggi,29.29,7.25,0.2474,5.17,5.33,24.12,44
store_38,item_39,0,Permintaan Rendah,24.08,6.36,0.2643,5.05,5.19,19.03,39
store_38,item_4,0,Permintaan Rendah,16.29,5.3,0.3256,-6.56,6.61,22.85,43
store_38,item_40,1,Permintaan Tinggi,29.5,7.55,0.2558,7.34,7.36,22.16,42
store_38,item_41,0,Permintaan Rendah,22.51,6.01,0.2672,-6.48,6.54,28.98,49
store_38,item_42,0,Permintaan Rendah,22.83,5.89,0.2582,0.03,2.8,22.8,43
store_38,item_43,0,Permintaan Rendah,20.03,4.99,0.2491,-2.16,3.08,22.2,42
store_38,item_44,0,Permintaan Rendah,9.91,3.9,0.3938,-11.17,11.17,21.08,41
store_38,item_45,0,Permintaan Rendah,24.25,6.21,0.256,3.72,4.08,20.53,40
store_38,item_46,0,Permintaan Rendah,12.05,3.82,0.3165,-8.57,8.58,20.63,40
store_38,item_47,1,Permintaan Tinggi,34.12,7.88,0.2311,9.42,9.42,24.7,45
store_38,item_48,0,Permintaan Rendah,11.71,4.19,0.3574,-13.61,13.61,25.32,45
store_38,item_49,0,Permintaan Rendah,13.9,4.17,0.3001,-8.64,8.67,22.55,42
store_38,item_5,1,Permintaan Tinggi,30.42,7.24,0.2379,5.64,5.88,24.78,45
store_38,item_50,0,Permintaan Rendah,10.13,3.96,0.3913,-11.59,11.59,21.72,42
store_38,item_6,0,Permintaan Rendah,17.99,4.96,0.2755,-4.22,4.47,22.21,42
store_38,item_7,0,Permintaan Rendah,16.33,4.83,0.2955,-6.85,6.94,23.18,43
store_38,item_8,0,Permintaan Rendah,23.19,5.94,0.256,0.86,2.74,22.33,42
store_38,item_9,0,Permintaan Rendah,12.54,4.12,0.3286,-12.52,12.52,25.06,45
store_39,item_1,1,Permintaan Tinggi,49.39,11.34,0.2295,21.63,21.63,27.76,48
store_39,item_10,1,Permintaan Tinggi,43.67,11.43,0.2618,17.93,17.93,25.74,46
store_39,item_11,0,Permintaan Rendah,15.52,5.19,0.3343,-8.35,8.35,23.87,44
store_39,item_12,1,Permintaan Tinggi,42.58,10.64,0.25,16.88,16.88,25.7,46
store_39,item_13,1,Permintaan Tinggi,50.59,12.44,0.2459,26.21,26.21,24.38,44
store_39,item_14,1,Permintaan Tinggi,42.19,10.0,0.237,15.4,15.4,26.79,47
store_39,item_15,0,Permintaan Rendah,19.69,5.51,0.2801,-8.21,8.23,27.9,48
store_39,item_16,0,Permintaan Rendah,12.87,4.22,0.3282,-13.04,13.04,25.91,46
store_39,item_17,1,Permintaan Tinggi,44.59,11.64,0.2612,22.71,22.71,21.88,42
store_39,item_18,1,Permintaan Tinggi,38.91,9.33,0.2397,14.2,14.2,24.7,45
store_39,item_19,1,Permintaan Tinggi,40.5,9.99,0.2466,15.38,15.38,25.12,45
store_39,item_2,0,Permintaan Rendah,25.23,6.13,0.2429,1.84,2.9,23.39,43
store_39,item_20,1,Permintaan Tinggi,42.14,10.88,0.2583,16.22,16.22,25.92,46
store_39,item_21,0,Permintaan Rendah,15.4,4.46,0.2894,-6.58,6.63,21.99,42
store_39,item_22,0,Permintaan Rendah,27.09,7.15,0.2641,7.82,7.84,19.27,39
store_39,item_23,1,Permintaan Tinggi,48.96,12.64,0.2583,21.45,21.45,27.51,47
store_39,item_24,0,Permintaan Rendah,16.99,4.87,0.2868,-4.32,4.51,21.32,41
store_39,item_25,1,Permintaan Tinggi,46.2,10.87,0.2353,20.58,20.58,25.61,45
store_39,item_26,1,Permintaan Tinggi,36.41,9.08,0.2495,11.15,11.15,25.26,45
store_39,item_27,0,Permintaan Rendah,25.22,6.2,0.2459,5.76,6.1,19.46,39
store_39,item_28,0,Permintaan Rendah,14.79,4.46,0.3015,-12.26,12.26,27.05,47
store_39,item_29,0,Permintaan Rendah,24.8,6.98,0.2813,0.41,2.72,24.39,44
store_39,item_3,0,Permintaan Rendah,27.62,7.26,0.2629,6.4,6.42,21.22,41
store_39,item_30,0,Permintaan Rendah,24.99,6.49,0.2597,1.96,2.96,23.03,43
store_39,item_31,1,Permintaan Tinggi,39.34,8.75,0.2223,14.95,14.95,24.39,44
store_39,item_32,1,Permintaan Tinggi,36.59,9.24,0.2525,12.52,12.53,24.06,44
store_39,item_33,1,Permintaan Tinggi,46.04,11.17,0.2426,20.21,20.21,25.83,46
store_39,item_34,1,Permintaan Tinggi,46.74,11.59,0.248,19.42,19.42,27.33,47
store_39,item_35,1,Permintaan Tinggi,30.32,7.38,0.2433,3.79,4.16,26.53,46
store_39,item_36,0,Permintaan Rendah,17.87,5.31,0.2972,-8.03,8.07,25.9,46
store_39,item_37,1,Permintaan Tinggi,39.24,9.36,0.2387,14.2,14.2,25.04,45
store_39,item_38,1,Permintaan Tinggi,41.29,9.95,0.241,17.07,17.07,24.21,44
store_39,item_39,1,Permintaan Tinggi,34.21,8.55,0.25,9.29,9.31,24.93,45
store_39,item_4,0,Permintaan Rendah,22.83,5.9,0.2586,-2.48,3.35,25.31,45
store_39,item_40,1,Permintaan Tinggi,43.08,11.25,0.2612,17.98,17.98,25.11,45
store_39,item_41,1,Permintaan Tinggi,32.59,7.71,0.2367,10.77,10.77,21.82,42
store_39,item_42,1,Permintaan Tinggi,31.76,7.98,0.2512,7.13,7.2,24.62,44
store_39,item_43,1,Permintaan Tinggi,28.77,7.2,0.2502,7.97,7.98,20.79,41
store_39,item_44,0,Permintaan Rendah,13.93,4.65,0.3339,-8.42,8.43,22.35,42
store_39,item_45,1,Permintaan Tinggi,35.79,9.24,0.2582,14.16,14.16,21.63,41
store_39,item_46,0,Permintaan Rendah,16.27,4.73,0.2908,-4.48,4.86,20.74,41
store_39,item_47,1,Permintaan Tinggi,47.52,11.35,0.2389,22.41,22.41,25.11,45
store_39,item_48,0,Permintaan Rendah,15.7,5.02,0.3196,-6.74,6.76,22.43,42
store_39,item_49,0,Permintaan Rendah,20.42,5.67,0.2778,-0.8,2.44,21.21,41
store_39,item_5,1,Permintaan Tinggi,42.84,8.76,0.2046,17.03,17.03,25.81,46
store_39,item_50,0,Permintaan Rendah,14.73,4.19,0.2846,-7.12,7.21,21.85,42
store_39,item_6,0,Permintaan Rendah,26.52,6.81,0.257,2.04,3.27,24.48,44
store_39,item_7,0,Permintaan Rendah,23.64,5.89,0.2493,1.9,2.95,21.74,42
store_39,item_8,1,Permintaan Tinggi,34.01,8.61,0.2531,14.74,14.74,19.27,39
store_39,item_9,0,Permintaan Rendah,17.77,5.17,0.291,-4.08,4.43,21.85,42
store_4,item_1,1,Permintaan Tinggi,50.37,12.16,0.2413,28.58,28.58,21.79,42
store_4,item_10,1,Permintaan Tinggi,44.26,10.75,0.243,17.5,17.5,26.76,47
store_4,item_11,0,Permintaan Rendah,15.89,4.5,0.2829,-7.59,7.61,23.49,43
store_4,item_12,1,Permintaan Tinggi,43.05,10.15,0.2357,15.13,15.13,27.93,48
store_4,item_13,1,Permintaan Tinggi,50.96,11.45,0.2248,30.17,30.17,20.79,41
store_4,item_14,1,Permintaan Tinggi,44.01,11.96,0.2717,16.61,16.61,27.4,47
store_4,item_15,0,Permintaan Rendah,20.52,5.71,0.2782,-3.83,4.29,24.35,44
store_4,item_16,0,Permintaan Rendah,13.24,4.24,0.3206,-11.13,11.13,24.37,44
store_4,item_17,1,Permintaan Tinggi,44.83,11.2,0.2499,20.31,20.31,24.51,44
store_4,item_18,1,Permintaan Tinggi,41.14,11.17,0.2715,16.36,16.36,24.78,45
store_4,item_19,1,Permintaan Tinggi,40.72,9.26,0.2273,16.94,16.94,23.79,44
store_4,item_2,0,Permintaan Rendah,24.83,6.44,0.2594,5.16,5.34,19.66,40
store_4,item_20,1,Permintaan Tinggi,42.74,9.86,0.2307,16.89,16.89,25.85,46
store_4,item_21,0,Permintaan Rendah,16.01,4.6,0.2873,-5.66,5.71,21.67,42
store_4,item_22,0,Permintaan Rendah,27.43,7.72,0.2814,6.95,7.09,20.49,40
store_4,item_23,1,Permintaan Tinggi,49.64,12.4,0.2498,28.79,28.79,20.84,41
store_4,item_24,0,Permintaan Rendah,17.29,5.0,0.2891,-5.8,5.91,23.09,43
store_4,item_25,1,Permintaan Tinggi,46.88,11.77,0.2511,19.72,19.72,27.15,47
store_4,item_26,1,Permintaan Tinggi,36.89,9.07,0.2458,14.55,14.55,22.33,42
store_4,item_27,0,Permintaan Rendah,26.35,6.69,0.2537,4.57,4.92,21.79,42
store_4,item_28,0,Permintaan Rendah,15.31,5.0,0.3269,-6.57,6.64,21.88,42
store_4,item_29,0,Permintaan Rendah,25.22,6.26,0.2483,2.15,3.0,23.07,43
store_4,item_3,1,Permintaan Tinggi,28.67,8.03,0.2802,5.54,5.71,23.13,43
store_4,item_30,0,Permintaan Rendah,25.8,6.57,0.2545,4.05,4.48,21.75,42
store_4,item_31,1,Permintaan Tinggi,41.77,10.51,0.2516,16.33,16.33,25.43,45
store_4,item_32,1,Permintaan Tinggi,37.8,9.63,0.2546,12.8,12.8,25.0,45
store_4,item_33,1,Permintaan Tinggi,47.27,11.79,0.2494,18.99,18.99,28.28,48
store_4,item_34,1,Permintaan Tinggi,47.44,11.21,0.2363,20.87,20.87,26.57,46
store_4,item_35,1,Permintaan Tinggi,30.92,7.12,0.2302,7.05,7.06,23.87,44
store_4,item_36,0,Permintaan Rendah,17.7,5.06,0.2857,0.33,2.9,17.37,37
store_4,item_37,1,Permintaan Tinggi,40.88,9.83,0.2405,15.81,15.81,25.07,45
store_4,item_38,1,Permintaan Tinggi,42.12,11.03,0.2618,16.35,16.35,25.77,46
store_4,item_39,1,Permintaan Tinggi,35.24,8.87,0.2518,11.16,11.16,24.08,44
store_4,item_4,0,Permintaan Rendah,23.56,6.64,0.2819,-1.26,2.58,24.82,45
store_4,item_40,1,Permintaan Tinggi,43.56,11.45,0.2628,17.27,17.27,26.29,46
store_4,item_41,1,Permintaan Tinggi,32.25,8.02,0.2487,5.17,5.32,27.08,47
store_4,item_42,1,Permintaan Tinggi,32.88,8.11,0.2466,10.35,10.35,22.53,42
store_4,item_43,1,Permintaan Tinggi,29.47,7.51,0.2547,6.66,6.76,22.8,43
store_4,item_44,0,Permintaan Rendah,14.49,4.92,0.3395,-8.9,8.93,23.39,43
store_4,item_45,1,Permintaan Tinggi,36.58,9.04,0.247,9.64,9.64,26.94,47
store_4,item_46,0,Permintaan Rendah,17.31,4.97,0.2874,-6.81,6.83,24.12,44
store_4,item_47,1,Permintaan Tinggi,48.28,11.54,0.2389,27.84,27.84,20.45,40
store_4,item_48,0,Permintaan Rendah,16.17,4.88,0.3016,-6.29,6.35,22.46,42
store_4,item_49,0,Permintaan Rendah,21.05,6.12,0.2908,-3.09,3.62,24.14,44
store_4,item_5,1,Permintaan Tinggi,44.57,9.66,0.2167,17.92,17.92,26.65,47
store_4,item_50,0,Permintaan Rendah,14.41,4.23,0.2935,-5.89,5.95,20.31,40
store_4,item_6,0,Permintaan Rendah,26.43,6.94,0.2628,5.18,5.34,21.25,41
store_4,item_7,0,Permintaan Rendah,24.23,6.85,0.2828,-2.14,3.09,26.38,46
store_4,item_8,1,Permintaan Tinggi,34.41,7.99,0.2323,10.8,10.8,23.61,43
store_4,item_9,0,Permintaan Rendah,18.53,5.06,0.2732,-0.5,2.83,19.03,39
store_40,item_1,1,Permintaan Tinggi,38.66,9.42,0.2437,13.16,13.16,25.49,45
store_40,item_10,1,Permintaan Tinggi,33.01,8.66,0.2623,10.28,10.28,22.73,43
store_40,item_11,0,Permintaan Rendah,11.89,3.55,0.2987,-9.89,9.89,21.77,42
store_40,item_12,1,Permintaan Tinggi,33.1,8.56,0.2586,12.62,12.62,20.48,40
store_40,item_13,1,Permintaan Tinggi,39.39,10.1,0.2564,13.33,13.35,26.06,46
store_40,item_14,1,Permintaan Tinggi,32.61,7.92,0.2428,7.67,7.71,24.94,45
store_40,item_15,0,Permintaan Rendah,15.86,4.48,0.2826,-10.21,10.21,26.07,46
store_40,item_16,0,Permintaan Rendah,9.71,3.53,0.3639,-11.69,11.7,21.41,41
store_40,item_17,1,Permintaan Tinggi,35.01,9.69,0.2768,9.98,10.0,25.02,45
store_40,item_18,1,Permintaan Tinggi,31.48,8.71,0.2765,5.35,5.47,26.13,46
store_40,item_19,1,Permintaan Tinggi,31.71,7.76,0.2445,8.28,8.31,23.43,43
store_40,item_2,0,Permintaan Rendah,19.51,6.08,0.3117,-3.13,3.68,22.64,42
store_40,item_20,1,Permintaan Tinggi,32.21,7.76,0.2409,8.09,8.11,24.12,44
store_40,item_21,0,Permintaan Rendah,12.56,4.47,0.3562,-14.64,14.64,27.2,47
store_40,item_22,0,Permintaan Rendah,20.97,5.96,0.2841,-1.62,2.93,22.59,42
store_40,item_23,1,Permintaan Tinggi,37.26,8.95,0.2404,15.59,15.59,21.67,42
store_40,item_24,0,Permintaan Rendah,12.99,4.39,0.3378,-14.2,14.2,27.2,47
store_40,item_25,1,Permintaan Tinggi,35.87,9.14,0.2549,11.81,11.81,24.06,44
store_40,item_26,1,Permintaan Tinggi,27.85,6.45,0.2316,4.74,5.17,23.11,43
store_40,item_27,0,Permintaan Rendah,19.07,5.17,0.2713,-3.78,4.16,22.85,43
store_40,item_28,0,Permintaan Rendah,11.7,3.89,0.3322,-12.18,12.18,23.87,44
store_40,item_29,0,Permintaan Rendah,19.61,6.42,0.3272,-4.07,4.36,23.69,44
store_40,item_3,0,Permintaan Rendah,21.41,5.84,0.2728,-3.19,3.79,24.6,44
store_40,item_30,0,Permintaan Rendah,19.59,5.19,0.265,-2.88,3.49,22.47,42
store_40,item_31,1,Permintaan Tinggi,32.3,8.44,0.2612,6.89,6.94,25.41,45
store_40,item_32,1,Permintaan Tinggi,28.84,7.3,0.2533,6.35,6.43,22.49,42
store_40,item_33,1,Permintaan Tinggi,36.01,8.72,0.2422,12.34,12.34,23.67,44
store_40,item_34,1,Permintaan Tinggi,36.17,9.55,0.2639,11.39,11.4,24.78,45
store_40,item_35,0,Permintaan Rendah,23.95,6.74,0.2816,3.72,4.07,20.23,40
store_40,item_36,0,Permintaan Rendah,13.5,4.58,0.3394,-10.32,10.33,23.82,44
store_40,item_37,1,Permintaan Tinggi,31.05,7.42,0.2391,4.55,4.87,26.5,46
store_40,item_38,1,Permintaan Tinggi,32.16,7.13,0.2216,9.22,9.22,22.95,43
store_40,item_39,0,Permintaan Rendah,26.15,6.44,0.2463,3.43,3.92,22.72,43
store_40,item_4,0,Permintaan Rendah,17.84,5.12,0.2871,-3.65,4.19,21.49,41
store_40,item_40,1,Permintaan Tinggi,33.05,8.58,0.2596,6.38,6.48,26.68,47
store_40,item_41,0,Permintaan Rendah,24.31,5.92,0.2436,0.74,2.83,23.57,43
store_40,item_42,0,Permintaan Rendah,25.21,6.69,0.2653,4.1,4.34,21.11,41
store_40,item_43,0,Permintaan Rendah,23.01,6.23,0.271,-3.27,3.83,26.28,46
store_40,item_44,0,Permintaan Rendah,10.65,3.76,0.3529,-13.63,13.63,24.28,44
store_40,item_45,0,Permintaan Rendah,27.58,7.13,0.2584,4.35,4.64,23.23,43
store_40,item_46,0,Permintaan Rendah,13.02,4.19,0.322,-7.66,7.7,20.68,41
store_40,item_47,1,Permintaan Tinggi,36.67,9.5,0.2591,15.58,15.58,21.09,41
store_40,item_48,0,Permintaan Rendah,12.59,4.68,0.3719,-13.65,13.65,26.24,46
store_40,item_49,0,Permintaan Rendah,15.48,4.17,0.2693,-10.62,10.62,26.1,46
store_40,item_5,1,Permintaan Tinggi,33.98,8.79,0.2587,9.61,9.61,24.37,44
store_40,item_50,0,Permintaan Rendah,10.8,4.06,0.3757,-8.37,8.38,19.17,39
store_40,item_6,0,Permintaan Rendah,20.49,6.33,0.309,-7.77,7.77,28.26,48
store_40,item_7,0,Permintaan Rendah,17.91,4.64,0.2592,-7.31,7.39,25.22,45
store_40,item_8,0,Permintaan Rendah,25.67,6.33,0.2464,8.71,8.71,16.97,37
store_40,item_9,0,Permintaan Rendah,14.15,4.58,0.3236,-12.61,12.61,26.76,47
store_41,item_1,1,Permintaan Tinggi,46.25,12.24,0.2647,21.04,21.04,25.21,45
store_41,item_10,1,Permintaan Tinggi,40.29,10.63,0.2638,18.47,18.47,21.83,42
store_41,item_11,0,Permintaan Rendah,13.96,4.24,0.3037,-8.12,8.17,22.09,42
store_41,item_12,1,Permintaan Tinggi,38.79,10.1,0.2604,10.79,10.8,28.0,48
store_41,item_13,1,Permintaan Tinggi,45.51,9.68,0.2128,21.95,21.95,23.56,43
store_41,item_14,1,Permintaan Tinggi,38.2,9.56,0.2502,13.11,13.11,25.09,45
store_41,item_15,0,Permintaan Rendah,18.41,4.9,0.2665,-4.49,4.8,22.9,43
store_41,item_16,0,Permintaan Rendah,11.65,3.82,0.3275,-13.41,13.41,25.06,45
store_41,item_17,1,Permintaan Tinggi,38.98,8.69,0.2229,16.28,16.28,22.7,43
store_41,item_18,1,Permintaan Tinggi,35.62,7.52,0.2111,12.46,12.46,23.16,43
store_41,item_19,1,Permintaan Tinggi,36.86,8.9,0.2413,12.91,12.91,23.95,44
store_41,item_2,0,Permintaan Rendah,23.42,6.11,0.2608,-4.3,4.62,27.72,48
store_41,item_20,1,Permintaan Tinggi,38.38,8.99,0.2343,14.95,14.95,23.42,43
store_41,item_21,0,Permintaan Rendah,14.74,3.93,0.2665,-8.43,8.43,23.18,43
store_41,item_22,0,Permintaan Rendah,23.81,5.98,0.251,-0.22,2.45,24.03,44
store_41,item_23,1,Permintaan Tinggi,44.71,9.84,0.22,18.49,18.49,26.22,46
store_41,item_24,0,Permintaan Rendah,16.08,4.94,0.3069,-5.79,5.97,21.88,42
store_41,item_25,1,Permintaan Tinggi,42.87,11.99,0.2796,15.38,15.38,27.49,47
store_41,item_26,1,Permintaan Tinggi,33.56,8.18,0.2439,11.55,11.55,22.01,42
store_41,item_27,0,Permintaan Rendah,22.59,5.49,0.2429,-0.4,2.69,22.99,43
store_41,item_28,0,Permintaan Rendah,14.12,4.76,0.3372,-12.23,12.25,26.34,46
store_41,item_29,0,Permintaan Rendah,22.33,6.25,0.2798,-3.04,3.76,25.37,45
store_41,item_3,0,Permintaan Rendah,25.05,6.37,0.2541,4.04,4.34,21.01,41
store_41,item_30,0,Permintaan Rendah,23.08,5.89,0.2553,0.31,2.5,22.76,43
store_41,item_31,1,Permintaan Tinggi,36.99,8.81,0.2383,12.67,12.67,24.32,44
store_41,item_32,1,Permintaan Tinggi,33.14,7.95,0.24,9.0,9.0,24.14,44
store_41,item_33,1,Permintaan Tinggi,41.89,10.71,0.2556,18.57,18.57,23.32,43
store_41,item_34,1,Permintaan Tinggi,43.65,11.98,0.2745,22.23,22.23,21.42,41
store_41,item_35,1,Permintaan Tinggi,28.4,7.52,0.2647,5.66,5.75,22.74,43
store_41,item_36,0,Permintaan Rendah,15.85,4.28,0.2698,-7.06,7.11,22.91,43
store_41,item_37,1,Permintaan Tinggi,37.71,9.65,0.2559,14.57,14.57,23.14,43
store_41,item_38,1,Permintaan Tinggi,37.73,8.47,0.2245,15.96,15.96,21.77,42
store_41,item_39,1,Permintaan Tinggi,30.79,7.33,0.238,7.78,7.79,23.01,43
store_41,item_4,0,Permintaan Rendah,20.59,6.0,0.2914,-2.85,3.6,23.44,43
store_41,item_40,1,Permintaan Tinggi,38.79,9.57,0.2467,11.73,11.73,27.06,47
store_41,item_41,1,Permintaan Tinggi,28.3,7.73,0.273,3.29,3.97,25.02,45
store_41,item_42,1,Permintaan Tinggi,29.91,7.8,0.2606,6.67,6.68,23.25,43
store_41,item_43,0,Permintaan Rendah,26.83,6.53,0.2434,9.4,9.4,17.42,37
store_41,item_44,0,Permintaan Rendah,12.24,4.1,0.3348,-12.8,12.8,25.04,45
store_41,item_45,1,Permintaan Tinggi,32.41,7.52,0.2321,6.32,6.43,26.09,46
store_41,item_46,0,Permintaan Rendah,15.55,5.09,0.3275,-7.52,7.54,23.07,43
store_41,item_47,1,Permintaan Tinggi,43.45,10.63,0.2446,19.11,19.11,24.34,44
store_41,item_48,0,Permintaan Rendah,14.47,4.35,0.3008,-10.26,10.26,24.73,45
store_41,item_49,0,Permintaan Rendah,18.67,5.25,0.2811,-4.48,4.7,23.15,43
store_41,item_5,1,Permintaan Tinggi,39.38,9.23,0.2345,14.23,14.23,25.14,45
store_41,item_50,0,Permintaan Rendah,12.92,4.14,0.3201,-6.86,6.91,19.77,40
store_41,item_6,0,Permintaan Rendah,24.14,6.14,0.2544,2.57,3.22,21.57,41
store_41,item_7,0,Permintaan Rendah,21.93,6.1,0.2783,0.54,2.91,21.39,41
store_41,item_8,1,Permintaan Tinggi,30.24,7.46,0.2468,7.03,7.07,23.21,43
store_41,item_9,0,Permintaan Rendah,16.49,4.31,0.2612,-4.66,4.85,21.14,41
store_42,item_1,1,Permintaan Tinggi,39.47,10.45,0.2648,13.16,13.16,26.32,46
store_42,item_10,1,Permintaan Tinggi,34.04,8.01,0.2353,13.13,13.14,20.92,41
store_42,item_11,0,Permintaan Rendah,12.67,4.35,0.3435,-10.39,10.39,23.06,43
store_42,item_12,1,Permintaan Tinggi,33.89,8.01,0.2362,11.4,11.4,22.49,42
store_42,item_13,1,Permintaan Tinggi,40.26,10.14,0.2519,13.93,13.93,26.32,46
store_42,item_14,1,Permintaan Tinggi,33.05,7.59,0.2295,7.36,7.36,25.69,46
store_42,item_15,0,Permintaan Rendah,16.18,5.03,0.311,-8.53,8.53,24.72,45
store_42,item_16,0,Permintaan Rendah,9.88,4.03,0.4082,-13.47,13.47,23.35,43
store_42,item_17,1,Permintaan Tinggi,35.05,8.52,0.2431,11.44,11.44,23.61,43
store_42,item_18,1,Permintaan Tinggi,31.35,7.57,0.2416,12.61,12.61,18.74,39
store_42,item_19,1,Permintaan Tinggi,33.21,9.5,0.2861,10.52,10.52,22.68,43
store_42,item_2,0,Permintaan Rendah,20.16,5.31,0.2634,-3.54,3.95,23.7,44
store_42,item_20,1,Permintaan Tinggi,33.29,8.96,0.2691,8.98,8.98,24.31,44
store_42,item_21,0,Permintaan Rendah,12.21,4.13,0.3385,-6.39,6.51,18.6,38
store_42,item_22,0,Permintaan Rendah,20.99,5.91,0.2818,-2.52,3.29,23.51,43
store_42,item_23,1,Permintaan Tinggi,38.08,9.42,0.2474,15.73,15.73,22.34,42
store_42,item_24,0,Permintaan Rendah,13.45,4.13,0.3074,-4.07,4.37,17.52,37
store_42,item_25,1,Permintaan Tinggi,36.19,10.34,0.2858,10.48,10.49,25.71,46
store_42,item_26,1,Permintaan Tinggi,29.03,7.38,0.2541,4.93,5.18,24.1,44
store_42,item_27,0,Permintaan Rendah,19.95,5.39,0.2704,-0.34,2.57,20.29,40
store_42,item_28,0,Permintaan Rendah,11.95,4.15,0.3476,-12.93,12.93,24.88,45
store_42,item_29,0,Permintaan Rendah,19.42,5.84,0.3004,-6.63,6.72,26.06,46
store_42,item_3,0,Permintaan Rendah,21.18,6.34,0.2991,-1.46,2.76,22.64,42
store_42,item_30,0,Permintaan Rendah,20.4,5.74,0.2815,-5.45,5.56,25.85,46
store_42,item_31,1,Permintaan Tinggi,31.77,7.35,0.2314,6.5,6.64,25.27,45
store_42,item_32,1,Permintaan Tinggi,28.97,7.49,0.2586,4.65,4.95,24.32,44
store_42,item_33,1,Permintaan Tinggi,37.05,8.79,0.2372,11.61,11.61,25.44,45
store_42,item_34,1,Permintaan Tinggi,38.18,10.47,0.2742,12.23,12.23,25.95,46
store_42,item_35,0,Permintaan Rendah,24.68,7.09,0.2871,-1.02,2.86,25.7,46
store_42,item_36,0,Permintaan Rendah,13.69,4.48,0.3271,-6.13,6.34,19.82,40
store_42,item_37,1,Permintaan Tinggi,31.11,7.46,0.2399,6.67,6.8,24.45,44
store_42,item_38,1,Permintaan Tinggi,33.5,7.97,0.2379,9.39,9.4,24.11,44
store_42,item_39,1,Permintaan Tinggi,27.26,7.14,0.2621,-1.29,2.85,28.54,48
store_42,item_4,0,Permintaan Rendah,18.24,5.05,0.2767,-2.64,3.41,20.88,41
store_42,item_40,1,Permintaan Tinggi,32.9,8.14,0.2475,9.66,9.67,23.24,43
store_42,item_41,0,Permintaan Rendah,24.5,5.79,0.2363,2.89,3.59,21.61,41
store_42,item_42,0,Permintaan Rendah,25.51,7.0,0.2742,2.61,3.42,22.9,43
store_42,item_43,0,Permintaan Rendah,22.52,6.23,0.2768,-3.48,3.99,26.0,46
store_42,item_44,0,Permintaan Rendah,10.7,3.95,0.3695,-11.1,11.1,21.8,42
store_42,item_45,1,Permintaan Tinggi,28.58,8.02,0.2807,2.88,3.93,25.7,46
store_42,item_46,0,Permintaan Rendah,13.24,3.57,0.27,-12.06,12.06,25.3,45
store_42,item_47,1,Permintaan Tinggi,38.77,10.02,0.2583,15.27,15.27,23.5,43
store_42,item_48,0,Permintaan Rendah,12.92,4.16,0.3224,-8.91,8.91,21.83,42
store_42,item_49,0,Permintaan Rendah,16.22,5.09,0.3141,-6.95,6.99,23.17,43
store_42,item_5,1,Permintaan Tinggi,34.35,8.21,0.239,11.74,11.74,22.61,42
store_42,item_50,0,Permintaan Rendah,11.99,4.0,0.3339,-7.83,7.87,19.82,40
store_42,item_6,0,Permintaan Rendah,21.0,6.2,0.2953,-2.0,3.07,23.0,43
store_42,item_7,0,Permintaan Rendah,19.22,5.5,0.2862,-5.44,5.5,24.66,45
store_42,item_8,1,Permintaan Tinggi,26.64,7.22,0.271,-0.17,3.39,26.81,47
store_42,item_9,0,Permintaan Rendah,14.33,4.42,0.3084,-11.36,11.36,25.69,46
store_43,item_1,1,Permintaan Tinggi,43.42,11.83,0.2726,18.72,18.72,24.7,45
store_43,item_10,1,Permintaan Tinggi,38.28,9.34,0.244,16.06,16.06,22.22,42
store_43,item_11,0,Permintaan Rendah,12.95,4.32,0.3334,-9.1,9.11,22.05,42
store_43,item_12,1,Permintaan Tinggi,36.94,8.95,0.2424,15.2,15.2,21.74,42
store_43,item_13,1,Permintaan Tinggi,43.84,10.96,0.25,18.55,18.55,25.29,45
store_43,item_14,1,Permintaan Tinggi,36.8,8.67,0.2357,9.88,9.92,26.92,47
store_43,item_15,0,Permintaan Rendah,17.23,4.93,0.2858,-6.29,6.32,23.52,43
store_43,item_16,0,Permintaan Rendah,11.23,4.09,0.3639,-13.01,13.01,24.24,44
store_43,item_17,1,Permintaan Tinggi,38.64,10.08,0.2607,17.99,17.99,20.66,41
store_43,item_18,1,Permintaan Tinggi,34.29,8.07,0.2353,10.33,10.33,23.96,44
store_43,item_19,1,Permintaan Tinggi,35.03,8.59,0.2451,13.92,13.92,21.11,41
store_43,item_2,0,Permintaan Rendah,21.57,5.56,0.2579,-1.46,2.81,23.03,43
store_43,item_20,1,Permintaan Tinggi,36.74,8.98,0.2445,12.18,12.18,24.56,44
store_43,item_21,0,Permintaan Rendah,13.09,4.14,0.3166,-5.14,5.22,18.23,38
store_43,item_22,0,Permintaan Rendah,22.33,6.47,0.2899,-1.21,2.49,23.54,43
store_43,item_23,1,Permintaan Tinggi,42.17,9.47,0.2246,15.86,15.86,26.31,46
store_43,item_24,0,Permintaan Rendah,14.87,4.58,0.308,-6.64,6.7,21.51,41
store_43,item_25,1,Permintaan Tinggi,39.7,9.73,0.245,14.07,14.07,25.63,45
store_43,item_26,1,Permintaan Tinggi,31.4,7.72,0.2457,7.25,7.27,24.15,44
store_43,item_27,0,Permintaan Rendah,21.8,5.64,0.2585,-3.82,4.18,25.62,45
store_43,item_28,0,Permintaan Rendah,13.14,4.31,0.3282,-10.6,10.6,23.74,44
store_43,item_29,0,Permintaan Rendah,21.17,5.98,0.2824,-4.18,4.47,25.35,45
store_43,item_3,0,Permintaan Rendah,23.27,5.69,0.2444,-5.24,5.51,28.5,48
store_43,item_30,0,Permintaan Rendah,21.51,6.05,0.2814,-0.01,2.6,21.52,41
store_43,item_31,1,Permintaan Tinggi,34.82,7.94,0.228,8.63,8.65,26.2,46
store_43,item_32,1,Permintaan Tinggi,32.12,7.74,0.2411,3.55,4.19,28.58,48
store_43,item_33,1,Permintaan Tinggi,40.11,10.27,0.256,18.75,18.75,21.37,41
store_43,item_34,1,Permintaan Tinggi,40.65,9.43,0.2319,17.56,17.56,23.09,43
store_43,item_35,1,Permintaan Tinggi,27.08,7.51,0.2773,-1.27,2.86,28.35,48
store_43,item_36,0,Permintaan Rendah,14.95,4.97,0.3325,-7.19,7.24,22.14,42
store_43,item_37,1,Permintaan Tinggi,35.16,9.12,0.2595,10.53,10.53,24.63,44
store_43,item_38,1,Permintaan Tinggi,35.98,8.34,0.2317,16.31,16.31,19.68,40
store_43,item_39,1,Permintaan Tinggi,29.84,7.39,0.2477,4.8,5.08,25.04,45
store_43,item_4,0,Permintaan Rendah,20.34,5.4,0.2655,0.52,2.8,19.82,40
store_43,item_40,1,Permintaan Tinggi,36.06,8.87,0.2461,11.19,11.19,24.87,45
store_43,item_41,0,Permintaan Rendah,27.05,7.04,0.2603,5.98,6.1,21.07,41
store_43,item_42,1,Permintaan Tinggi,27.51,7.0,0.2543,1.11,2.98,26.4,46
store_43,item_43,0,Permintaan Rendah,25.21,6.33,0.2509,2.97,3.61,22.24,42
store_43,item_44,0,Permintaan Rendah,11.74,4.04,0.3444,-8.0,8.0,19.74,40
store_43,item_45,1,Permintaan Tinggi,30.49,8.18,0.2682,7.36,7.41,23.13,43
store_43,item_46,0,Permintaan Rendah,15.0,4.92,0.3283,-9.75,9.76,24.75,45
store_43,item_47,1,Permintaan Tinggi,41.3,9.69,0.2346,15.4,15.4,25.9,46
store_43,item_48,0,Permintaan Rendah,13.88,4.47,0.3221,-9.39,9.39,23.27,43
store_43,item_49,0,Permintaan Rendah,17.21,5.02,0.2916,-3.74,4.26,20.95,41
store_43,item_5,1,Permintaan Tinggi,38.83,9.71,0.2501,16.01,16.01,22.82,43
store_43,item_50,0,Permintaan Rendah,12.48,4.12,0.3304,-10.35,10.36,22.83,43
store_43,item_6,0,Permintaan Rendah,23.06,5.94,0.2577,-3.28,3.69,26.34,46
store_43,item_7,0,Permintaan Rendah,20.27,5.38,0.2657,-1.02,2.59,21.28,41
store_43,item_8,1,Permintaan Tinggi,28.97,6.88,0.2375,5.44,5.49,23.53,43
store_43,item_9,0,Permintaan Rendah,15.66,4.57,0.2917,-7.49,7.53,23.15,43
store_44,item_1,1,Permintaan Tinggi,43.48,10.86,0.2497,19.07,19.07,24.41,44
store_44,item_10,1,Permintaan Tinggi,38.06,9.99,0.2624,11.95,11.96,26.11,46
store_44,item_11,0,Permintaan Rendah,13.18,4.15,0.3148,-12.75,12.75,25.93,46
store_44,item_12,1,Permintaan Tinggi,36.66,9.41,0.2566,11.57,11.58,25.08,45
store_44,item_13,1,Permintaan Tinggi,43.86,10.76,0.2452,15.26,15.26,28.59,48
store_44,item_14,1,Permintaan Tinggi,37.21,9.52,0.2558,10.83,10.84,26.38,46
store_44,item_15,0,Permintaan Rendah,18.17,5.71,0.3142,-3.41,3.86,21.58,41
store_44,item_16,0,Permintaan Rendah,11.07,3.87,0.3494,-15.8,15.8,26.88,47
store_44,item_17,1,Permintaan Tinggi,38.29,8.72,0.2278,15.32,15.32,22.96,43
store_44,item_18,1,Permintaan Tinggi,34.8,7.91,0.2273,11.75,11.75,23.05,43
store_44,item_19,1,Permintaan Tinggi,35.5,8.29,0.2336,13.48,13.48,22.02,42
store_44,item_2,0,Permintaan Rendah,21.86,6.04,0.2762,-2.33,3.34,24.19,44
store_44,item_20,1,Permintaan Tinggi,37.17,9.28,0.2498,17.56,17.56,19.61,39
store_44,item_21,0,Permintaan Rendah,14.02,4.16,0.2968,-10.51,10.51,24.52,44
store_44,item_22,0,Permintaan Rendah,23.08,6.12,0.2651,-1.32,2.69,24.4,44
store_44,item_23,1,Permintaan Tinggi,42.49,10.14,0.2385,19.96,19.96,22.54,42
store_44,item_24,0,Permintaan Rendah,15.02,4.69,0.3122,-10.72,10.72,25.74,46
store_44,item_25,1,Permintaan Tinggi,40.67,9.53,0.2342,17.19,17.19,23.48,43
store_44,item_26,1,Permintaan Tinggi,31.23,7.18,0.2298,7.76,7.8,23.47,43
store_44,item_27,0,Permintaan Rendah,21.97,5.95,0.2708,0.46,2.37,21.51,41
store_44,item_28,0,Permintaan Rendah,12.77,4.36,0.3415,-9.3,9.3,22.06,42
store_44,item_29,0,Permintaan Rendah,21.23,5.5,0.2591,-4.29,4.53,25.52,45
store_44,item_3,0,Permintaan Rendah,24.23,6.51,0.2686,1.76,2.77,22.47,42
store_44,item_30,0,Permintaan Rendah,22.13,5.99,0.2706,0.84,2.81,21.29,41
store_44,item_31,1,Permintaan Tinggi,35.65,8.25,0.2315,8.85,8.87,26.8,47
store_44,item_32,1,Permintaan Tinggi,32.14,7.94,0.247,8.96,8.96,23.18,43
store_44,item_33,1,Permintaan Tinggi,40.26,9.76,0.2423,17.99,17.99,22.27,42
store_44,item_34,1,Permintaan Tinggi,41.6,10.74,0.2583,18.02,18.02,23.58,43
store_44,item_35,0,Permintaan Rendah,26.51,6.97,0.263,2.03,3.17,24.48,44
store_44,item_36,0,Permintaan Rendah,14.73,4.7,0.319,-5.15,5.3,19.88,40
store_44,item_37,1,Permintaan Tinggi,35.19,8.99,0.2556,8.87,8.88,26.32,46
store_44,item_38,1,Permintaan Tinggi,35.77,7.71,0.2156,9.51,9.51,26.25,46
store_44,item_39,1,Permintaan Tinggi,30.55,8.61,0.2818,6.86,6.91,23.69,44
store_44,item_4,0,Permintaan Rendah,20.13,4.97,0.2468,-6.1,6.2,26.23,46
store_44,item_40,1,Permintaan Tinggi,36.52,8.85,0.2423,10.58,10.58,25.94,46
store_44,item_41,0,Permintaan Rendah,27.35,6.5,0.2377,7.43,7.43,19.92,40
store_44,item_42,1,Permintaan Tinggi,28.65,7.95,0.2774,2.07,3.23,26.58,46
store_44,item_43,0,Permintaan Rendah,25.51,6.14,0.2406,2.67,3.31,22.83,43
store_44,item_44,0,Permintaan Rendah,11.81,4.11,0.3481,-14.18,14.18,25.99,46
store_44,item_45,1,Permintaan Tinggi,31.65,7.54,0.2384,7.38,7.49,24.27,44
store_44,item_46,0,Permintaan Rendah,15.0,4.43,0.2952,-7.39,7.42,22.39,42
store_44,item_47,1,Permintaan Tinggi,42.16,10.53,0.2498,19.75,19.75,22.41,42
store_44,item_48,0,Permintaan Rendah,14.01,4.53,0.3233,-7.75,7.75,21.76,42
store_44,item_49,0,Permintaan Rendah,17.7,4.91,0.2774,-6.18,6.23,23.88,44
store_44,item_5,1,Permintaan Tinggi,38.66,9.37,0.2425,16.43,16.43,22.23,42
store_44,item_50,0,Permintaan Rendah,12.45,4.1,0.3291,-8.04,8.06,20.49,40
store_44,item_6,0,Permintaan Rendah,23.2,6.02,0.2597,-0.38,2.52,23.57,43
store_44,item_7,0,Permintaan Rendah,20.34,5.26,0.2584,-1.84,3.0,22.19,42
store_44,item_8,1,Permintaan Tinggi,28.52,6.63,0.2327,2.06,2.96,26.45,46
store_44,item_9,0,Permintaan Rendah,15.89,5.21,0.3281,-6.51,6.54,22.4,42
store_45,item_1,1,Permintaan Tinggi,37.3,9.89,0.2651,8.66,8.69,28.65,49
store_45,item_10,1,Permintaan Tinggi,32.24,7.4,0.2295,8.43,8.43,23.82,44
store_45,item_11,0,Permintaan Rendah,11.54,3.92,0.3392,-9.02,9.02,20.56,40
store_45,item_12,1,Permintaan Tinggi,31.61,7.87,0.2489,8.68,8.7,22.93,43
store_45,item_13,1,Permintaan Tinggi,37.4,8.77,0.2345,12.74,12.74,24.65,45
store_45,item_14,1,Permintaan Tinggi,32.21,9.16,0.2843,5.24,5.49,26.97,47
store_45,item_15,0,Permintaan Rendah,14.87,4.67,0.3142,-8.64,8.64,23.51,43
store_45,item_16,0,Permintaan Rendah,9.28,3.68,0.3962,-13.94,13.94,23.23,43
store_45,item_17,1,Permintaan Tinggi,32.32,7.68,0.2376,7.92,7.93,24.4,44
store_45,item_18,1,Permintaan Tinggi,29.97,8.03,0.2679,5.32,5.51,24.65,45
store_45,item_19,1,Permintaan Tinggi,29.92,8.07,0.2697,6.27,6.34,23.65,44
store_45,item_2,0,Permintaan Rendah,19.15,5.46,0.285,-6.25,6.27,25.4,45
store_45,item_20,1,Permintaan Tinggi,30.38,7.63,0.2512,9.42,9.44,20.95,41
store_45,item_21,0,Permintaan Rendah,11.61,4.13,0.356,-13.35,13.35,24.96,45
store_45,item_22,0,Permintaan Rendah,19.67,5.26,0.2674,-1.38,2.94,21.05,41
store_45,item_23,1,Permintaan Tinggi,36.79,9.89,0.2689,14.67,14.67,22.12,42
store_45,item_24,0,Permintaan Rendah,12.1,4.39,0.3625,-9.16,9.16,21.26,41
store_45,item_25,1,Permintaan Tinggi,33.79,8.72,0.258,6.87,6.99,26.92,47
store_45,item_26,0,Permintaan Rendah,27.11,7.02,0.259,2.55,3.36,24.56,44
store_45,item_27,0,Permintaan Rendah,18.69,5.28,0.2823,0.31,2.59,18.38,38
store_45,item_28,0,Permintaan Rendah,10.74,3.86,0.3599,-11.67,11.67,22.41,42
store_45,item_29,0,Permintaan Rendah,18.2,5.3,0.2912,-2.37,3.14,20.57,40
store_45,item_3,0,Permintaan Rendah,20.52,5.96,0.2903,-0.09,2.44,20.61,40
store_45,item_30,0,Permintaan Rendah,18.61,5.56,0.2988,-5.49,5.78,24.11,44
store_45,item_31,1,Permintaan Tinggi,29.72,7.93,0.2669,8.09,8.12,21.63,41
store_45,item_32,0,Permintaan Rendah,27.2,6.51,0.2393,7.2,7.28,19.99,40
store_45,item_33,1,Permintaan Tinggi,34.4,8.68,0.2522,14.42,14.42,19.98,40
store_45,item_34,1,Permintaan Tinggi,33.94,8.48,0.2497,9.88,9.88,24.06,44
store_45,item_35,0,Permintaan Rendah,22.98,6.19,0.2695,0.25,2.65,22.72,43
store_45,item_36,0,Permintaan Rendah,12.8,4.49,0.3506,-10.11,10.11,22.91,43
store_45,item_37,1,Permintaan Tinggi,29.82,7.87,0.2638,6.65,6.75,23.17,43
store_45,item_38,1,Permintaan Tinggi,31.27,7.75,0.2479,11.43,11.43,19.83,40
store_45,item_39,0,Permintaan Rendah,25.53,6.07,0.2377,1.26,2.79,24.28,44
store_45,item_4,0,Permintaan Rendah,17.47,4.78,0.2739,-7.74,7.74,25.2,45
store_45,item_40,1,Permintaan Tinggi,30.75,7.46,0.2427,7.7,7.71,23.05,43
store_45,item_41,0,Permintaan Rendah,23.93,6.69,0.2796,0.44,2.58,23.49,43
store_45,item_42,0,Permintaan Rendah,23.54,6.14,0.2608,-0.45,2.5,23.99,44
store_45,item_43,0,Permintaan Rendah,21.38,5.8,0.2713,-2.28,3.33,23.65,44
store_45,item_44,0,Permintaan Rendah,9.94,3.82,0.3841,-13.07,13.07,23.01,43
store_45,item_45,0,Permintaan Rendah,26.61,6.87,0.2582,1.8,2.98,24.81,45
store_45,item_46,0,Permintaan Rendah,12.14,3.77,0.3108,-10.77,10.77,22.91,43
store_45,item_47,1,Permintaan Tinggi,36.41,9.65,0.265,17.06,17.06,19.35,39
store_45,item_48,0,Permintaan Rendah,11.83,3.65,0.3085,-11.37,11.37,23.19,43
store_45,item_49,0,Permintaan Rendah,15.18,4.73,0.3114,-8.51,8.51,23.7,44
store_45,item_5,1,Permintaan Tinggi,32.76,8.88,0.2711,8.34,8.4,24.42,44
store_45,item_50,0,Permintaan Rendah,10.61,4.07,0.3837,-15.32,15.32,25.94,46
store_45,item_6,0,Permintaan Rendah,18.95,5.11,0.2697,-4.09,4.31,23.03,43
store_45,item_7,0,Permintaan Rendah,17.23,5.14,0.2984,-7.93,7.93,25.16,45
store_45,item_8,0,Permintaan Rendah,24.82,6.62,0.2669,-2.01,3.15,26.83,47
store_45,item_9,0,Permintaan Rendah,13.07,3.91,0.2991,-8.23,8.26,21.3,41
store_46,item_1,1,Permintaan Tinggi,37.26,7.93,0.2129,17.53,17.53,19.73,40
store_46,item_10,1,Permintaan Tinggi,32.69,7.98,0.2443,11.51,11.51,21.18,41
store_46,item_11,0,Permintaan Rendah,11.38,3.7,0.325,-10.22,10.22,21.6,41
store_46,item_12,1,Permintaan Tinggi,31.31,7.69,0.2457,8.38,8.39,22.93,43
store_46,item_13,1,Permintaan Tinggi,37.29,9.14,0.2452,14.79,14.79,22.5,42
store_46,item_14,1,Permintaan Tinggi,31.22,7.66,0.2453,11.58,11.58,19.64,39
store_46,item_15,0,Permintaan Rendah,15.18,5.11,0.3369,-7.56,7.61,22.74,43
store_46,item_16,0,Permintaan Rendah,9.74,3.78,0.3882,-10.59,10.59,20.33,40
store_46,item_17,1,Permintaan Tinggi,32.63,8.22,0.2518,6.03,6.16,26.6,46
store_46,item_18,1,Permintaan Tinggi,30.07,8.68,0.2887,6.31,6.39,23.76,44
store_46,item_19,1,Permintaan Tinggi,30.18,7.42,0.246,6.81,6.85,23.37,43
store_46,item_2,0,Permintaan Rendah,18.65,4.88,0.2615,-4.0,4.28,22.65,43
store_46,item_20,1,Permintaan Tinggi,31.83,8.09,0.254,6.89,7.02,24.94,45
store_46,item_21,0,Permintaan Rendah,11.28,4.56,0.404,-10.87,10.92,22.15,42
store_46,item_22,0,Permintaan Rendah,19.25,5.09,0.2646,-4.35,4.6,23.6,43
store_46,item_23,1,Permintaan Tinggi,36.29,9.56,0.2633,13.08,13.08,23.21,43
store_46,item_24,0,Permintaan Rendah,13.17,4.12,0.3128,-9.36,9.38,22.54,42
store_46,item_25,1,Permintaan Tinggi,33.99,8.13,0.2392,11.91,11.91,22.08,42
store_46,item_26,0,Permintaan Rendah,26.85,6.7,0.2494,0.99,2.63,25.86,46
store_46,item_27,0,Permintaan Rendah,18.98,5.16,0.2718,-4.24,4.44,23.23,43
store_46,item_28,0,Permintaan Rendah,11.16,3.84,0.344,-13.22,13.22,24.37,44
store_46,item_29,0,Permintaan Rendah,18.43,5.14,0.279,-5.29,5.46,23.72,44
store_46,item_3,0,Permintaan Rendah,20.7,5.89,0.2843,0.25,2.65,20.45,40
store_46,item_30,0,Permintaan Rendah,18.93,5.4,0.2854,-1.65,3.33,20.59,40
store_46,item_31,1,Permintaan Tinggi,30.01,7.17,0.2389,5.86,5.96,24.14,44
store_46,item_32,0,Permintaan Rendah,27.82,7.44,0.2674,5.67,5.83,22.14,42
store_46,item_33,1,Permintaan Tinggi,35.02,9.14,0.2611,10.51,10.51,24.51,44
store_46,item_34,1,Permintaan Tinggi,35.71,8.96,0.251,11.09,11.1,24.61,44
store_46,item_35,0,Permintaan Rendah,22.84,5.49,0.2403,0.31,2.57,22.53,42
store_46,item_36,0,Permintaan Rendah,12.79,4.58,0.3578,-10.54,10.54,23.33,43
store_46,item_37,1,Permintaan Tinggi,29.43,7.27,0.2472,7.84,7.84,21.59,41
store_46,item_38,1,Permintaan Tinggi,31.14,7.62,0.2447,5.35,5.48,25.79,46
store_46,item_39,0,Permintaan Rendah,25.46,6.91,0.2714,2.08,3.15,23.38,43
store_46,item_4,0,Permintaan Rendah,16.93,5.1,0.3013,-2.85,3.74,19.78,40
store_46,item_40,1,Permintaan Tinggi,31.21,7.98,0.2557,8.69,8.75,22.52,42
store_46,item_41,0,Permintaan Rendah,23.79,5.8,0.2439,0.32,2.48,23.48,43
store_46,item_42,0,Permintaan Rendah,24.2,5.97,0.2468,2.27,3.24,21.93,42
store_46,item_43,0,Permintaan Rendah,22.34,6.32,0.2829,-2.14,3.05,24.48,44
store_46,item_44,0,Permintaan Rendah,9.87,3.75,0.3802,-13.67,13.67,23.54,43
store_46,item_45,0,Permintaan Rendah,26.66,7.42,0.2783,0.67,2.77,25.99,46
store_46,item_46,0,Permintaan Rendah,12.33,4.5,0.3649,-10.29,10.3,22.62,42
store_46,item_47,1,Permintaan Tinggi,36.61,9.0,0.2458,12.09,12.09,24.52,44
store_46,item_48,0,Permintaan Rendah,12.35,4.24,0.3435,-8.98,8.99,21.32,41
store_46,item_49,0,Permintaan Rendah,15.48,4.69,0.303,-9.62,9.64,25.1,45
store_46,item_5,1,Permintaan Tinggi,33.18,8.38,0.2525,10.28,10.28,22.91,43
store_46,item_50,0,Permintaan Rendah,10.89,3.65,0.335,-11.44,11.44,22.33,42
store_46,item_6,0,Permintaan Rendah,19.27,5.53,0.2871,-5.27,5.37,24.54,44
store_46,item_7,0,Permintaan Rendah,17.22,5.0,0.2901,-4.09,4.45,21.32,41
store_46,item_8,0,Permintaan Rendah,25.27,6.71,0.2656,2.25,3.23,23.02,43
store_46,item_9,0,Permintaan Rendah,13.56,4.12,0.3041,-12.28,12.28,25.84,46
store_47,item_1,1,Permintaan Tinggi,37.3,9.77,0.2619,14.0,14.0,23.3,43
store_47,item_10,1,Permintaan Tinggi,31.95,8.0,0.2503,10.2,10.2,21.75,42
store_47,item_11,0,Permintaan Rendah,11.58,4.31,0.3725,-13.1,13.1,24.68,45
store_47,item_12,1,Permintaan Tinggi,30.67,7.59,0.2475,5.87,6.01,24.8,45
store_47,item_13,1,Permintaan Tinggi,36.84,8.98,0.2437,12.81,12.81,24.04,44
store_47,item_14,1,Permintaan Tinggi,31.47,7.29,0.2315,5.58,5.69,25.89,46
store_47,item_15,0,Permintaan Rendah,15.43,4.34,0.2812,-0.62,2.58,16.06,36
store_47,item_16,0,Permintaan Rendah,9.47,3.93,0.4152,-13.31,13.31,22.78,43
store_47,item_17,1,Permintaan Tinggi,32.31,7.35,0.2276,4.88,5.13,27.43,47
store_47,item_18,1,Permintaan Tinggi,29.92,8.18,0.2733,4.51,4.86,25.42,45
store_47,item_19,1,Permintaan Tinggi,30.4,8.31,0.2732,6.86,6.9,23.55,43
store_47,item_2,0,Permintaan Rendah,18.27,5.43,0.2971,-3.5,4.14,21.77,42
store_47,item_20,1,Permintaan Tinggi,30.91,7.98,0.2582,7.9,7.91,23.01,43
store_47,item_21,0,Permintaan Rendah,11.55,4.51,0.3908,-10.09,10.09,21.64,41
store_47,item_22,0,Permintaan Rendah,19.76,5.58,0.2824,-1.41,2.8,21.17,41
store_47,item_23,1,Permintaan Tinggi,36.28,9.03,0.2489,15.03,15.03,21.24,41
store_47,item_24,0,Permintaan Rendah,12.53,4.57,0.3651,-10.8,10.8,23.33,43
store_47,item_25,1,Permintaan Tinggi,33.24,7.97,0.2398,10.96,10.96,22.28,42
store_47,item_26,0,Permintaan Rendah,27.02,6.95,0.2573,2.81,3.48,24.2,44
store_47,item_27,0,Permintaan Rendah,19.09,5.11,0.2677,-3.66,4.06,22.76,43
store_47,item_28,0,Permintaan Rendah,11.28,3.87,0.3431,-11.03,11.03,22.31,42
store_47,item_29,0,Permintaan Rendah,17.74,4.89,0.2756,-7.99,8.04,25.73,46
store_47,item_3,0,Permintaan Rendah,20.9,5.94,0.2839,-4.45,4.57,25.35,45
store_47,item_30,0,Permintaan Rendah,18.37,4.72,0.2568,-2.5,3.31,20.87,41
store_47,item_31,1,Permintaan Tinggi,29.47,6.95,0.236,7.72,7.72,21.74,42
store_47,item_32,0,Permintaan Rendah,27.16,7.35,0.2706,4.98,5.23,22.18,42
store_47,item_33,1,Permintaan Tinggi,34.06,7.63,0.2239,7.99,7.99,26.07,46
store_47,item_34,1,Permintaan Tinggi,34.77,8.6,0.2472,9.69,9.74,25.08,45
store_47,item_35,0,Permintaan Rendah,23.37,6.06,0.2595,-3.51,3.89,26.88,47
store_47,item_36,0,Permintaan Rendah,13.26,4.47,0.3372,-11.6,11.6,24.86,45
store_47,item_37,1,Permintaan Tinggi,29.49,7.6,0.2576,10.87,10.87,18.62,38
store_47,item_38,1,Permintaan Tinggi,31.39,8.74,0.2784,6.86,6.9,24.53,44
store_47,item_39,0,Permintaan Rendah,25.21,6.86,0.2722,-0.79,2.67,26.0,46
store_47,item_4,0,Permintaan Rendah,16.6,5.27,0.3174,-3.06,3.75,19.66,40
store_47,item_40,1,Permintaan Tinggi,30.48,7.71,0.2529,6.06,6.14,24.42,44
store_47,item_41,0,Permintaan Rendah,22.86,6.05,0.2644,-1.61,2.71,24.47,44
store_47,item_42,0,Permintaan Rendah,24.67,7.27,0.2947,2.24,3.14,22.43,42
store_47,item_43,0,Permintaan Rendah,22.14,6.28,0.2835,-1.19,2.9,23.33,43
store_47,item_44,0,Permintaan Rendah,10.09,3.92,0.388,-17.53,17.53,27.62,47
store_47,item_45,0,Permintaan Rendah,25.5,6.24,0.2447,1.83,3.1,23.67,44
store_47,item_46,0,Permintaan Rendah,12.21,3.99,0.3268,-7.77,7.81,19.98,40
store_47,item_47,1,Permintaan Tinggi,35.07,8.54,0.2434,11.9,11.91,23.17,43
store_47,item_48,0,Permintaan Rendah,11.73,3.99,0.3403,-10.66,10.66,22.39,42
store_47,item_49,0,Permintaan Rendah,14.42,4.96,0.344,-10.96,10.96,25.37,45
store_47,item_5,1,Permintaan Tinggi,33.03,8.23,0.2492,10.76,10.76,22.27,42
store_47,item_50,0,Permintaan Rendah,10.7,4.16,0.3888,-12.04,12.04,22.74,43
store_47,item_6,0,Permintaan Rendah,19.77,4.99,0.2526,-3.53,4.01,23.3,43
store_47,item_7,0,Permintaan Rendah,17.35,5.22,0.3007,-2.98,3.48,20.33,40
store_47,item_8,0,Permintaan Rendah,24.19,6.22,0.257,4.01,4.55,20.18,40
store_47,item_9,0,Permintaan Rendah,14.02,4.61,0.3286,-9.45,9.45,23.47,43
store_48,item_1,1,Permintaan Tinggi,34.89,8.14,0.2334,10.66,10.67,24.23,44
store_48,item_10,1,Permintaan Tinggi,30.86,7.18,0.2327,11.34,11.34,19.52,39
store_48,item_11,0,Permintaan Rendah,11.45,4.36,0.3809,-10.15,10.16,21.61,41
store_48,item_12,1,Permintaan Tinggi,29.68,7.3,0.246,7.2,7.26,22.48,42
store_48,item_13,1,Permintaan Tinggi,35.14,8.14,0.2317,11.83,11.85,23.31,43
store_48,item_14,1,Permintaan Tinggi,29.42,6.71,0.2281,6.43,6.55,22.99,43
store_48,item_15,0,Permintaan Rendah,14.5,4.55,0.3138,-9.46,9.46,23.96,44
store_48,item_16,0,Permintaan Rendah,9.21,3.86,0.419,-14.62,14.62,23.83,44
store_48,item_17,1,Permintaan Tinggi,30.62,8.21,0.268,2.8,3.75,27.82,48
store_48,item_18,1,Permintaan Tinggi,27.96,6.87,0.2458,2.25,3.23,25.71,46
store_48,item_19,1,Permintaan Tinggi,28.62,6.71,0.2344,6.16,6.18,22.47,42
store_48,item_2,0,Permintaan Rendah,18.0,5.71,0.317,-4.46,4.68,22.46,42
store_48,item_20,1,Permintaan Tinggi,30.36,8.3,0.2735,5.49,5.62,24.87,45
store_48,item_21,0,Permintaan Rendah,10.87,4.0,0.3679,-12.27,12.27,23.14,43
store_48,item_22,0,Permintaan Rendah,18.54,5.18,0.2794,-7.38,7.43,25.92,46
store_48,item_23,1,Permintaan Tinggi,33.78,8.0,0.2367,12.79,12.79,20.99,41
store_48,item_24,0,Permintaan Rendah,12.01,4.28,0.3562,-14.17,14.17,26.17,46
store_48,item_25,1,Permintaan Tinggi,31.16,7.82,0.251,8.77,8.83,22.39,42
store_48,item_26,0,Permintaan Rendah,25.76,6.49,0.2518,0.65,2.85,25.12,45
store_48,item_27,0,Permintaan Rendah,17.71,5.16,0.2915,-3.83,4.37,21.54,41
store_48,item_28,0,Permintaan Rendah,10.41,4.21,0.4044,-14.4,14.41,24.82,45
store_48,item_29,0,Permintaan Rendah,17.4,5.63,0.3237,-3.16,3.84,20.56,40
store_48,item_3,0,Permintaan Rendah,19.45,5.65,0.2905,-5.03,5.29,24.48,44
store_48,item_30,0,Permintaan Rendah,17.77,4.97,0.2796,-7.46,7.48,25.23,45
store_48,item_31,1,Permintaan Tinggi,29.22,7.94,0.2719,5.77,5.95,23.45,43
store_48,item_32,0,Permintaan Rendah,26.02,7.16,0.275,5.43,5.48,20.59,40
store_48,item_33,1,Permintaan Tinggi,32.46,7.92,0.2439,8.71,8.71,23.75,44
store_48,item_34,1,Permintaan Tinggi,32.47,7.29,0.2245,8.95,8.96,23.52,43
store_48,item_35,0,Permintaan Rendah,22.05,5.93,0.2689,0.55,2.71,21.5,41
store_48,item_36,0,Permintaan Rendah,12.21,4.27,0.3495,-12.42,12.42,24.63,44
store_48,item_37,0,Permintaan Rendah,27.8,6.42,0.231,5.23,5.35,22.58,42
store_48,item_38,1,Permintaan Tinggi,30.16,8.82,0.2923,4.54,4.79,25.62,45
store_48,item_39,0,Permintaan Rendah,23.58,5.53,0.2344,-0.72,2.56,24.29,44
store_48,item_4,0,Permintaan Rendah,16.38,4.75,0.29,-6.28,6.31,22.66,43
store_48,item_40,1,Permintaan Tinggi,29.83,7.58,0.2542,5.99,6.09,23.84,44
store_48,item_41,0,Permintaan Rendah,22.5,5.67,0.2519,1.7,2.86,20.8,41
store_48,item_42,0,Permintaan Rendah,22.81,5.99,0.2627,-3.02,3.74,25.83,46
store_48,item_43,0,Permintaan Rendah,20.84,5.96,0.286,-1.54,2.81,22.38,42
store_48,item_44,0,Permintaan Rendah,9.38,3.95,0.4207,-12.92,12.92,22.3,42
store_48,item_45,0,Permintaan Rendah,24.89,5.95,0.239,0.82,2.72,24.06,44
store_48,item_46,0,Permintaan Rendah,12.14,4.21,0.3471,-11.43,11.43,23.56,43
store_48,item_47,1,Permintaan Tinggi,33.4,7.88,0.2358,11.5,11.5,21.9,42
store_48,item_48,0,Permintaan Rendah,11.55,4.32,0.3741,-14.56,14.56,26.12,46
store_48,item_49,0,Permintaan Rendah,14.01,4.29,0.3064,-8.58,8.58,22.58,42
store_48,item_5,1,Permintaan Tinggi,30.96,7.21,0.2329,4.8,5.09,26.16,46
store_48,item_50,0,Permintaan Rendah,10.1,3.77,0.3736,-10.29,10.29,20.39,40
store_48,item_6,0,Permintaan Rendah,18.7,5.34,0.2857,-8.21,8.26,26.91,47
store_48,item_7,0,Permintaan Rendah,16.6,5.01,0.3016,-5.8,5.95,22.4,42
store_48,item_8,0,Permintaan Rendah,23.58,6.04,0.256,0.35,2.35,23.23,43
store_48,item_9,0,Permintaan Rendah,12.7,4.35,0.3424,-7.63,7.66,20.32,40
store_49,item_1,1,Permintaan Tinggi,48.18,10.67,0.2215,25.33,25.33,22.86,43
store_49,item_10,1,Permintaan Tinggi,41.71,9.14,0.2192,16.14,16.14,25.58,45
store_49,item_11,0,Permintaan Rendah,15.34,4.63,0.3019,-6.36,6.48,21.7,42
store_49,item_12,1,Permintaan Tinggi,41.32,9.07,0.2194,17.7,17.7,23.62,43
store_49,item_13,1,Permintaan Tinggi,48.8,11.28,0.2311,25.36,25.36,23.44,43
store_49,item_14,1,Permintaan Tinggi,41.62,10.78,0.2591,13.63,13.63,27.98,48
store_49,item_15,0,Permintaan Rendah,19.62,6.09,0.3104,-4.35,4.54,23.97,44
store_49,item_16,0,Permintaan Rendah,12.91,4.35,0.3369,-6.4,6.59,19.31,39
store_49,item_17,1,Permintaan Tinggi,43.67,10.39,0.2379,21.74,21.74,21.93,42
store_49,item_18,1,Permintaan Tinggi,39.26,9.76,0.2486,17.49,17.49,21.77,42
store_49,item_19,1,Permintaan Tinggi,39.74,10.03,0.2524,14.27,14.27,25.47,45
store_49,item_2,0,Permintaan Rendah,25.12,6.63,0.2638,2.3,2.98,22.82,43
store_49,item_20,1,Permintaan Tinggi,41.72,9.64,0.2311,19.1,19.1,22.63,42
store_49,item_21,0,Permintaan Rendah,15.78,4.65,0.2946,-6.19,6.21,21.97,42
store_49,item_22,0,Permintaan Rendah,26.09,6.86,0.2631,0.49,2.69,25.6,45
store_49,item_23,1,Permintaan Tinggi,47.74,12.23,0.2562,21.26,21.26,26.48,46
store_49,item_24,0,Permintaan Rendah,17.11,5.03,0.2941,-1.63,2.86,18.74,39
store_49,item_25,1,Permintaan Tinggi,45.01,9.8,0.2177,21.63,21.63,23.38,43
store_49,item_26,1,Permintaan Tinggi,37.05,10.11,0.2728,12.92,12.92,24.14,44
store_49,item_27,0,Permintaan Rendah,24.92,6.65,0.2669,3.1,3.75,21.82,42
store_49,item_28,0,Permintaan Rendah,15.22,4.69,0.3084,-3.63,4.08,18.85,39
store_49,item_29,0,Permintaan Rendah,24.34,6.48,0.2662,4.19,4.43,20.15,40
store_49,item_3,0,Permintaan Rendah,27.21,7.38,0.2713,4.78,5.06,22.42,42
store_49,item_30,0,Permintaan Rendah,24.78,5.79,0.2338,4.18,4.4,20.59,40
store_49,item_31,1,Permintaan Tinggi,40.08,9.29,0.2318,11.52,11.52,28.56,48
store_49,item_32,1,Permintaan Tinggi,35.89,8.95,0.2495,10.04,10.04,25.85,46
store_49,item_33,1,Permintaan Tinggi,46.26,11.07,0.2393,23.35,23.35,22.9,43
store_49,item_34,1,Permintaan Tinggi,45.39,10.11,0.2227,18.91,18.91,26.48,46
store_49,item_35,1,Permintaan Tinggi,29.69,7.37,0.2481,5.62,5.89,24.07,44
store_49,item_36,0,Permintaan Rendah,16.75,4.94,0.2948,-5.96,6.05,22.71,43
store_49,item_37,1,Permintaan Tinggi,39.53,10.25,0.2593,16.33,16.33,23.2,43
store_49,item_38,1,Permintaan Tinggi,40.87,10.2,0.2495,17.91,17.91,22.96,43
store_49,item_39,1,Permintaan Tinggi,33.23,7.61,0.2289,10.37,10.37,22.86,43
store_49,item_4,0,Permintaan Rendah,22.82,6.29,0.2754,-2.0,3.11,24.82,45
store_49,item_40,1,Permintaan Tinggi,41.48,10.05,0.2423,16.23,16.23,25.25,45
store_49,item_41,1,Permintaan Tinggi,31.43,8.37,0.2663,8.58,8.58,22.85,43
store_49,item_42,1,Permintaan Tinggi,31.86,8.5,0.2667,7.57,7.58,24.29,44
store_49,item_43,1,Permintaan Tinggi,28.05,6.62,0.2359,5.55,5.63,22.5,42
store_49,item_44,0,Permintaan Rendah,13.84,4.16,0.3009,-10.52,10.52,24.36,44
store_49,item_45,1,Permintaan Tinggi,34.77,8.18,0.2354,8.95,9.0,25.81,46
store_49,item_46,0,Permintaan Rendah,16.97,5.02,0.2958,-6.01,6.09,22.99,43
store_49,item_47,1,Permintaan Tinggi,47.67,11.17,0.2343,23.28,23.28,24.39,44
store_49,item_48,0,Permintaan Rendah,15.81,4.62,0.2922,-10.78,10.79,26.59,46
store_49,item_49,0,Permintaan Rendah,19.41,5.79,0.2983,-6.7,6.72,26.1,46
store_49,item_5,1,Permintaan Tinggi,43.16,10.21,0.2366,18.92,18.92,24.24,44
store_49,item_50,0,Permintaan Rendah,14.36,4.14,0.288,-4.42,4.98,18.78,39
store_49,item_6,0,Permintaan Rendah,25.77,6.56,0.2547,2.42,3.19,23.35,43
store_49,item_7,0,Permintaan Rendah,22.8,6.0,0.2633,2.21,3.07,20.6,40
store_49,item_8,1,Permintaan Tinggi,32.94,8.64,0.2622,7.82,7.9,25.12,45
store_49,item_9,0,Permintaan Rendah,17.52,4.66,0.2663,-4.65,4.83,22.17,42
store_5,item_1,1,Permintaan Tinggi,49.02,12.64,0.2579,22.2,22.2,26.82,47
store_5,item_10,1,Permintaan Tinggi,42.87,11.13,0.2597,17.68,17.68,25.19,45
store_5,item_11,0,Permintaan Rendah,15.17,4.73,0.312,-6.07,6.22,21.24,41
store_5,item_12,1,Permintaan Tinggi,39.89,9.36,0.2346,14.72,14.72,25.16,45
store_5,item_13,1,Permintaan Tinggi,50.18,12.64,0.2518,26.35,26.35,23.83,44
store_5,item_14,1,Permintaan Tinggi,42.08,10.38,0.2467,16.81,16.81,25.26,45
store_5,item_15,0,Permintaan Rendah,19.83,6.01,0.3033,-3.56,3.87,23.39,43
store_5,item_16,0,Permintaan Rendah,12.58,4.23,0.3362,-4.93,5.38,17.51,37
store_5,item_17,1,Permintaan Tinggi,42.86,10.72,0.25,19.82,19.82,23.04,43
store_5,item_18,1,Permintaan Tinggi,38.49,9.12,0.237,15.1,15.1,23.39,43
store_5,item_19,1,Permintaan Tinggi,39.24,9.66,0.2461,15.33,15.33,23.91,44
store_5,item_2,0,Permintaan Rendah,24.34,7.12,0.2926,1.84,3.0,22.51,42
store_5,item_20,1,Permintaan Tinggi,40.5,9.57,0.2364,18.19,18.19,22.31,42
store_5,item_21,0,Permintaan Rendah,14.72,4.35,0.2954,-7.01,7.01,21.73,42
store_5,item_22,0,Permintaan Rendah,25.68,6.91,0.269,1.94,2.93,23.75,44
store_5,item_23,1,Permintaan Tinggi,48.68,11.56,0.2374,24.21,24.21,24.48,44
store_5,item_24,0,Permintaan Rendah,16.71,5.47,0.3276,-7.7,7.71,24.41,44
store_5,item_25,1,Permintaan Tinggi,43.76,9.87,0.2256,19.15,19.15,24.61,44
store_5,item_26,1,Permintaan Tinggi,34.95,8.25,0.2361,9.64,9.66,25.32,45
store_5,item_27,0,Permintaan Rendah,24.27,6.13,0.2525,4.59,4.79,19.68,40
store_5,item_28,0,Permintaan Rendah,14.61,4.62,0.3166,-10.02,10.03,24.63,44
store_5,item_29,0,Permintaan Rendah,24.13,6.22,0.2576,-2.22,3.08,26.35,46
store_5,item_3,0,Permintaan Rendah,26.22,6.7,0.2556,-0.43,2.79,26.65,47
store_5,item_30,0,Permintaan Rendah,24.83,6.23,0.2509,1.75,2.78,23.08,43
store_5,item_31,1,Permintaan Tinggi,39.9,10.08,0.2527,14.87,14.87,25.02,45
store_5,item_32,1,Permintaan Tinggi,36.38,8.72,0.2398,14.94,14.94,21.44,41
store_5,item_33,1,Permintaan Tinggi,44.51,10.17,0.2284,15.51,15.51,29.0,49
store_5,item_34,1,Permintaan Tinggi,45.87,11.64,0.2538,19.63,19.63,26.24,46
store_5,item_35,1,Permintaan Tinggi,29.87,8.09,0.2708,8.49,8.54,21.38,41
store_5,item_36,0,Permintaan Rendah,16.58,4.37,0.2636,-8.39,8.39,24.96,45
store_5,item_37,1,Permintaan Tinggi,38.76,9.86,0.2545,20.16,20.16,18.59,38
store_5,item_38,1,Permintaan Tinggi,40.6,9.77,0.2406,13.65,13.65,26.94,47
store_5,item_39,1,Permintaan Tinggi,33.22,7.89,0.2375,14.03,14.03,19.2,39
store_5,item_4,0,Permintaan Rendah,22.67,6.35,0.2801,0.57,2.59,22.1,42
store_5,item_40,1,Permintaan Tinggi,40.61,10.66,0.2625,15.82,15.82,24.79,45
store_5,item_41,1,Permintaan Tinggi,30.27,7.66,0.2529,4.82,4.98,25.45,45
store_5,item_42,1,Permintaan Tinggi,31.83,7.32,0.2301,9.52,9.52,22.31,42
store_5,item_43,1,Permintaan Tinggi,28.43,7.18,0.2524,2.79,3.5,25.64,45
store_5,item_44,0,Permintaan Rendah,13.36,4.64,0.3477,-10.28,10.28,23.64,43
store_5,item_45,1,Permintaan Tinggi,34.45,8.35,0.2425,11.71,11.71,22.73,43
store_5,item_46,0,Permintaan Rendah,15.93,4.62,0.2901,-8.16,8.16,24.09,44
store_5,item_47,1,Permintaan Tinggi,47.05,12.55,0.2667,16.4,16.41,30.64,51
store_5,item_48,0,Permintaan Rendah,15.53,4.4,0.2834,-5.53,5.59,21.06,41
store_5,item_49,0,Permintaan Rendah,19.66,5.34,0.2716,-5.8,5.82,25.46,45
store_5,item_5,1,Permintaan Tinggi,43.22,10.3,0.2383,21.04,21.04,22.17,42
store_5,item_50,0,Permintaan Rendah,13.8,4.88,0.3539,-9.43,9.44,23.24,43
store_5,item_6,0,Permintaan Rendah,25.64,7.27,0.2835,4.89,5.1,20.75,41
store_5,item_7,0,Permintaan Rendah,23.18,6.19,0.2669,-1.07,3.03,24.25,44
store_5,item_8,1,Permintaan Tinggi,32.6,8.48,0.2601,8.23,8.27,24.37,44
store_5,item_9,0,Permintaan Rendah,16.97,4.52,0.2664,-4.8,4.98,21.77,42
store_50,item_1,1,Permintaan Tinggi,43.93,10.31,0.2347,15.79,15.79,28.15,48
store_50,item_10,1,Permintaan Tinggi,37.99,9.23,0.243,11.28,11.29,26.71,47
store_50,item_11,0,Permintaan Rendah,13.73,4.12,0.3001,-13.79,13.79,27.52,47
store_50,item_12,1,Permintaan Tinggi,38.22,9.78,0.256,12.11,12.11,26.1,46
store_50,item_13,1,Permintaan Tinggi,44.98,10.93,0.2429,20.51,20.51,24.46,44
store_50,item_14,1,Permintaan Tinggi,37.86,8.78,0.2318,11.79,11.79,26.07,46
store_50,item_15,0,Permintaan Rendah,17.44,4.74,0.2717,-4.38,4.65,21.82,42
store_50,item_16,0,Permintaan Rendah,11.86,4.1,0.3454,-9.51,9.51,21.37,41
store_50,item_17,1,Permintaan Tinggi,39.1,8.92,0.2282,15.8,15.8,23.29,43
store_50,item_18,1,Permintaan Tinggi,36.01,9.22,0.2561,13.38,13.38,22.63,42
store_50,item_19,1,Permintaan Tinggi,35.87,7.53,0.2099,13.15,13.15,22.72,43
store_50,item_2,0,Permintaan Rendah,22.72,6.24,0.2744,-1.64,2.96,24.36,44
store_50,item_20,1,Permintaan Tinggi,37.53,9.23,0.246,11.55,11.55,25.98,46
store_50,item_21,0,Permintaan Rendah,13.94,4.04,0.2895,-6.92,6.99,20.86,41
store_50,item_22,0,Permintaan Rendah,24.16,6.26,0.2592,4.56,4.87,19.6,39
store_50,item_23,1,Permintaan Tinggi,43.98,12.21,0.2777,18.29,18.29,25.69,46
store_50,item_24,0,Permintaan Rendah,15.23,4.88,0.3204,-11.68,11.68,26.9,47
store_50,item_25,1,Permintaan Tinggi,41.28,9.98,0.2418,16.61,16.61,24.66,45
store_50,item_26,1,Permintaan Tinggi,32.88,8.61,0.2617,12.7,12.7,20.18,40
store_50,item_27,0,Permintaan Rendah,23.26,6.14,0.2639,-4.29,4.63,27.55,47
store_50,item_28,0,Permintaan Rendah,13.74,4.41,0.3212,-5.73,5.93,19.47,39
store_50,item_29,0,Permintaan Rendah,22.15,6.4,0.2889,-3.01,3.55,25.15,45
store_50,item_3,0,Permintaan Rendah,24.61,6.36,0.2585,-1.19,2.48,25.8,46
store_50,item_30,0,Permintaan Rendah,21.96,5.44,0.2477,-0.45,2.53,22.41,42
store_50,item_31,1,Permintaan Tinggi,36.72,8.54,0.2326,11.7,11.71,25.02,45
store_50,item_32,1,Permintaan Tinggi,33.01,8.3,0.2515,9.26,9.26,23.75,44
store_50,item_33,1,Permintaan Tinggi,41.66,9.86,0.2366,15.07,15.07,26.59,46
store_50,item_34,1,Permintaan Tinggi,41.65,10.2,0.2449,15.37,15.37,26.28,46
store_50,item_35,1,Permintaan Tinggi,27.9,7.04,0.2522,3.16,3.66,24.74,45
store_50,item_36,0,Permintaan Rendah,15.25,4.65,0.3047,-10.38,10.38,25.63,45
store_50,item_37,1,Permintaan Tinggi,35.73,8.97,0.2511,9.69,9.7,26.04,46
store_50,item_38,1,Permintaan Tinggi,37.57,8.54,0.2274,11.44,11.44,26.13,46
store_50,item_39,1,Permintaan Tinggi,30.67,8.18,0.2666,3.55,4.06,27.12,47
store_50,item_4,0,Permintaan Rendah,20.54,6.0,0.2919,-4.94,5.16,25.49,45
store_50,item_40,1,Permintaan Tinggi,37.16,9.48,0.2551,9.64,9.64,27.53,47
store_50,item_41,1,Permintaan Tinggi,28.26,7.48,0.2648,3.45,4.1,24.82,45
store_50,item_42,1,Permintaan Tinggi,29.56,6.86,0.232,5.33,5.39,24.23,44
store_50,item_43,0,Permintaan Rendah,25.49,6.9,0.2708,4.45,4.64,21.05,41
store_50,item_44,0,Permintaan Rendah,12.26,4.33,0.3529,-12.19,12.19,24.45,44
store_50,item_45,1,Permintaan Tinggi,31.5,7.28,0.231,8.53,8.53,22.97,43
store_50,item_46,0,Permintaan Rendah,14.94,4.57,0.3057,-8.51,8.51,23.45,43
store_50,item_47,1,Permintaan Tinggi,43.45,11.44,0.2633,17.07,17.07,26.38,46
store_50,item_48,0,Permintaan Rendah,14.88,4.7,0.3158,-8.18,8.18,23.05,43
store_50,item_49,0,Permintaan Rendah,17.38,5.12,0.2948,-6.39,6.42,23.77,44
store_50,item_5,1,Permintaan Tinggi,39.45,9.34,0.2368,14.4,14.4,25.05,45
store_50,item_50,0,Permintaan Rendah,12.73,4.06,0.319,-9.14,9.14,21.87,42
store_50,item_6,0,Permintaan Rendah,23.73,5.73,0.2414,-1.23,2.7,24.96,45
store_50,item_7,0,Permintaan Rendah,21.15,5.94,0.2808,-1.07,2.62,22.22,42
store_50,item_8,1,Permintaan Tinggi,29.9,7.76,0.2596,6.73,6.81,23.16,43
store_50,item_9,0,Permintaan Rendah,16.31,5.12,0.314,-6.65,6.68,22.96,43
store_6,item_1,1,Permintaan Tinggi,36.95,8.68,0.235,14.31,14.31,22.64,42
store_6,item_10,1,Permintaan Tinggi,33.03,8.72,0.2641,10.24,10.24,22.79,43
store_6,item_11,0,Permintaan Rendah,12.08,4.03,0.3337,-12.9,12.9,24.98,45
store_6,item_12,1,Permintaan Tinggi,32.1,8.06,0.251,7.79,7.88,24.31,44
store_6,item_13,1,Permintaan Tinggi,38.24,9.42,0.2462,13.05,13.05,25.2,45
store_6,item_14,1,Permintaan Tinggi,32.38,8.42,0.26,3.89,4.35,28.49,48
store_6,item_15,0,Permintaan Rendah,15.5,5.06,0.3262,-10.66,10.66,26.16,46
store_6,item_16,0,Permintaan Rendah,9.65,3.85,0.3995,-20.78,20.78,30.43,50
store_6,item_17,1,Permintaan Tinggi,33.9,8.29,0.2447,9.23,9.23,24.67,45
store_6,item_18,1,Permintaan Tinggi,30.68,8.13,0.265,4.54,4.74,26.14,46
store_6,item_19,1,Permintaan Tinggi,31.08,7.98,0.2567,5.19,5.38,25.88,46
store_6,item_2,0,Permintaan Rendah,19.36,5.08,0.2621,-1.95,3.05,21.31,41
store_6,item_20,1,Permintaan Tinggi,31.86,8.53,0.2676,5.43,5.62,26.43,46
store_6,item_21,0,Permintaan Rendah,11.82,4.2,0.3559,-12.57,12.57,24.38,44
store_6,item_22,0,Permintaan Rendah,19.86,5.78,0.2907,-6.0,6.08,25.86,46
store_6,item_23,1,Permintaan Tinggi,36.3,9.13,0.2515,14.84,14.84,21.47,41
store_6,item_24,0,Permintaan Rendah,13.11,4.09,0.3123,-12.33,12.33,25.44,45
store_6,item_25,1,Permintaan Tinggi,34.5,8.35,0.2419,8.57,8.57,25.93,46
store_6,item_26,0,Permintaan Rendah,27.09,6.64,0.245,3.57,4.02,23.53,43
store_6,item_27,0,Permintaan Rendah,18.6,5.11,0.2744,-3.45,3.9,22.05,42
store_6,item_28,0,Permintaan Rendah,11.79,4.22,0.3576,-8.03,8.04,19.81,40
store_6,item_29,0,Permintaan Rendah,18.14,5.1,0.281,-3.29,3.68,21.43,41
store_6,item_3,0,Permintaan Rendah,20.68,5.52,0.2669,-2.66,3.28,23.34,43
store_6,item_30,0,Permintaan Rendah,19.56,5.03,0.257,-6.42,6.51,25.98,46
store_6,item_31,1,Permintaan Tinggi,31.44,8.52,0.2711,7.78,7.82,23.66,44
store_6,item_32,0,Permintaan Rendah,27.51,6.94,0.2524,5.03,5.25,22.47,42
store_6,item_33,1,Permintaan Tinggi,35.52,9.4,0.2647,10.08,10.09,25.43,45
store_6,item_34,1,Permintaan Tinggi,35.57,8.48,0.2384,10.0,10.0,25.57,45
store_6,item_35,0,Permintaan Rendah,23.55,6.08,0.2582,0.96,2.63,22.59,42
store_6,item_36,0,Permintaan Rendah,13.16,4.2,0.3189,-9.41,9.41,22.56,42
store_6,item_37,1,Permintaan Tinggi,29.8,7.22,0.2424,2.78,3.47,27.02,47
store_6,item_38,1,Permintaan Tinggi,32.42,7.93,0.2445,8.35,8.36,24.07,44
store_6,item_39,0,Permintaan Rendah,25.29,6.88,0.2721,2.68,3.52,22.6,42
store_6,item_4,0,Permintaan Rendah,17.66,5.27,0.2986,-4.58,4.83,22.23,42
store_6,item_40,1,Permintaan Tinggi,31.97,7.24,0.2266,8.98,8.99,22.99,43
store_6,item_41,0,Permintaan Rendah,24.04,6.48,0.2694,4.26,4.59,19.79,40
store_6,item_42,0,Permintaan Rendah,24.73,6.53,0.2639,3.39,3.78,21.35,41
store_6,item_43,0,Permintaan Rendah,22.04,6.19,0.281,-2.16,3.13,24.2,44
store_6,item_44,0,Permintaan Rendah,9.99,3.38,0.338,-14.65,14.65,24.64,44
store_6,item_45,1,Permintaan Tinggi,27.72,7.63,0.2754,1.93,2.9,25.79,46
store_6,item_46,0,Permintaan Rendah,12.91,4.17,0.3225,-10.25,10.25,23.17,43
store_6,item_47,1,Permintaan Tinggi,35.98,8.08,0.2246,11.82,11.82,24.16,44
store_6,item_48,0,Permintaan Rendah,11.99,4.02,0.3351,-9.49,9.49,21.48,41
store_6,item_49,0,Permintaan Rendah,15.37,5.33,0.3471,-8.36,8.36,23.73,44
store_6,item_5,1,Permintaan Tinggi,33.78,8.96,0.2652,11.65,11.65,22.13,42
store_6,item_50,0,Permintaan Rendah,11.35,3.87,0.3406,-8.42,8.42,19.76,40
store_6,item_6,0,Permintaan Rendah,20.1,5.61,0.2793,-5.29,5.45,25.39,45
store_6,item_7,0,Permintaan Rendah,18.14,5.03,0.2773,-5.63,5.78,23.77,44
store_6,item_8,0,Permintaan Rendah,25.53,6.59,0.2583,6.62,6.68,18.91,39
store_6,item_9,0,Permintaan Rendah,13.85,4.35,0.3137,-10.19,10.19,24.04,44
store_7,item_1,1,Permintaan Tinggi,36.57,7.97,0.218,10.99,11.0,25.58,45
store_7,item_10,1,Permintaan Tinggi,32.32,8.09,0.2502,8.74,8.85,23.57,43
store_7,item_11,0,Permintaan Rendah,11.2,3.89,0.3478,-11.61,11.61,22.8,43
store_7,item_12,1,Permintaan Tinggi,31.19,8.28,0.2656,6.87,6.93,24.32,44
store_7,item_13,1,Permintaan Tinggi,37.4,8.56,0.2289,17.36,17.36,20.04,40
store_7,item_14,1,Permintaan Tinggi,31.91,7.88,0.247,8.23,8.23,23.69,44
store_7,item_15,0,Permintaan Rendah,15.28,4.57,0.2989,-8.29,8.29,23.56,43
store_7,item_16,0,Permintaan Rendah,9.89,3.6,0.3641,-8.97,8.97,18.86,39
store_7,item_17,1,Permintaan Tinggi,32.6,7.57,0.2323,7.88,7.93,24.72,45
store_7,item_18,1,Permintaan Tinggi,29.61,7.91,0.267,2.9,3.7,26.71,47
store_7,item_19,1,Permintaan Tinggi,29.63,7.19,0.2426,9.04,9.04,20.59,40
store_7,item_2,0,Permintaan Rendah,18.72,5.06,0.2704,-3.65,4.12,22.37,42
store_7,item_20,1,Permintaan Tinggi,31.72,7.51,0.2368,6.07,6.24,25.65,46
store_7,item_21,0,Permintaan Rendah,11.74,3.97,0.338,-6.96,7.08,18.71,39
store_7,item_22,0,Permintaan Rendah,19.54,5.46,0.2794,-3.34,3.86,22.87,43
store_7,item_23,1,Permintaan Tinggi,35.64,7.76,0.2179,16.03,16.03,19.6,39
store_7,item_24,0,Permintaan Rendah,13.6,5.13,0.3774,-13.06,13.06,26.66,47
store_7,item_25,1,Permintaan Tinggi,34.16,9.04,0.2645,9.29,9.29,24.87,45
store_7,item_26,0,Permintaan Rendah,27.74,6.87,0.2475,5.21,5.34,22.53,42
store_7,item_27,0,Permintaan Rendah,18.72,5.18,0.2769,-5.86,5.91,24.58,44
store_7,item_28,0,Permintaan Rendah,11.66,3.92,0.3361,-10.65,10.65,22.31,42
store_7,item_29,0,Permintaan Rendah,17.83,4.87,0.273,-4.76,4.97,22.59,42
store_7,item_3,0,Permintaan Rendah,20.62,5.9,0.2859,-7.66,7.69,28.28,48
store_7,item_30,0,Permintaan Rendah,18.79,5.14,0.2733,0.32,2.31,18.47,38
store_7,item_31,1,Permintaan Tinggi,30.11,7.48,0.2484,7.44,7.48,22.66,43
store_7,item_32,1,Permintaan Tinggi,28.43,7.18,0.2524,3.06,3.58,25.37,45
store_7,item_33,1,Permintaan Tinggi,35.61,9.33,0.262,10.12,10.13,25.49,45
store_7,item_34,1,Permintaan Tinggi,35.0,8.82,0.252,8.23,8.27,26.77,47
store_7,item_35,0,Permintaan Rendah,22.92,6.09,0.2657,-2.64,3.22,25.56,45
store_7,item_36,0,Permintaan Rendah,13.13,4.26,0.3241,-9.45,9.46,22.58,42
store_7,item_37,1,Permintaan Tinggi,29.47,6.94,0.2354,4.33,4.6,25.14,45
store_7,item_38,1,Permintaan Tinggi,30.86,7.09,0.2296,7.03,7.07,23.83,44
store_7,item_39,0,Permintaan Rendah,26.21,7.92,0.3022,1.46,2.91,24.75,45
store_7,item_4,0,Permintaan Rendah,17.22,4.96,0.2879,-7.37,7.44,24.59,44
store_7,item_40,1,Permintaan Tinggi,31.05,7.45,0.2398,8.92,8.92,22.13,42
store_7,item_41,0,Permintaan Rendah,23.89,6.16,0.2581,0.54,2.57,23.35,43
store_7,item_42,0,Permintaan Rendah,25.03,6.83,0.2729,0.62,2.61,24.41,44
store_7,item_43,0,Permintaan Rendah,21.99,6.53,0.2969,0.54,2.41,21.45,41
store_7,item_44,0,Permintaan Rendah,9.85,3.6,0.3652,-11.69,11.69,21.54,41
store_7,item_45,1,Permintaan Tinggi,26.71,7.17,0.2684,-1.05,3.21,27.76,48
store_7,item_46,0,Permintaan Rendah,12.59,4.05,0.3212,-8.74,8.74,21.33,41
store_7,item_47,1,Permintaan Tinggi,36.02,8.97,0.2489,10.13,10.13,25.89,46
store_7,item_48,0,Permintaan Rendah,12.55,3.93,0.313,-10.95,10.95,23.5,43
store_7,item_49,0,Permintaan Rendah,15.22,4.45,0.2924,-7.66,7.66,22.87,43
store_7,item_5,1,Permintaan Tinggi,32.97,8.4,0.2547,8.94,8.94,24.03,44
store_7,item_50,0,Permintaan Rendah,10.48,3.85,0.3675,-5.36,5.5,15.84,36
store_7,item_6,0,Permintaan Rendah,19.46,5.43,0.2789,-3.55,3.96,23.01,43
store_7,item_7,0,Permintaan Rendah,17.79,4.87,0.2739,-7.54,7.54,25.33,45
store_7,item_8,0,Permintaan Rendah,25.04,6.59,0.2631,1.7,2.91,23.35,43
store_7,item_9,0,Permintaan Rendah,13.76,4.14,0.3008,-11.36,11.36,25.11,45
store_8,item_1,1,Permintaan Tinggi,37.83,9.5,0.2512,14.79,14.79,23.04,43
store_8,item_10,1,Permintaan Tinggi,32.61,8.73,0.2676,7.64,7.7,24.97,45
store_8,item_11,0,Permintaan Rendah,11.48,3.98,0.3466,-13.35,13.35,24.84,45
store_8,item_12,1,Permintaan Tinggi,31.71,7.98,0.2516,8.28,8.28,23.43,43
store_8,item_13,1,Permintaan Tinggi,37.76,8.86,0.2347,8.65,8.73,29.11,49
store_8,item_14,1,Permintaan Tinggi,31.68,8.42,0.2657,6.97,7.04,24.71,45
store_8,item_15,0,Permintaan Rendah,15.4,4.96,0.3224,-5.8,5.95,21.2,41
store_8,item_16,0,Permintaan Rendah,9.61,3.37,0.3506,-11.39,11.39,21.01,41
store_8,item_17,1,Permintaan Tinggi,32.58,7.03,0.2159,11.73,11.73,20.84,41
store_8,item_18,1,Permintaan Tinggi,29.34,7.36,0.2509,6.37,6.4,22.97,43
store_8,item_19,1,Permintaan Tinggi,30.45,7.83,0.257,5.15,5.25,25.3,45
store_8,item_2,0,Permintaan Rendah,18.82,5.74,0.3049,-7.18,7.2,26.0,46
store_8,item_20,1,Permintaan Tinggi,31.39,8.16,0.26,6.37,6.54,25.02,45
store_8,item_21,0,Permintaan Rendah,11.27,3.98,0.3534,-12.4,12.4,23.67,44
store_8,item_22,0,Permintaan Rendah,19.62,5.01,0.2552,-6.97,7.01,26.59,46
store_8,item_23,1,Permintaan Tinggi,36.48,8.37,0.2295,17.51,17.51,18.98,39
store_8,item_24,0,Permintaan Rendah,12.66,4.05,0.3199,-12.32,12.32,24.98,45
store_8,item_25,1,Permintaan Tinggi,33.55,7.77,0.2316,7.49,7.55,26.06,46
store_8,item_26,0,Permintaan Rendah,27.35,6.68,0.2444,6.45,6.54,20.9,41
store_8,item_27,0,Permintaan Rendah,18.78,5.35,0.2846,-0.46,2.66,19.24,39
store_8,item_28,0,Permintaan Rendah,11.14,4.26,0.3828,-10.84,10.84,21.98,42
store_8,item_29,0,Permintaan Rendah,18.42,5.09,0.2765,-4.57,4.89,22.99,43
store_8,item_3,0,Permintaan Rendah,20.49,5.86,0.2861,-3.59,4.01,24.08,44
store_8,item_30,0,Permintaan Rendah,18.97,5.35,0.2821,-2.19,3.0,21.17,41
store_8,item_31,1,Permintaan Tinggi,30.58,7.59,0.248,4.27,4.82,26.32,46
store_8,item_32,1,Permintaan Tinggi,27.73,8.11,0.2926,1.92,3.47,25.81,46
store_8,item_33,1,Permintaan Tinggi,34.36,8.39,0.244,9.97,9.99,24.4,44
store_8,item_34,1,Permintaan Tinggi,35.71,9.46,0.2649,10.99,10.99,24.72,45
store_8,item_35,0,Permintaan Rendah,22.88,5.87,0.2567,-0.32,2.53,23.19,43
store_8,item_36,0,Permintaan Rendah,13.27,4.49,0.3388,-9.92,9.95,23.19,43
store_8,item_37,1,Permintaan Tinggi,29.52,8.23,0.2786,5.0,5.16,24.53,44
store_8,item_38,1,Permintaan Tinggi,30.81,7.66,0.2487,4.29,4.63,26.52,46
store_8,item_39,0,Permintaan Rendah,26.11,7.15,0.2737,6.74,6.77,19.38,39
store_8,item_4,0,Permintaan Rendah,17.38,5.19,0.2985,-6.26,6.4,23.63,43
store_8,item_40,1,Permintaan Tinggi,31.53,8.27,0.2624,8.29,8.31,23.24,43
store_8,item_41,0,Permintaan Rendah,24.34,7.07,0.2903,1.87,3.28,22.47,42
store_8,item_42,0,Permintaan Rendah,24.08,6.95,0.2885,1.14,3.02,22.95,43
store_8,item_43,0,Permintaan Rendah,21.46,5.12,0.2384,-3.87,4.13,25.33,45
store_8,item_44,0,Permintaan Rendah,9.83,3.81,0.3879,-14.86,14.86,24.69,45
store_8,item_45,0,Permintaan Rendah,26.82,7.27,0.2712,6.56,6.68,20.25,40
store_8,item_46,0,Permintaan Rendah,12.49,3.76,0.3009,-7.32,7.34,19.81,40
store_8,item_47,1,Permintaan Tinggi,36.58,10.12,0.2767,14.39,14.39,22.19,42
store_8,item_48,0,Permintaan Rendah,11.77,4.21,0.3576,-10.41,10.41,22.18,42
store_8,item_49,0,Permintaan Rendah,15.85,5.15,0.3251,-8.09,8.1,23.95,44
store_8,item_5,1,Permintaan Tinggi,33.1,7.73,0.2335,8.71,8.72,24.38,44
store_8,item_50,0,Permintaan Rendah,10.57,4.27,0.4044,-8.92,8.92,19.48,39
store_8,item_6,0,Permintaan Rendah,20.18,5.82,0.2884,-2.77,3.29,22.96,43
store_8,item_7,0,Permintaan Rendah,17.45,5.08,0.2912,-3.89,4.27,21.34,41
store_8,item_8,0,Permintaan Rendah,24.99,6.84,0.2738,-0.9,2.73,25.89,46
store_8,item_9,0,Permintaan Rendah,13.54,4.1,0.3027,-7.31,7.38,20.85,41
store_9,item_1,1,Permintaan Tinggi,39.36,9.64,0.2449,14.88,14.88,24.49,44
store_9,item_10,1,Permintaan Tinggi,33.7,7.93,0.2354,10.82,10.82,22.88,43
store_9,item_11,0,Permintaan Rendah,12.52,4.48,0.358,-14.42,14.42,26.94,47
store_9,item_12,1,Permintaan Tinggi,34.03,9.02,0.2652,6.78,6.95,27.25,47
store_9,item_13,1,Permintaan Tinggi,39.73,9.56,0.2406,14.0,14.0,25.73,46
store_9,item_14,1,Permintaan Tinggi,33.16,7.88,0.2375,6.79,6.85,26.36,46
store_9,item_15,0,Permintaan Rendah,16.09,4.52,0.2806,-1.34,2.82,17.44,37
store_9,item_16,0,Permintaan Rendah,9.79,3.7,0.3783,-13.1,13.1,22.89,43
store_9,item_17,1,Permintaan Tinggi,35.5,8.98,0.253,13.29,13.29,22.21,42
store_9,item_18,1,Permintaan Tinggi,30.76,7.71,0.2506,10.92,10.92,19.83,40
store_9,item_19,1,Permintaan Tinggi,31.72,7.98,0.2516,8.23,8.24,23.49,43
store_9,item_2,0,Permintaan Rendah,20.04,5.93,0.2962,-4.03,4.37,24.06,44
store_9,item_20,1,Permintaan Tinggi,32.58,8.15,0.25,9.6,9.6,22.97,43
store_9,item_21,0,Permintaan Rendah,12.13,4.16,0.3432,-4.24,4.55,16.37,36
store_9,item_22,0,Permintaan Rendah,20.57,5.53,0.2686,0.12,2.52,20.45,40
store_9,item_23,1,Permintaan Tinggi,38.51,9.38,0.2436,12.49,12.49,26.02,46
store_9,item_24,0,Permintaan Rendah,13.64,4.58,0.3356,-12.37,12.37,26.01,46
store_9,item_25,1,Permintaan Tinggi,36.39,9.67,0.2658,12.76,12.76,23.62,43
store_9,item_26,1,Permintaan Tinggi,28.83,6.99,0.2424,2.79,3.47,26.04,46
store_9,item_27,0,Permintaan Rendah,19.97,5.41,0.2709,1.03,2.84,18.94,39
store_9,item_28,0,Permintaan Rendah,11.85,4.3,0.363,-4.61,4.9,16.46,36
store_9,item_29,0,Permintaan Rendah,19.33,5.47,0.2833,-0.94,2.61,20.26,40
store_9,item_3,0,Permintaan Rendah,22.16,6.21,0.2802,1.23,2.72,20.93,41
store_9,item_30,0,Permintaan Rendah,19.73,5.24,0.2655,-5.25,5.34,24.98,45
store_9,item_31,1,Permintaan Tinggi,31.39,8.47,0.2697,10.45,10.45,20.94,41
store_9,item_32,1,Permintaan Tinggi,28.91,7.83,0.2708,4.24,4.69,24.67,45
store_9,item_33,1,Permintaan Tinggi,36.64,8.54,0.2332,14.51,14.51,22.12,42
store_9,item_34,1,Permintaan Tinggi,36.82,8.74,0.2373,9.95,9.96,26.87,47
store_9,item_35,0,Permintaan Rendah,24.19,6.75,0.2791,-0.06,2.85,24.25,44
store_9,item_36,0,Permintaan Rendah,13.75,4.3,0.3126,-7.85,7.87,21.6,41
store_9,item_37,1,Permintaan Tinggi,31.78,7.75,0.2439,5.8,5.9,25.99,46
store_9,item_38,1,Permintaan Tinggi,33.54,8.63,0.2574,10.76,10.76,22.79,43
store_9,item_39,0,Permintaan Rendah,27.35,8.25,0.3018,4.71,4.87,22.64,42
store_9,item_4,0,Permintaan Rendah,17.86,4.75,0.2659,-7.32,7.33,25.19,45
store_9,item_40,1,Permintaan Tinggi,33.9,9.31,0.2745,7.67,7.67,26.24,46
store_9,item_41,0,Permintaan Rendah,25.3,6.74,0.2664,4.53,4.91,20.78,41
store_9,item_42,0,Permintaan Rendah,25.45,6.62,0.2601,-2.51,3.34,27.95,48
store_9,item_43,0,Permintaan Rendah,22.86,6.45,0.2821,5.35,5.49,17.52,37
store_9,item_44,0,Permintaan Rendah,10.79,3.84,0.3556,-14.32,14.32,25.1,45
store_9,item_45,0,Permintaan Rendah,27.88,6.6,0.2368,6.03,6.09,21.85,42
store_9,item_46,0,Permintaan Rendah,13.23,4.42,0.3344,-7.83,7.84,21.06,41
store_9,item_47,1,Permintaan Tinggi,37.74,9.42,0.2496,17.5,17.5,20.25,40
store_9,item_48,0,Permintaan Rendah,12.62,4.38,0.3467,-10.25,10.25,22.88,43
store_9,item_49,0,Permintaan Rendah,16.53,4.54,0.2748,-3.14,4.01,19.67,40
store_9,item_5,1,Permintaan Tinggi,35.66,9.14,0.2562,10.03,10.03,25.63,45
store_9,item_50,0,Permintaan Rendah,11.27,3.46,0.3072,-11.77,11.77,23.04,43
store_9,item_6,0,Permintaan Rendah,21.09,5.81,0.2757,-4.05,4.25,25.14,45
store_9,item_7,0,Permintaan Rendah,18.38,5.07,0.2761,-3.77,4.2,22.14,42
store_9,item_8,0,Permintaan Rendah,26.11,5.7,0.2184,4.61,4.78,21.5,41
store_9,item_9,0,Permintaan Rendah,14.48,5.13,0.354,-7.97,7.98,22.45,42
