store_id,item_id,avg_forecast_demand,max_forecast_demand,demand_std,demand_buffer,recommended_stock,demand_category
store_5,item_47,30.64481255807954,51.07514396447722,12.548171613184422,19.85580908906496,51,High
store_34,item_39,30.24723658152568,46.86441470178584,7.646781778038447,19.85580908906496,50,High
store_22,item_25,30.604402122321723,49.009656282110136,10.52121706615259,19.85580908906496,50,High
store_29,item_13,30.540297867282728,51.18766159452024,13.140981937141289,19.85580908906496,50,High
store_29,item_47,30.63262921692664,51.18766159452024,12.428837588502718,19.85580908906496,50,High
store_38,item_26,30.305975873815758,51.07514396447722,6.955403880842598,19.85580908906496,50,High
store_33,item_12,30.589414512998843,51.07514396447722,9.947568355111471,19.85580908906496,50,High
store_25,item_35,30.57193480693637,46.86441470178584,6.922645599444595,19.85580908906496,50,High
store_2,item_12,30.447145493712533,51.07514396447722,9.564238985900811,19.85580908906496,50,High
store_6,item_16,30.431552906374893,51.18766159452024,3.8539157884225745,19.85580908906496,50,High
store_45,item_1,28.646795008303066,53.70714454674897,9.888160531566424,19.85580908906496,49,High
store_19,item_17,29.237916338868153,49.920141267770745,9.891301606447342,19.85580908906496,49,High
store_24,item_34,28.696520555532754,46.66672617834812,8.281709904096749,19.85580908906496,49,High
store_38,item_41,28.98132977760239,53.495072681541714,6.01364321588535,19.85580908906496,49,High
store_31,item_25,29.221767948286764,45.64127405445196,8.284864988827982,19.85580908906496,49,High
store_8,item_13,29.10870853724085,45.64127405445196,8.864332120311035,19.85580908906496,49,High
store_30,item_42,28.807409513903245,49.920141267770745,6.85657290959729,19.85580908906496,49,High
store_3,item_39,29.153435639340756,51.09161101225943,6.685649500392633,19.85580908906496,49,High
store_1,item_8,29.266810871343143,44.16322760499265,6.598538953599257,19.85580908906496,49,High
store_31,item_12,29.511690006945706,51.09161101225943,8.62741490565879,19.85580908906496,49,High
store_30,item_38,29.221975813160068,51.09161101225943,9.607056127721817,19.85580908906496,49,High
store_12,item_45,28.801015440500986,45.82553286863301,8.847054482154851,19.85580908906496,49,High
store_5,item_33,28.995970554250007,51.09161101225943,10.167444634089009,19.85580908906496,49,High
store_14,item_16,28.775198524978904,46.66672617834812,4.15781787876146,19.85580908906496,49,High
store_35,item_7,28.134591638149764,50.20946111805504,5.985903989113132,19.85580908906496,48,High
store_11,item_1,27.97042627243277,45.00752639957184,10.00745742366568,19.85580908906496,48,High
store_12,item_37,27.656599751488557,46.19602168856439,11.345017944858501,19.85580908906496,48,High
store_14,item_5,28.642896462010807,46.66672617834812,10.502167749621862,19.85580908906496,48,High
store_21,item_7,28.10764945565395,53.52218421144051,5.692773321693339,19.85580908906496,48,High
store_50,item_1,28.147749495142733,53.70714454674897,10.311333197128754,19.85580908906496,48,High
store_48,item_17,27.815644341363935,44.321503882154325,8.207476787647176,19.85580908906496,48,High
store_28,item_14,28.584587272304145,46.66672617834812,10.827839131670954,19.85580908906496,48,High
store_43,item_35,28.34703064451667,53.52218421144051,7.5087479670256405,19.85580908906496,48,High
store_43,item_32,28.577525686440154,46.66672617834812,7.74459974024559,19.85580908906496,48,High
store_33,item_23,28.140392159436587,47.892772846907306,10.48303565711113,19.85580908906496,48,High
store_19,item_34,28.159590777582135,48.165913424635015,10.254829538647352,19.85580908906496,48,High
store_4,item_33,28.280168914504745,50.54448590210879,11.79015358462567,19.85580908906496,48,High
store_12,item_1,28.334713829471536,51.23549709730901,10.914384195689168,19.85580908906496,48,High
store_36,item_8,27.892598767482113,48.63429938548229,6.519402844384956,19.85580908906496,48,High
store_37,item_47,28.573229684803334,41.49666065999533,9.43452100030034,19.85580908906496,48,High
store_43,item_3,28.50217886864002,39.45375678691329,5.686697682294799,19.85580908906496,48,High
store_13,item_13,28.441283341869443,52.47540226105099,10.550509812600211,19.85580908906496,48,High
store_22,item_5,28.07438884780124,46.15948929514571,10.677521891653193,19.85580908906496,48,High
store_6,item_14,28.494179532245965,59.80624122185476,8.419133025604669,19.85580908906496,48,High
store_19,item_10,27.732760258774697,48.63429938548229,9.337217164462675,19.85580908906496,48,High
store_30,item_26,28.295669303180258,59.80624122185476,9.122714778112076,19.85580908906496,48,High
store_39,item_15,27.903545005365324,46.15948929514571,5.514681047559134,19.85580908906496,48,High
store_19,item_33,27.947928897272277,53.52218421144051,11.25708641414461,19.85580908906496,48,High
store_19,item_31,28.157017676574103,59.80624122185476,9.057495330821572,19.85580908906496,48,High
store_39,item_1,27.758062278287852,50.56753340729517,11.335380581797363,19.85580908906496,48,High
store_21,item_40,28.37338792641688,52.47540226105099,9.303008809798136,19.85580908906496,48,High
store_49,item_14,27.984880661678048,45.00752639957184,10.783860021736231,19.85580908906496,48,High
store_28,item_39,28.25118591724504,51.990735327219646,8.83610268274989,19.85580908906496,48,High
store_40,item_6,28.255284295251496,52.23988062412696,6.330591120833658,19.85580908906496,48,High
store_41,item_12,28.000423028666486,45.00752639957184,10.101867407210083,19.85580908906496,48,High
store_21,item_10,27.774426363245144,44.73705659030898,9.636811697892691,19.85580908906496,48,High
store_42,item_39,28.5439355916405,53.70714454674897,7.143721522216574,19.85580908906496,48,High
store_41,item_2,27.72442229628242,51.13160515326148,6.10873010629238,19.85580908906496,48,High
store_7,item_3,28.27508849537951,53.52218421144051,5.895895379295017,19.85580908906496,48,High
store_29,item_48,28.359156258747905,48.165913424635015,5.114511937539125,19.85580908906496,48,High
store_1,item_30,27.945135474928065,52.23988062412696,5.839125861734407,19.85580908906496,48,High
store_31,item_15,27.823762728875572,42.1351717675854,4.54564245059674,19.85580908906496,48,High
store_7,item_45,27.75748541604082,44.321503882154325,7.167074142913317,19.85580908906496,48,High
store_9,item_42,27.95295354891775,50.95332242368488,6.619005803269181,19.85580908906496,48,High
store_30,item_13,28.103166716363578,52.23988062412696,11.36253278729534,19.85580908906496,48,High
store_21,item_24,27.78315597899586,43.79503958231244,4.649652485372974,19.85580908906496,48,High
store_49,item_31,28.562167182806434,46.74305699666415,9.290625504336075,19.85580908906496,48,High
store_27,item_4,27.665210729300586,49.189136331091255,4.440935198887983,19.85580908906496,48,High
store_44,item_13,28.594665248032516,46.66672617834812,10.755180753640463,19.85580908906496,48,High
store_4,item_12,27.926515498254776,43.24927970169389,10.14901446714469,19.85580908906496,48,High
store_22,item_35,28.285308043499224,45.783893900611645,6.952830843301643,19.85580908906496,48,High
store_45,item_14,26.969312153487813,47.5617467686618,9.156422600537251,19.85580908906496,47,High
store_18,item_32,27.452414403456388,46.19602168856439,7.341901002805501,19.85580908906496,47,High
store_45,item_25,26.918766832101323,47.89239109009987,8.718654611097262,19.85580908906496,47,High
store_19,item_2,26.740600630867647,53.24935703297513,5.732159820946826,19.85580908906496,47,High
store_18,item_43,26.650722897694653,50.23042869906299,6.366748732863379,19.85580908906496,47,High
store_19,item_20,26.671989199733893,51.89990009019797,9.120622931108443,19.85580908906496,47,High
store_19,item_1,27.578266170745586,48.63429938548229,11.377870089512273,19.85580908906496,47,High
store_9,item_12,27.247436361652742,44.69237154003034,9.023607208403757,19.85580908906496,47,High
store_30,item_12,27.297068032677686,45.95919661079929,10.342436631948184,19.85580908906496,47,High
store_7,item_34,26.770538183351253,50.62920172896551,8.820616684139752,19.85580908906496,47,High
store_30,item_33,27.34153239133641,44.33945067648938,12.408443503636597,19.85580908906496,47,High
store_24,item_13,26.804130106407644,47.50583714548336,7.965587366039381,19.85580908906496,47,High
store_24,item_10,26.796590341088937,46.30853931860741,8.00635105171024,19.85580908906496,47,High
store_39,item_14,26.7898944026573,42.88985698113425,9.997360960873175,19.85580908906496,47,High
store_45,item_8,26.828763267154663,50.23042869906299,6.622414906018457,19.85580908906496,47,High
store_36,item_33,27.57666649814934,45.71064563681719,7.547708008055386,19.85580908906496,47,High
store_17,item_44,27.213810871128352,47.318834961522775,3.732243937464855,19.85580908906496,47,High
store_26,item_20,26.8361405185383,48.4508422982757,7.0243441872948065,19.85580908906496,47,High
store_36,item_40,27.57971111276241,47.211410847001446,8.350040866136164,19.85580908906496,47,High
store_3,item_2,26.892238501015992,48.29116412000239,5.519848523854686,19.85580908906496,47,High
store_23,item_23,27.025755864407557,50.177126392245846,11.095574986083355,19.85580908906496,47,High
store_44,item_31,26.802131508289893,39.86324649424417,8.254073056632938,19.85580908906496,47,High
store_4,item_25,27.152923685879248,50.177126392245846,11.770140278934328,19.85580908906496,47,High
store_36,item_19,26.694479503293387,47.930486925555286,7.311737895176134,19.85580908906496,47,High
store_6,item_37,27.021714800106057,48.12289363387385,7.2230504517456335,19.85580908906496,47,High
store_7,item_18,26.710286946576048,48.522880491747046,7.907803181180768,19.85580908906496,47,High
store_34,item_32,27.142226743059368,51.89990009019797,9.37501564107351,19.85580908906496,47,High
store_35,item_14,27.19606645925483,49.55421832326052,8.503208554066303,19.85580908906496,47,High
store_29,item_23,27.613603847528196,46.19602168856439,12.727376053676158,19.85580908906496,47,High
store_13,item_28,26.71039999014879,42.88796704850565,4.109802038588805,19.85580908906496,47,High
store_31,item_6,26.848687049902953,51.89990009019797,6.043712530776807,19.85580908906496,47,High
store_4,item_41,27.076976817281867,52.36795731416901,8.019954621514234,19.85580908906496,47,High
store_50,item_27,27.55157472664044,46.673853455196806,6.1393108764370785,19.85580908906496,47,High
store_50,item_24,26.90442398588959,50.62920172896551,4.87909169382087,19.85580908906496,47,High
store_12,item_25,27.295996690593757,47.211410847001446,11.091113557821087,19.85580908906496,47,High
store_47,item_44,27.619515433601126,46.30853931860741,3.915381847973848,19.85580908906496,47,High
store_19,item_29,26.66030701926512,48.49978741873541,6.028519276421987,19.85580908906496,47,High
store_4,item_10,26.759009662583313,50.62920172896551,10.7533180964368,19.85580908906496,47,High
store_50,item_40,27.526939316716142,59.80624122185476,9.480237913955701,19.85580908906496,47,High
store_12,item_42,26.849082897773588,50.177126392245846,7.9001982616297495,19.85580908906496,47,High
store_50,item_39,27.120209021389655,50.62920172896551,8.177263284872632,19.85580908906496,47,High
store_12,item_13,26.874061010567992,51.50112706029545,12.899063526743005,19.85580908906496,47,High
store_12,item_7,27.19337207195458,47.50583714548336,6.1198433619665416,19.85580908906496,47,High
store_50,item_11,27.522174286583773,45.2597778927497,4.1200648858744495,19.85580908906496,47,High
store_50,item_10,26.71162581241348,47.89239109009987,9.232573176542079,19.85580908906496,47,High
store_28,item_24,26.766642130515127,46.19602168856439,5.162272328650752,19.85580908906496,47,High
store_13,item_6,27.339324470488258,50.177126392245846,5.807383818788094,19.85580908906496,47,High
store_5,item_1,26.818867355062988,49.33811214790676,12.64044878921541,19.85580908906496,47,High
store_15,item_29,26.81161978313138,46.80547725870812,4.8486599638455585,19.85580908906496,47,High
store_42,item_8,26.812787864064777,39.731003372755545,7.218799866558401,19.85580908906496,47,High
store_27,item_5,27.32241578554838,48.4508422982757,8.091570252248067,19.85580908906496,47,High
store_15,item_30,27.06879343717074,49.1491030159169,5.46175878090158,19.85580908906496,47,High
store_37,item_15,26.764841757548623,49.1491030159169,5.163629845034061,19.85580908906496,47,High
store_22,item_38,26.932780129028277,48.29116412000239,9.854941004392042,19.85580908906496,47,High
store_22,item_22,26.821262669077342,43.82194970469946,6.426513150678017,19.85580908906496,47,High
store_47,item_17,27.434540462981364,43.68432594922144,7.352685242845065,19.85580908906496,47,High
store_25,item_25,27.28938361914013,47.211410847001446,10.261182902303512,19.85580908906496,47,High
store_19,item_7,27.09027642597476,48.15310230152678,6.423360712394254,19.85580908906496,47,High
store_43,item_14,26.92131539232499,48.07411812434446,8.671780684082965,19.85580908906496,47,High
store_12,item_32,26.757841956652104,49.26884173211617,9.637501985662041,19.85580908906496,47,High
store_28,item_19,26.89034228779541,50.62920172896551,10.843122028251514,19.85580908906496,47,High
store_19,item_47,27.589772139119642,45.2597778927497,12.024051291304763,19.85580908906496,47,High
store_19,item_45,27.143609027421522,48.750159650909445,8.169467520735052,19.85580908906496,47,High
store_4,item_14,27.396485029484072,50.62920172896551,11.95665629851495,19.85580908906496,47,High
store_39,item_23,27.510632023722664,52.85058400307261,12.64471469403379,19.85580908906496,47,High
store_44,item_16,26.87553577426835,48.745801702859175,3.8680995473053823,19.85580908906496,47,High
store_47,item_35,26.882778940300085,47.2190221565084,6.063808955178566,19.85580908906496,47,High
store_2,item_31,27.307042250412866,46.673853455196806,9.78871440356225,19.85580908906496,47,High
store_5,item_38,26.94354469617969,44.33945067648938,9.76730330375342,19.85580908906496,47,High
store_14,item_47,26.97908701374333,51.13160515326148,10.164523297037732,19.85580908906496,47,High
store_20,item_18,26.990791204937203,41.19660959914619,7.218312339077007,19.85580908906496,47,High
store_40,item_40,26.67810344469371,49.1491030159169,8.581800708329318,19.85580908906496,47,High
store_40,item_21,27.199055812622166,50.62920172896551,4.474177514734647,19.85580908906496,47,High
store_40,item_24,27.19512938469879,46.673853455196806,4.390124638942524,19.85580908906496,47,High
store_4,item_5,26.649735797520542,37.53582676441109,9.65669775825064,19.85580908906496,47,High
store_41,item_25,27.49260758394605,48.95443752868211,11.98607333150819,19.85580908906496,47,High
store_28,item_48,27.30950435077054,49.78214821048432,5.244709628990056,19.85580908906496,47,High
store_29,item_12,26.863739623582592,45.21280983860393,10.19801572992266,19.85580908906496,47,High
store_40,item_9,26.755821102174583,46.30853931860741,4.577826126106671,19.85580908906496,47,High
store_32,item_26,26.986815710771772,50.26163607695055,6.94727581465939,19.85580908906496,47,High
store_5,item_3,26.64770379373642,39.731003372755545,6.70017712343401,19.85580908906496,47,High
store_28,item_34,27.634877533034956,50.20946111805504,11.73576084793702,19.85580908906496,47,High
store_28,item_37,27.074910352220098,45.95919661079929,8.849643915665181,19.85580908906496,47,High
store_32,item_32,26.86916273155739,50.177126392245846,6.739437852720498,19.85580908906496,47,High
store_4,item_45,26.9422532611646,43.52043501880864,9.036289065541652,19.85580908906496,47,High
store_48,item_6,26.912036722476323,53.24935703297513,5.343173870349971,19.85580908906496,47,High
store_14,item_9,27.15605320288115,47.76176039018395,5.1979581860450415,19.85580908906496,47,High
store_2,item_1,26.76310008526233,45.2597778927497,11.227901925932164,19.85580908906496,47,High
store_1,item_32,26.713073166308785,47.76176039018395,8.091981312297067,19.85580908906496,47,High
store_10,item_42,26.895105447376533,49.33811214790676,7.832301408602151,19.85580908906496,47,High
store_10,item_47,27.148563861345096,49.35391142962674,10.046884627106177,19.85580908906496,47,High
store_1,item_40,26.748723011393647,43.52043501880864,7.42956152234775,19.85580908906496,47,High
store_1,item_50,26.69402761897742,49.33811214790676,4.289588582451694,19.85580908906496,47,High
store_35,item_40,26.84865841547585,47.50583714548336,8.459915898025407,19.85580908906496,47,High
store_9,item_11,26.940983722638265,48.750159650909445,4.480651230329118,19.85580908906496,47,High
store_35,item_4,27.038279697330644,43.82194970469946,5.611004274749048,19.85580908906496,47,High
store_41,item_40,27.060456795078473,50.62920172896551,9.567914760929689,19.85580908906496,47,High
store_23,item_42,27.025831431583786,51.89990009019797,8.08965964998244,19.85580908906496,47,High
store_29,item_5,26.6506141775038,46.96462724971758,11.387946135167518,19.85580908906496,47,High
store_23,item_40,27.190112713686318,48.95443752868211,10.138878826731798,19.85580908906496,47,High
store_39,item_28,27.051308725635877,41.01648922344417,4.4599934903485074,19.85580908906496,47,High
store_7,item_24,26.662886528441394,52.687474126258245,5.133218743032058,19.85580908906496,47,High
store_1,item_31,26.700943605669607,51.89990009019797,8.61730923964771,19.85580908906496,47,High
store_39,item_34,27.328259886744082,48.12289363387385,11.594466968809108,19.85580908906496,47,High
store_1,item_14,26.660913267751816,47.89239109009987,8.605638887961362,19.85580908906496,47,High
store_1,item_33,26.811615295341554,48.745801702859175,9.043807220290372,19.85580908906496,47,High
store_9,item_34,26.87008946966362,45.05540284202267,8.738171246365852,19.85580908906496,47,High
store_30,item_39,25.66490290137681,45.2597778927497,8.098758957398077,19.85580908906496,46,High
store_30,item_27,25.791510398741465,46.19602168856439,6.211409729999085,19.85580908906496,46,High
store_1,item_23,25.837445990223387,49.52481548161806,9.36700399484231,19.85580908906496,46,High
store_9,item_37,25.986680962553386,50.56753340729517,7.750658123942826,19.85580908906496,46,High
store_23,item_6,26.029851490028793,48.69493092387796,6.548247386487476,19.85580908906496,46,High
store_23,item_41,26.56223621712014,49.33811214790676,7.571734633486765,19.85580908906496,46,High
store_1,item_20,25.897751707563533,45.551463857418526,8.488276823404357,19.85580908906496,46,High
store_39,item_33,25.826577231514083,50.20946111805504,11.167070467126617,19.85580908906496,46,High
store_39,item_35,26.53401372823592,48.522880491747046,7.376702923422662,19.85580908906496,46,High
store_39,item_36,25.898967967957432,45.50887781924098,5.311534806035207,19.85580908906496,46,High
store_30,item_50,26.575373238425108,50.23042869906299,4.371050469257846,19.85580908906496,46,High
store_11,item_13,26.1795562700808,45.562236829250686,9.29137986755429,19.85580908906496,46,High
store_7,item_20,25.653313047352377,42.29360040129428,7.512781142438471,19.85580908906496,46,High
store_11,item_26,26.241299565072953,46.85595475175891,7.662221613671892,19.85580908906496,46,High
store_11,item_28,25.89135616269089,48.65183787051797,4.053807727550216,19.85580908906496,46,High
store_8,item_8,25.894069205286314,46.30853931860741,6.8424815190166965,19.85580908906496,46,High
store_30,item_31,25.726771422133396,45.48556063211658,8.858265982551488,19.85580908906496,46,High
store_1,item_45,25.874353324768634,40.71695581341916,6.801008181380365,19.85580908906496,46,High
store_8,item_32,25.805311292574846,48.3218020174879,8.112734725014768,19.85580908906496,46,High
store_9,item_40,26.236409489442764,48.54481081878368,9.305453812582899,19.85580908906496,46,High
store_8,item_38,26.524436062930857,51.89990009019797,7.660965708113965,19.85580908906496,46,High
store_8,item_25,26.057571298988808,46.3075735849197,7.771167033556509,19.85580908906496,46,High
store_8,item_31,26.315324575895175,47.82491300253714,7.585136880557435,19.85580908906496,46,High
store_9,item_23,26.017469781832848,39.09546443046341,9.382572573243621,19.85580908906496,46,High
store_9,item_24,26.00859088480642,47.71239537249412,4.577401180590186,19.85580908906496,46,High
store_9,item_26,26.04218320852371,41.323274169049,6.989366308006968,19.85580908906496,46,High
store_30,item_19,26.024171617662592,44.37282562086115,9.107681885509132,19.85580908906496,46,High
store_1,item_1,26.378024340191008,47.56129352480023,9.862562315346414,19.85580908906496,46,High
store_8,item_2,25.996929625239055,52.66795140834673,5.737289296965332,19.85580908906496,46,High
store_8,item_22,26.591909621830837,42.88985698113425,5.007712630767639,19.85580908906496,46,High
store_10,item_33,25.734818377592866,48.484793910482125,10.621301223338072,19.85580908906496,46,High
store_10,item_34,26.377325697854996,47.76176039018395,10.23273946687354,19.85580908906496,46,High
store_3,item_7,25.840599743293943,52.552235430641645,4.574581267749381,19.85580908906496,46,High
store_3,item_44,25.65913139488906,39.2908122923727,3.9027133253156197,19.85580908906496,46,High
store_7,item_47,25.8890416188201,48.65183787051797,8.967431369918483,19.85580908906496,46,High
store_29,item_40,25.97130727298588,46.693351001323,9.738111160833789,19.85580908906496,46,High
store_32,item_21,26.312875991966624,47.71239537249412,4.0753439569910315,19.85580908906496,46,High
store_25,item_15,26.19478730146634,48.42383142714998,5.731582111393296,19.85580908906496,46,High
store_25,item_17,26.47698618861034,47.56129352480023,9.526143829005047,19.85580908906496,46,High
store_37,item_43,25.728692639812643,49.53757760375047,6.197768204756125,19.85580908906496,46,High
store_21,item_28,25.905484752607766,48.84407566579871,4.116874020265959,19.85580908906496,46,High
store_41,item_28,26.344610767979766,49.60164865120872,4.760590474705275,19.85580908906496,46,High
store_20,item_49,25.89615125367881,52.66795140834673,4.733124855283207,19.85580908906496,46,High
store_41,item_23,26.219384510997667,47.13404503797382,9.835852832893774,19.85580908906496,46,High
store_28,item_40,25.829794903343412,48.65183787051797,10.568335371324514,19.85580908906496,46,High
store_5,item_34,26.24327210774153,52.66795140834673,11.643349743632795,19.85580908906496,46,High
store_5,item_29,26.35150578737408,47.2190221565084,6.216877066958041,19.85580908906496,46,High
store_14,item_33,25.907131894369954,48.69493092387796,10.053001617927587,19.85580908906496,46,High
store_14,item_42,26.330616607468777,49.17950531451034,8.276056428177364,19.85580908906496,46,High
store_14,item_43,25.930113548200517,48.15918052754655,6.901555927608309,19.85580908906496,46,High
store_40,item_43,26.279509501846945,41.415567828390905,6.233610013387281,19.85580908906496,46,High
store_42,item_1,26.316544474425843,47.84872895319368,10.450995228168772,19.85580908906496,46,High
store_20,item_40,26.160121355190633,48.69493092387796,8.943367064212248,19.85580908906496,46,High
store_42,item_25,25.708066474037786,53.70714454674897,10.344435000115205,19.85580908906496,46,High
store_42,item_29,26.058847255444157,50.56753340729517,5.835137011988784,19.85580908906496,46,High
store_42,item_30,25.84847542676317,48.65183787051797,5.742202145822435,19.85580908906496,46,High
store_20,item_32,26.271869904567968,46.96462724971758,6.91816322578665,19.85580908906496,46,High
store_20,item_25,26.39887003590215,47.84872895319368,8.954331945179488,19.85580908906496,46,High
store_20,item_29,25.724962463154004,48.54481081878368,5.3408389290137555,19.85580908906496,46,High
store_42,item_13,26.322841333374086,49.53757760375047,10.13865474451667,19.85580908906496,46,High
store_42,item_14,25.69204815901681,46.418493643025286,7.585778966455347,19.85580908906496,46,High
store_20,item_21,26.0197952221464,47.318834961522775,4.38087758126594,19.85580908906496,46,High
store_41,item_45,26.08975196170225,41.34419858360935,7.522072928100454,19.85580908906496,46,High
store_20,item_45,25.657849003614224,46.7576483595389,7.7102123624008625,19.85580908906496,46,High
store_14,item_20,26.23518688380136,47.37530303585525,9.459971502179489,19.85580908906496,46,High
store_15,item_25,26.06250549142422,47.76176039018395,8.446546246959137,19.85580908906496,46,High
store_49,item_23,26.481015352243602,49.33811214790676,12.234278316686671,19.85580908906496,46,High
store_14,item_8,26.092520427149896,47.59883411408629,7.291857157339352,19.85580908906496,46,High
store_15,item_1,25.945277646472633,45.783893900611645,9.330777341524204,19.85580908906496,46,High
store_14,item_45,25.859115676338853,44.26908951946318,7.401198428639125,19.85580908906496,46,High
store_14,item_46,25.960148415428357,48.12289363387385,4.835817108677381,19.85580908906496,46,High
store_22,item_17,25.80282885124387,49.07285287418373,10.231681531462627,19.85580908906496,46,High
store_40,item_48,26.237669308646332,49.52481548161806,4.682503970179164,19.85580908906496,46,High
store_40,item_49,26.10429657159447,48.484793910482125,4.169857414550995,19.85580908906496,46,High
store_40,item_37,26.504814672847402,49.26884173211617,7.424467201998209,19.85580908906496,46,High
store_22,item_1,26.087992042531052,47.76176039018395,10.954510793444285,19.85580908906496,46,High
store_22,item_10,26.33493362565893,52.66795140834673,10.149908388483455,19.85580908906496,46,High
store_22,item_12,26.601521350174796,50.23042869906299,9.277249358857887,19.85580908906496,46,High
store_25,item_1,26.467131008068257,48.22854091077158,10.816487715976002,19.85580908906496,46,High
store_40,item_15,26.072383570095315,48.54481081878368,4.4808798944155726,19.85580908906496,46,High
store_50,item_3,25.802818154965877,48.84407566579871,6.3615245822594595,19.85580908906496,46,High
store_50,item_20,25.9789523286949,46.75286908509546,9.233422341930018,19.85580908906496,46,High
store_50,item_12,26.104539124703045,48.3218020174879,9.784370370137934,19.85580908906496,46,High
store_13,item_47,26.283698134201792,54.31151009241295,9.889023976144474,19.85580908906496,46,High
store_50,item_14,26.071254191179932,42.92239500099645,8.775999962315417,19.85580908906496,46,High
store_13,item_45,26.26104187225061,45.92854345516858,7.250203788682721,19.85580908906496,46,High
store_13,item_34,25.665910289155935,43.45387802035981,9.863062163865612,19.85580908906496,46,High
store_13,item_38,25.865825922303134,48.745801702859175,8.994276314124747,19.85580908906496,46,High
store_29,item_18,25.993461821208648,44.196115442640114,9.45725399491087,19.85580908906496,46,High
store_29,item_39,25.921779117177312,52.687474126258245,8.78661263818995,19.85580908906496,46,High
store_32,item_4,25.731041301570155,42.38342374387042,4.579437965392544,19.85580908906496,46,High
store_49,item_49,26.104874339825134,47.16297373875928,5.788829146234629,19.85580908906496,46,High
store_33,item_17,26.003308302094787,48.745801702859175,11.053218796309412,19.85580908906496,46,High
store_33,item_18,25.774801060498476,44.4804526576615,10.681581937257578,19.85580908906496,46,High
store_28,item_13,26.155771720177405,48.54481081878368,12.57261989272624,19.85580908906496,46,High
store_33,item_13,25.826370867735694,47.604343581937584,10.619149403134493,19.85580908906496,46,High
store_28,item_1,25.993894869203952,46.81476409920999,10.563590827746562,19.85580908906496,46,High
store_33,item_15,26.421187173935838,42.85949655796993,4.884089475749558,19.85580908906496,46,High
store_49,item_45,25.813046283476396,38.92546452984824,8.184668823713073,19.85580908906496,46,High
store_49,item_48,26.59372138041345,51.89990009019797,4.620187581236947,19.85580908906496,46,High
store_49,item_34,26.47913705993507,49.79357885297951,10.108651839153772,19.85580908906496,46,High
store_49,item_32,25.848083784465047,48.536349057193,8.954836059761826,19.85580908906496,46,High
store_20,item_1,26.30962657919972,52.687474126258245,9.44005483592644,19.85580908906496,46,High
store_2,item_35,26.265360107863206,48.536349057193,8.066778120296865,19.85580908906496,46,High
store_2,item_38,25.851432596546616,45.29026533735321,9.83080764967476,19.85580908906496,46,High
store_2,item_19,25.68686660216862,50.56753340729517,9.604285926043854,19.85580908906496,46,High
store_19,item_6,26.46403632043933,52.66795140834673,6.740435882419499,19.85580908906496,46,High
store_42,item_43,25.999878707913606,46.3075735849197,6.2322758900945825,19.85580908906496,46,High
store_42,item_45,25.69745666826465,45.02340309524662,8.023455088142349,19.85580908906496,46,High
store_42,item_34,25.953029244546215,46.66918983093702,10.470119211052781,19.85580908906496,46,High
store_42,item_35,25.70337592929371,52.36795731416901,7.085767124822007,19.85580908906496,46,High
store_42,item_9,25.687772085587664,38.1420959631376,4.41976260638426,19.85580908906496,46,High
store_25,item_37,26.043278650913646,47.729261828419865,9.010485629037188,19.85580908906496,46,High
store_25,item_45,25.79514978964064,48.484793910482125,7.838456820186558,19.85580908906496,46,High
store_48,item_5,26.15825184348098,42.718018066298185,7.211380538139618,19.85580908906496,46,High
store_48,item_42,25.83389075632874,44.73705659030898,5.992865699875566,19.85580908906496,46,High
store_47,item_29,25.728816817372415,42.1130178287624,4.889756361262928,19.85580908906496,46,High
store_46,item_9,25.84026649146465,48.484793910482125,4.123332510328768,19.85580908906496,46,High
store_16,item_20,25.645870255667536,43.77574559454952,8.005802050800265,19.85580908906496,46,High
store_48,item_22,25.916491260929067,50.56753340729517,5.179685886024436,19.85580908906496,46,High
store_48,item_24,26.172027544673938,46.81476409920999,4.2766327628255825,19.85580908906496,46,High
store_16,item_37,26.094618939574993,50.675212518699,7.718212271325605,19.85580908906496,46,High
store_48,item_48,26.11882130009448,47.749602669321135,4.32267911874127,19.85580908906496,46,High
store_48,item_18,25.70821359300164,49.053003213118096,6.871041701597992,19.85580908906496,46,High
store_16,item_32,26.29640785940645,45.92854345516858,7.186347550340083,19.85580908906496,46,High
store_16,item_33,25.697984083259737,44.4804526576615,10.092431869506344,19.85580908906496,46,High
store_16,item_12,25.668681893041356,49.78908081859106,8.264486334837292,19.85580908906496,46,High
store_37,item_38,26.038412236355196,42.85949655796993,7.814400873522989,19.85580908906496,46,High
store_25,item_32,26.12596246032395,47.749602669321135,9.188297121417381,19.85580908906496,46,High
store_43,item_42,26.398100252194936,46.30853931860741,6.997258737592696,19.85580908906496,46,High
store_43,item_31,26.195619191267877,47.13404503797382,7.940723536474969,19.85580908906496,46,High
store_37,item_23,25.661285322606986,54.73502621951136,9.818135708266347,19.85580908906496,46,High
store_38,item_35,26.176184539910434,47.13404503797382,5.474437887394587,19.85580908906496,46,High
store_4,item_7,26.376173418542557,49.33811214790676,6.8540407638204295,19.85580908906496,46,High
store_40,item_13,26.05739630466813,47.11976919130521,10.101080959023452,19.85580908906496,46,High
store_22,item_30,26.23990664402779,52.66795140834673,6.076351047523846,19.85580908906496,46,High
store_22,item_32,26.11205940994365,50.78773014874202,9.118213049624451,19.85580908906496,46,High
store_40,item_18,26.132127961252284,48.646821556985145,8.705237129489166,19.85580908906496,46,High
store_29,item_22,26.427404779079808,42.237554889805786,6.642439346743957,19.85580908906496,46,High
store_31,item_40,25.786998500063948,45.76437118270013,8.02075999370963,19.85580908906496,46,High
store_29,item_3,25.719298420357774,46.499162236168615,7.208612543122558,19.85580908906496,46,High
store_12,item_31,25.807091314693178,49.17950531451034,9.229317318772113,19.85580908906496,46,High
store_12,item_2,26.305164258078054,47.56129352480023,6.241925171036364,19.85580908906496,46,High
store_29,item_2,26.13552312051024,54.31151009241295,6.126827382911587,19.85580908906496,46,High
store_29,item_20,25.710054353360157,41.77231699380095,9.851340672389634,19.85580908906496,46,High
store_12,item_49,25.65881677587216,49.47162590408624,5.8792393196254,19.85580908906496,46,High
store_13,item_25,26.04260809166815,48.536349057193,9.119100546276767,19.85580908906496,46,High
store_13,item_31,25.783698094971438,47.72743300713583,8.028452314542351,19.85580908906496,46,High
store_50,item_23,25.687797400892173,43.76814269350984,12.214815210231377,19.85580908906496,46,High
store_13,item_17,25.763027739279764,49.22473104994183,9.238787326095927,19.85580908906496,46,High
store_4,item_38,25.768358953725507,50.29267604899746,11.028866635492651,19.85580908906496,46,High
store_4,item_40,26.29380534189244,47.82491300253714,11.446082297121702,19.85580908906496,46,High
store_37,item_17,26.23292483551777,45.7756659722012,8.815361047712145,19.85580908906496,46,High
store_43,item_23,26.31293094352898,47.82491300253714,9.472934460300161,19.85580908906496,46,High
store_44,item_14,26.379035066821164,47.84872895319368,9.520393324189902,19.85580908906496,46,High
store_2,item_14,25.757317174226433,47.72743300713583,9.437518831828452,19.85580908906496,46,High
store_27,item_22,26.5874344783875,49.26884173211617,5.718070936427977,19.85580908906496,46,High
store_34,item_13,25.879540810156637,47.20741571345204,11.12207900900445,19.85580908906496,46,High
store_27,item_25,25.77434669070794,48.67153646388116,8.39854091062355,19.85580908906496,46,High
store_33,item_41,26.530911205247474,48.07411812434446,7.181091033039756,19.85580908906496,46,High
store_33,item_29,26.084417722993468,48.69493092387796,6.357928883027441,19.85580908906496,46,High
store_17,item_12,25.796650565411966,47.318834961522775,8.710189277162751,19.85580908906496,46,High
store_47,item_39,26.000384021814412,47.749602669321135,6.86271851679218,19.85580908906496,46,High
store_16,item_41,25.767953517508648,49.22473104994183,5.874385466512289,19.85580908906496,46,High
store_47,item_33,26.07249767412625,40.1316868964489,7.626650996142645,19.85580908906496,46,High
store_17,item_18,26.010810348469715,49.60164865120872,8.441486930146073,19.85580908906496,46,High
store_43,item_47,25.896548362907918,54.31151009241295,9.690443656800314,19.85580908906496,46,High
store_43,item_6,26.341895897284235,46.702246469166965,5.941583748363863,19.85580908906496,46,High
store_18,item_44,26.52398635194918,47.84872895319368,4.212909230153884,19.85580908906496,46,High
store_44,item_24,25.73749429491849,45.29026533735321,4.687473766458625,19.85580908906496,46,High
store_44,item_10,26.1061293116506,48.484793910482125,9.985875924788456,19.85580908906496,46,High
store_39,item_10,25.74073252279694,51.9691842842665,11.433445995703114,19.85580908906496,46,High
store_39,item_12,25.697477508109387,48.745801702859175,10.643999510899356,19.85580908906496,46,High
store_39,item_5,25.811401122450444,41.08092590985903,8.762534720635335,19.85580908906496,46,High
store_39,item_20,25.91638731812975,47.729261828419865,10.883969785394477,19.85580908906496,46,High
store_50,item_47,26.38162578181819,48.536349057193,11.438970821576486,19.85580908906496,46,High
store_13,item_1,26.214773747462157,49.17950531451034,10.519799974068734,19.85580908906496,46,High
store_50,item_38,26.129905509650474,49.91287122289886,8.542154356213597,19.85580908906496,46,High
store_6,item_20,26.43073989710428,49.26884173211617,8.52586104074546,19.85580908906496,46,High
store_12,item_40,26.524858643900128,46.30853931860741,10.218008504128829,19.85580908906496,46,High
store_50,item_33,26.588606753631314,46.96462724971758,9.85886987827651,19.85580908906496,46,High
store_50,item_34,26.282305946177896,47.76176039018395,10.200112270472543,19.85580908906496,46,High
store_50,item_37,26.041421563116852,47.16297373875928,8.970020817235035,19.85580908906496,46,High
store_12,item_36,26.628658269052636,49.26884173211617,5.28134276233306,19.85580908906496,46,High
store_39,item_16,25.908135022290832,47.16297373875928,4.223839165530558,19.85580908906496,46,High
store_44,item_11,25.929911624255546,44.35715018470334,4.149999928437913,19.85580908906496,46,High
store_37,item_10,26.261633524465264,40.61183811439314,8.717552606652314,19.85580908906496,46,High
store_36,item_47,25.983748458443962,49.93365200319416,8.781174314013802,19.85580908906496,46,High
store_19,item_32,26.5649776775397,49.1491030159169,9.022549033768763,19.85580908906496,46,High
store_36,item_43,25.711534956092425,48.12289363387385,5.779669495097345,19.85580908906496,46,High
store_34,item_46,26.136379556795163,47.13404503797382,4.4683325173786725,19.85580908906496,46,High
store_26,item_39,26.07289246093694,49.53757760375047,6.85898938102814,19.85580908906496,46,High
store_46,item_38,25.793216631369265,48.368639298932735,7.620911010383055,19.85580908906496,46,High
store_46,item_26,25.85856952111975,46.75286908509546,6.697091420881428,19.85580908906496,46,High
store_47,item_14,25.88674448778621,45.92854345516858,7.285663873357894,19.85580908906496,46,High
store_46,item_45,25.986566402247806,48.89136060137346,7.420039822785811,19.85580908906496,46,High
store_34,item_9,25.79383586739025,46.66918983093702,5.5251106081346135,19.85580908906496,46,High
store_34,item_45,26.561765292659956,48.07396417045027,7.561704670532471,19.85580908906496,46,High
store_45,item_50,25.935125994593864,45.2597778927497,4.072836353333616,19.85580908906496,46,High
store_17,item_32,25.660227498963042,48.91046320487308,7.565466238195962,19.85580908906496,46,High
store_17,item_38,26.3373336679431,48.75032998601439,7.923067962579465,19.85580908906496,46,High
store_34,item_20,25.811154582623693,52.66795140834673,9.509494011785305,19.85580908906496,46,High
store_46,item_17,26.59984637044266,47.04278177869844,8.217291366719294,19.85580908906496,46,High
store_35,item_6,26.34852569374516,47.71239537249412,5.988585007496936,19.85580908906496,46,High
store_26,item_1,25.956975062981872,44.73705659030898,9.70671732002689,19.85580908906496,46,High
store_26,item_12,25.69004006820191,50.78773014874202,7.639101669498836,19.85580908906496,46,High
store_36,item_25,26.34581813068226,52.687474126258245,8.669328250589247,19.85580908906496,46,High
store_6,item_45,25.78969301034224,45.16560521678909,7.6339993494858005,19.85580908906496,46,High
store_11,item_12,25.985537043214737,49.91412928528264,8.912311059963942,19.85580908906496,46,High
store_11,item_6,26.3411777664287,49.053003213118096,6.425958581572741,19.85580908906496,46,High
store_12,item_10,26.60642744019017,50.62920172896551,10.7664119941311,19.85580908906496,46,High
store_6,item_18,26.144536126116755,48.368639298932735,8.129994855221335,19.85580908906496,46,High
store_6,item_19,25.883666179373133,48.745801702859175,7.977062329092917,19.85580908906496,46,High
store_6,item_30,25.97695762164816,47.14624300414429,5.026347189828947,19.85580908906496,46,High
store_6,item_22,25.860044167141574,49.17950531451034,5.775207639855059,19.85580908906496,46,High
store_6,item_25,25.92512047714164,52.687474126258245,8.345019128935242,19.85580908906496,46,High
store_6,item_15,26.15649545413515,46.563777504151176,5.05597087907502,19.85580908906496,46,High
store_31,item_20,26.395873411701146,47.56129352480023,7.850285968281449,19.85580908906496,46,High
store_3,item_21,26.058724976426397,48.54481081878368,4.072752496890351,19.85580908906496,46,High
store_31,item_33,25.892323967985487,47.20741571345204,9.68065620388902,19.85580908906496,46,High
store_22,item_8,26.64138576954074,48.4508422982757,6.73210121304591,19.85580908906496,46,High
store_4,item_34,26.56935487072932,45.2597778927497,11.20873546713254,19.85580908906496,46,High
store_23,item_20,25.669779609618594,40.61182760055192,8.407046281533876,19.85580908906496,46,High
store_4,item_20,25.84906275717387,46.38637123326202,9.85841801695898,19.85580908906496,46,High
store_23,item_24,26.444269773422437,46.30853931860741,5.012540699789557,19.85580908906496,46,High
store_23,item_14,25.785508558408118,45.783893900611645,9.00146499520337,19.85580908906496,46,High
store_44,item_4,26.23134165136915,41.34419858360935,4.968133185706146,19.85580908906496,46,High
store_44,item_40,25.944964175117885,48.42383142714998,8.847806385382453,19.85580908906496,46,High
store_44,item_42,26.581536629228406,47.2190221565084,7.9492031873547715,19.85580908906496,46,High
store_36,item_12,25.754609387322215,46.61794213250895,7.966606996538803,19.85580908906496,46,High
store_36,item_13,25.843594299771713,49.22473104994183,8.951514018933963,19.85580908906496,46,High
store_35,item_5,25.736891567018326,48.12289363387385,9.468193055377755,19.85580908906496,46,High
store_44,item_37,26.317436297943242,47.5617467686618,8.994941623816729,19.85580908906496,46,High
store_44,item_38,26.253554303946924,35.32147887503817,7.712367148453794,19.85580908906496,46,High
store_18,item_39,25.816871933987237,49.53757760375047,7.228214825942095,19.85580908906496,46,High
store_18,item_5,26.194926605955423,47.84872895319368,8.68317061267425,19.85580908906496,46,High
store_18,item_25,25.64533549580314,47.82491300253714,9.06110299855857,19.85580908906496,46,High
store_18,item_19,26.2085083856409,51.89990009019797,8.519895517235758,19.85580908906496,46,High
store_18,item_12,25.6741490445681,43.77574559454952,8.66088328425473,19.85580908906496,46,High
store_35,item_34,25.84223544579533,49.91412928528264,9.747580433372205,19.85580908906496,46,High
store_44,item_8,26.4518247598661,46.090373813085286,6.6348768367699655,19.85580908906496,46,High
store_44,item_44,25.990236384674382,50.20946111805504,4.110723276276587,19.85580908906496,46,High
store_35,item_24,25.907857375605605,49.78908081859106,4.860414990490156,19.85580908906496,46,High
store_27,item_1,26.427889423637843,49.33811214790676,8.22815364910449,19.85580908906496,46,High
store_35,item_8,26.56302397636212,46.184842882783926,6.770231596888312,19.85580908906496,46,High
store_30,item_23,26.265473574544068,42.34098481186815,10.076701566931265,19.85580908906496,46,High
store_9,item_13,25.72741279947286,45.92854345516858,9.55696554359806,19.85580908906496,46,High
store_3,item_41,26.329597384596504,46.85595475175891,5.995877949703493,19.85580908906496,46,High
store_3,item_42,25.734651433190013,45.085525547569226,6.95648619392796,19.85580908906496,46,High
store_9,item_14,26.362829214660124,47.2190221565084,7.876238508846081,19.85580908906496,46,High
store_6,item_17,24.666438994802395,46.52071075064516,8.293469036108272,19.85580908906496,45,High
store_6,item_33,25.433682831698206,49.07285287418373,9.401183243443965,19.85580908906496,45,High
store_6,item_34,25.57221149229939,48.84407566579871,8.479187480966104,19.85580908906496,45,High
store_11,item_7,24.697575967345138,42.84815976671809,5.5045608425105055,19.85580908906496,45,High
store_11,item_44,25.63562606616983,44.196115442640114,4.03129831694686,19.85580908906496,45,High
store_11,item_49,25.52010196371759,47.440382185465104,5.387213176713602,19.85580908906496,45,High
store_11,item_41,24.805153409342175,46.043248363914486,6.757834695340028,19.85580908906496,45,High
store_12,item_12,25.50136560341001,47.37530303585525,9.940115297917794,19.85580908906496,45,High
store_4,item_37,25.069466042467432,43.01312695045214,9.830843900870295,19.85580908906496,45,High
store_3,item_26,24.84594384756206,47.85057047836234,7.035376699432825,19.85580908906496,45,High
store_3,item_14,25.17450852476329,43.521978370346254,6.9856367591893616,19.85580908906496,45,High
store_3,item_20,24.76150591054678,44.80096489924512,7.187488056122379,19.85580908906496,45,High
store_31,item_37,25.428394635934957,47.318834961522775,7.777325007468732,19.85580908906496,45,High
store_31,item_26,25.273069025189415,40.68482671724159,6.649088848380748,19.85580908906496,45,High
store_31,item_27,24.88810650852996,47.945908862110834,5.316919272809739,19.85580908906496,45,High
store_6,item_24,25.444719970100476,44.53572847389847,4.094914386148793,19.85580908906496,45,High
store_39,item_19,25.12307175903602,49.47162590408624,9.987423785931059,19.85580908906496,45,High
store_39,item_47,25.110941864890265,47.57896329877677,11.351780160216817,19.85580908906496,45,High
store_39,item_4,25.307540768150854,42.736073240958405,5.901946878289052,19.85580908906496,45,High
store_4,item_18,24.777921690300808,42.84098768120836,11.168438670337755,19.85580908906496,45,High
store_23,item_17,24.681537104391445,48.039252533222665,10.669553040369326,19.85580908906496,45,High
store_22,item_50,25.24416710926521,44.98060838638427,4.254687993448706,19.85580908906496,45,High
store_4,item_31,25.434192441826983,50.56176093481638,10.508115803650615,19.85580908906496,45,High
store_4,item_32,24.9985574147018,48.29116412000239,9.625092372733581,19.85580908906496,45,High
store_50,item_5,25.05048441847767,42.724021071826726,9.340977506371097,19.85580908906496,45,High
store_50,item_6,24.964156140893703,41.4424234343342,5.72977606966499,19.85580908906496,45,High
store_12,item_50,25.267103830206228,44.98060838638427,4.517948156811456,19.85580908906496,45,High
store_24,item_37,24.812883119461063,44.393439819218905,7.375189009421061,19.85580908906496,45,High
store_24,item_38,24.749645694580924,47.353874024372594,6.8956150565986984,19.85580908906496,45,High
store_24,item_25,24.91094918030339,45.61239175889543,8.39953096643886,19.85580908906496,45,High
store_24,item_27,24.94229706473002,49.47162590408624,5.083094281017005,19.85580908906496,45,High
store_39,item_18,24.70476525599202,46.69254320599936,9.3280906473261,19.85580908906496,45,High
store_34,item_22,24.82813360426461,44.80154651903918,6.622890246694957,19.85580908906496,45,High
store_34,item_12,24.721578754614512,44.80154651903918,9.985157671412836,19.85580908906496,45,High
store_46,item_20,24.94451331302268,38.24219958163365,8.086208042907753,19.85580908906496,45,High
store_45,item_7,25.164492398353254,49.07285287418373,5.14327567102695,19.85580908906496,45,High
store_17,item_34,24.75178883502862,41.710708731317816,9.37327952059748,19.85580908906496,45,High
store_17,item_31,25.38766691887722,45.65653026813956,8.322718352183916,19.85580908906496,45,High
store_46,item_49,25.098942984261047,39.32660037823181,4.6903651060178735,19.85580908906496,45,High
store_34,item_8,25.063100815672527,45.96527644183882,7.6003287839499905,19.85580908906496,45,High
store_19,item_13,25.359572811405407,47.72743300713583,11.403671156561582,19.85580908906496,45,High
store_44,item_29,25.517021993935717,41.97330787787645,5.500329370901875,19.85580908906496,45,High
store_36,item_20,25.105064212088795,41.78739701203546,6.784606561639828,19.85580908906496,45,High
store_25,item_8,25.59932328666342,49.07285287418373,7.479978423464244,19.85580908906496,45,High
store_36,item_23,24.90611558297732,47.57896329877677,8.447198444369882,19.85580908906496,45,High
store_36,item_16,24.978350079975325,49.1491030159169,3.852004226958303,19.85580908906496,45,High
store_34,item_30,25.250749742230347,39.62960485584949,5.400537511855986,19.85580908906496,45,High
store_34,item_21,24.716293593837914,44.04703273260302,4.468561811835154,19.85580908906496,45,High
store_18,item_33,24.865704260721447,46.91543080686528,9.197095761395879,19.85580908906496,45,High
store_18,item_34,24.907729616137914,41.710708731317816,9.928516182928748,19.85580908906496,45,High
store_18,item_50,24.670281269804146,45.82553286863301,4.140295497240098,19.85580908906496,45,High
store_18,item_38,24.73001992065292,43.24177047337848,8.388959626843635,19.85580908906496,45,High
store_18,item_40,25.60765545222267,45.16560521678909,9.030647575252575,19.85580908906496,45,High
store_18,item_42,24.996842768310596,49.26884173211617,7.348111553792923,19.85580908906496,45,High
store_19,item_11,25.05480321825021,44.91835398692676,5.0027196214968,19.85580908906496,45,High
store_19,item_12,24.81911931167094,45.67286777336292,9.82751578600182,19.85580908906496,45,High
store_45,item_18,24.64564928165594,48.039252533222665,8.02925128624263,19.85580908906496,45,High
store_45,item_4,25.204632538352218,46.281388583688525,4.784883042021573,19.85580908906496,45,High
store_45,item_2,25.401138635039068,47.2190221565084,5.456753995922149,19.85580908906496,45,High
store_45,item_21,24.963543583047265,43.56630613287759,4.132918686426683,19.85580908906496,45,High
store_45,item_13,24.654976018088,49.44957896377888,8.769058259086167,19.85580908906496,45,High
store_18,item_14,24.89357563340886,43.86230855912749,8.879884020826568,19.85580908906496,45,High
store_18,item_15,25.002959244658985,41.710708731317816,4.843904596165638,19.85580908906496,45,High
store_45,item_45,24.80966252654589,48.22854091077158,6.872612654893718,19.85580908906496,45,High
store_16,item_6,25.358048926624683,45.085525547569226,6.127900954785862,19.85580908906496,45,High
store_47,item_49,25.37472177884648,48.72113581953543,4.9592752279350325,19.85580908906496,45,High
store_33,item_38,24.73894347290242,44.01234254264131,9.130828558977429,19.85580908906496,45,High
store_33,item_25,25.5081842656725,38.93818150420995,10.021644430528644,19.85580908906496,45,High
store_34,item_10,25.29209163999013,39.94406509071075,8.697518509622823,19.85580908906496,45,High
store_27,item_32,24.99368136761055,45.67997330274378,7.174667609725894,19.85580908906496,45,High
store_27,item_20,25.53077360302603,46.81476409920999,7.870837135622272,19.85580908906496,45,High
store_34,item_16,24.692211797026076,40.86110424778949,3.7831099486824846,19.85580908906496,45,High
store_43,item_46,24.752552720231378,42.80011076259408,4.924567607437082,19.85580908906496,45,High
store_47,item_11,24.680600918819724,46.66672617834812,4.31222356054427,19.85580908906496,45,High
store_47,item_12,24.80037413233127,46.00711904289739,7.590774808940623,19.85580908906496,45,High
store_47,item_34,25.076936707942295,43.45387802035981,8.595466158909138,19.85580908906496,45,High
store_47,item_36,24.859121423002232,46.043248363914486,4.47181718840343,19.85580908906496,45,High
store_17,item_19,25.239023607164505,44.4804526576615,7.945825120754169,19.85580908906496,45,High
store_17,item_20,25.352093731368047,43.39955280390419,8.296762830262775,19.85580908906496,45,High
store_17,item_13,24.954456555717925,39.68438957014811,9.607699096021689,19.85580908906496,45,High
store_25,item_7,25.432127230713576,45.085525547569226,5.903355654447204,19.85580908906496,45,High
store_37,item_1,25.33357776799337,43.44838320511007,10.451667261200258,19.85580908906496,45,High
store_37,item_12,25.29831096868829,42.23701879936208,9.141706660424035,19.85580908906496,45,High
store_36,item_4,24.652523571438042,46.91543080686528,5.156553610829984,19.85580908906496,45,High
store_19,item_23,25.445389499456585,38.8385830641328,10.78108780966491,19.85580908906496,45,High
store_19,item_5,24.653835182565448,45.49228928934426,10.104124981850125,19.85580908906496,45,High
store_19,item_36,25.475850550941,47.318834961522775,5.331747952771591,19.85580908906496,45,High
store_44,item_12,25.08326239959467,45.23979982296962,9.406261531503876,19.85580908906496,45,High
store_34,item_37,24.698257576986737,49.22473104994183,9.372793159123182,19.85580908906496,45,High
store_26,item_47,25.194453399935124,42.14742397477962,8.232858892876271,19.85580908906496,45,High
store_26,item_42,25.50186029008652,47.59804459275041,6.96268436940381,19.85580908906496,45,High
store_35,item_10,24.646437549231237,45.05534771062875,10.031620238484452,19.85580908906496,45,High
store_35,item_13,25.622779829692778,46.19602168856439,9.69792628829387,19.85580908906496,45,High
store_36,item_36,25.035870056920217,44.92044913619299,4.345374100704933,19.85580908906496,45,High
store_26,item_24,24.82934679692945,37.758754018262046,4.046911742837023,19.85580908906496,45,High
store_26,item_27,24.69448016539516,42.00887330874208,5.020600825034148,19.85580908906496,45,High
store_16,item_27,25.10658069695817,46.04465806783161,5.778580051183455,19.85580908906496,45,High
store_16,item_30,25.374470854679288,47.353874024372594,5.4064101408047405,19.85580908906496,45,High
store_16,item_31,25.070948878959708,45.67286777336292,8.626320180554877,19.85580908906496,45,High
store_48,item_30,25.22637663064436,45.37829331965562,4.968178018640139,19.85580908906496,45,High
store_48,item_26,25.115681118427243,37.78369557625039,6.485578057273857,19.85580908906496,45,High
store_48,item_28,24.816141618145938,47.84872895319368,4.210712785507191,19.85580908906496,45,High
store_48,item_38,25.62063444306602,49.47162590408624,8.816412088784656,19.85580908906496,45,High
store_47,item_3,25.349987765812646,47.04462234881173,5.9350948130197825,19.85580908906496,45,High
store_25,item_44,25.598841566936954,48.3218020174879,4.126403229364417,19.85580908906496,45,High
store_33,item_27,24.75383052892183,45.67997330274378,6.409929337197416,19.85580908906496,45,High
store_33,item_28,25.072569186841815,41.33121316093705,4.335613788526336,19.85580908906496,45,High
store_28,item_25,24.754980808334523,42.96033628841131,11.223161010801034,19.85580908906496,45,High
store_28,item_20,25.549820069716542,47.21336552257619,10.736524426429872,19.85580908906496,45,High
store_16,item_16,25.026441216754282,43.55021356806871,3.940031434810374,19.85580908906496,45,High
store_48,item_20,24.87347720435688,40.8026443279068,8.301795870943979,19.85580908906496,45,High
store_16,item_39,25.42000242952157,44.52682909832442,6.488048024298028,19.85580908906496,45,High
store_43,item_29,25.352503400965087,47.84051643112743,5.980128652694666,19.85580908906496,45,High
store_19,item_26,25.110507055287147,45.67286777336292,8.497788064886269,19.85580908906496,45,High
store_43,item_39,25.04061191903591,44.33408555350709,7.389665171194266,19.85580908906496,45,High
store_43,item_40,24.86687982385983,43.86230855912749,8.872608549132774,19.85580908906496,45,High
store_37,item_34,25.562755080734163,42.99299924795115,9.095700372423693,19.85580908906496,45,High
store_37,item_4,24.941812745953424,41.78734012872836,5.857001504110224,19.85580908906496,45,High
store_37,item_31,25.485228326327714,47.13404503797382,9.781515276397599,19.85580908906496,45,High
store_25,item_43,24.76645235796795,48.33790824556694,7.300527064163778,19.85580908906496,45,High
store_33,item_6,25.142521511257666,43.45387802035981,6.002095836537538,19.85580908906496,45,High
store_33,item_7,24.947306723377867,44.69425967142014,5.953388181420645,19.85580908906496,45,High
store_33,item_8,24.905384428722147,48.82667089479356,8.078771065821275,19.85580908906496,45,High
store_2,item_15,25.581451281131546,41.60906949499677,5.83697659706852,19.85580908906496,45,High
store_2,item_27,24.879804919461893,43.57727609301895,6.111762998269671,19.85580908906496,45,High
store_2,item_2,25.58154823613192,48.3218020174879,6.0857864036708325,19.85580908906496,45,High
store_43,item_25,25.631996693912157,48.67153646388116,9.727028363240363,19.85580908906496,45,High
store_43,item_27,25.619217327846833,54.73502621951136,5.63534890508252,19.85580908906496,45,High
store_33,item_1,25.151601912772975,42.96033628841131,11.242989685074154,19.85580908906496,45,High
store_32,item_45,25.255722301023248,47.04462234881173,7.073746884567806,19.85580908906496,45,High
store_32,item_48,25.227602588862418,45.719185473768185,4.500227680943253,19.85580908906496,45,High
store_32,item_38,25.448136140432833,47.07577077996784,7.930763293329675,19.85580908906496,45,High
store_27,item_8,25.251370445227373,43.45387802035981,6.785794894813613,19.85580908906496,45,High
store_33,item_2,25.406628540823807,45.02827574001815,5.605144664451772,19.85580908906496,45,High
store_27,item_49,24.917941989440518,44.58011870531242,4.555914335108042,19.85580908906496,45,High
store_28,item_44,24.967971639594204,43.55021356806871,4.392532243543874,19.85580908906496,45,High
store_49,item_10,25.576057209087022,43.68432594922144,9.143582567136018,19.85580908906496,45,High
store_15,item_40,25.610916669146942,41.89884935323805,7.106184751670563,19.85580908906496,45,High
store_49,item_22,25.599846850423575,48.89136060137346,6.863464966207783,19.85580908906496,45,High
store_16,item_1,25.194861070614262,45.43461711703067,9.575286890252876,19.85580908906496,45,High
store_15,item_5,25.50138711474306,44.96640052741219,8.131251364499368,19.85580908906496,45,High
store_49,item_4,24.820142583147383,49.55421832326052,6.285155345289527,19.85580908906496,45,High
store_49,item_40,25.249391506126038,42.07269592713947,10.050677895457214,19.85580908906496,45,High
store_32,item_9,24.947790938948902,48.95443752868211,4.5507095047817945,19.85580908906496,45,High
store_2,item_40,25.443124388124264,46.82691877532949,10.480620260527472,19.85580908906496,45,High
store_43,item_1,24.698997576680892,48.22854091077158,11.834186186594259,19.85580908906496,45,High
store_43,item_13,25.28581805863157,47.57896329877677,10.958218887137958,19.85580908906496,45,High
store_42,item_7,24.657931948364737,44.99494170954087,5.502043401053405,19.85580908906496,45,High
store_20,item_12,25.157862830410977,42.50631749834449,7.026337362101482,19.85580908906496,45,High
store_20,item_17,25.576365490827204,43.46321919891599,9.037762965484868,19.85580908906496,45,High
store_2,item_6,25.031946238570686,46.281388583688525,6.242122619499224,19.85580908906496,45,High
store_2,item_34,25.317788855489372,43.39955280390419,10.592228084530921,19.85580908906496,45,High
store_47,item_18,25.417808675767777,45.16560521678909,8.178652334176226,19.85580908906496,45,High
store_25,item_34,24.698121901661125,41.4424234343342,9.692221017586318,19.85580908906496,45,High
store_37,item_45,24.824571846824345,43.66878452389962,7.6020791412701945,19.85580908906496,45,High
store_25,item_6,25.07213736873377,43.45387802035981,6.203218839638016,19.85580908906496,45,High
store_25,item_38,24.922455655243965,42.39378978851715,8.934928497524771,19.85580908906496,45,High
store_25,item_40,25.2679513813002,46.076389458687984,10.642586210360305,19.85580908906496,45,High
store_42,item_46,25.298766223402712,47.71524455192891,3.573948132059747,19.85580908906496,45,High
store_42,item_33,25.439815244623887,45.085525547569226,8.790660879480443,19.85580908906496,45,High
store_41,item_16,25.058397992708084,52.36795731416901,3.8166582888934584,19.85580908906496,45,High
store_40,item_7,25.224062058148736,45.22464920997279,4.643938816974685,19.85580908906496,45,High
store_41,item_1,25.20963361740421,46.69254320599936,12.242651414673302,19.85580908906496,45,High
store_20,item_9,25.060089589410264,44.52682909832442,3.8252352302055,19.85580908906496,45,High
store_14,item_34,24.9706714570686,46.00711904289739,10.726118860140105,19.85580908906496,45,High
store_14,item_23,24.958121727874058,38.38092950815919,9.239672883884358,19.85580908906496,45,High
store_14,item_25,24.744193933624953,44.92044913619299,9.81268949012952,19.85580908906496,45,High
store_14,item_26,25.31484087269381,47.353874024372594,8.461974537141842,19.85580908906496,45,High
store_2,item_10,24.775948127155843,44.03441023825095,9.710833082887218,19.85580908906496,45,High
store_41,item_41,25.01636522560408,45.81419267542487,7.727233976497425,19.85580908906496,45,High
store_41,item_44,25.040016232932174,45.719185473768185,4.098165830484491,19.85580908906496,45,High
store_42,item_15,24.718123026229147,44.64790385019235,5.034155141160199,19.85580908906496,45,High
store_41,item_5,25.14403435888802,50.78773014874202,9.233795435360072,19.85580908906496,45,High
store_42,item_28,24.878390335689357,42.91808744129101,4.152460934528119,19.85580908906496,45,High
store_42,item_31,25.26965070450073,45.085525547569226,7.352339891281576,19.85580908906496,45,High
store_41,item_14,25.089415850566535,46.66918983093702,9.557692670819213,19.85580908906496,45,High
store_15,item_19,25.068966681826748,46.97535193302114,7.627680892609318,19.85580908906496,45,High
store_14,item_7,24.780761824399605,44.29957083558145,5.364209042837772,19.85580908906496,45,High
store_15,item_10,25.330271217815888,47.21336552257619,7.775440314453599,19.85580908906496,45,High
store_14,item_28,24.986507923135452,53.70714454674897,4.685598034188381,19.85580908906496,45,High
store_14,item_3,25.131392069382745,41.14355464136189,5.971063509107344,19.85580908906496,45,High
store_14,item_18,25.330285409957813,42.14742397477962,8.578920997624808,19.85580908906496,45,High
store_49,item_19,25.471471262302554,44.70916689561584,10.033004160645344,19.85580908906496,45,High
store_19,item_8,24.95153726364385,47.07577077996784,8.148200742406893,19.85580908906496,45,High
store_32,item_40,25.000392064143412,45.96527644183882,8.7821161610996,19.85580908906496,45,High
store_32,item_43,24.948374324263543,46.91543080686528,6.061212657822291,19.85580908906496,45,High
store_5,item_14,25.261255807298287,46.80547725870812,10.37992355558169,19.85580908906496,45,High
store_49,item_8,25.121030735825865,43.45387802035981,8.63793336676416,19.85580908906496,45,High
store_15,item_13,24.863943286057783,46.281388583688525,9.071373951844238,19.85580908906496,45,High
store_14,item_48,24.95049135474739,46.00711904289739,4.978869581952197,19.85580908906496,45,High
store_5,item_10,25.185819852967875,46.91543080686528,11.134269838532449,19.85580908906496,45,High
store_5,item_12,25.161649420821103,47.0741445167908,9.35826196466455,19.85580908906496,45,High
store_38,item_28,25.211644427092107,42.50631749834449,3.727817100847666,19.85580908906496,45,High
store_38,item_31,24.979476613134228,39.845227075047866,6.822789558039334,19.85580908906496,45,High
store_38,item_33,24.87409123002346,36.75102576561372,7.637966387057297,19.85580908906496,45,High
store_25,item_18,25.582243232627054,47.55289981550813,10.013740856425887,19.85580908906496,45,High
store_25,item_21,24.743507342658127,43.24177047337848,4.074327251421391,19.85580908906496,45,High
store_29,item_43,25.49505913680673,52.687474126258245,7.352459049501876,19.85580908906496,45,High
store_29,item_44,24.74977624879676,45.92111075642707,4.588805886399573,19.85580908906496,45,High
store_29,item_34,25.054984543982076,42.71105048605208,11.086003399371299,19.85580908906496,45,High
store_38,item_14,25.186274007009942,44.91835398692676,7.906730894789764,19.85580908906496,45,High
store_37,item_6,25.586614680295057,43.46321919891599,6.449464994635983,19.85580908906496,45,High
store_24,item_45,25.56998860589354,47.37530303585525,6.227682892730006,19.85580908906496,45,High
store_38,item_21,24.721329150522873,45.13156600933029,3.800309943468965,19.85580908906496,45,High
store_38,item_22,25.61970313614611,44.60157346734668,5.641966769090459,19.85580908906496,45,High
store_38,item_24,24.753731222935134,47.55289981550813,4.770894447822566,19.85580908906496,45,High
store_38,item_12,24.654594219934413,45.40852551670233,7.978795177689848,19.85580908906496,45,High
store_24,item_40,24.652210068559587,42.41162142619213,7.155503857021522,19.85580908906496,45,High
store_32,item_28,25.36051169679281,39.72636151722851,3.727721499655975,19.85580908906496,45,High
store_32,item_18,24.691914813784035,46.80356432110237,6.336018893918425,19.85580908906496,45,High
store_28,item_33,25.463227828340383,40.18277853322251,10.249274902062902,19.85580908906496,45,High
store_21,item_12,25.21667319900405,38.99046029902952,8.75162816199726,19.85580908906496,45,High
store_21,item_25,25.035168008654473,45.77724054518305,10.195936234816443,19.85580908906496,45,High
store_21,item_16,25.44966464493766,44.4804526576615,3.9158672594257617,19.85580908906496,45,High
store_41,item_48,24.73183860490633,43.35816052062201,4.353168640828267,19.85580908906496,45,High
store_41,item_29,25.36838610127585,42.14742397477962,6.247525050478424,19.85580908906496,45,High
store_5,item_26,25.315663023727833,44.70916689561584,8.252358425147118,19.85580908906496,45,High
store_5,item_31,25.02391187764767,46.281388583688525,10.082999283671796,19.85580908906496,45,High
store_5,item_40,24.785031483971647,44.393439819218905,10.65808041210052,19.85580908906496,45,High
store_5,item_41,25.451802398970354,48.745801702859175,7.655996272602977,19.85580908906496,45,High
store_5,item_43,25.640269447019225,48.745801702859175,7.178145867461825,19.85580908906496,45,High
store_5,item_36,24.963995470207248,39.040658448458885,4.368875749526601,19.85580908906496,45,High
store_32,item_23,25.313658076013642,43.46321919891599,8.741582857136486,19.85580908906496,45,High
store_32,item_25,25.199077249936753,45.608202143749416,9.342255518882485,19.85580908906496,45,High
store_50,item_25,24.662472896622806,46.6406226752608,9.97999751701043,19.85580908906496,45,High
store_13,item_12,24.806321976220197,43.35816052062201,8.053454624266973,19.85580908906496,45,High
store_13,item_14,24.852953834321283,43.85018016485623,8.314769653632473,19.85580908906496,45,High
store_12,item_5,24.824264018877717,44.32081991931375,10.510400555565965,19.85580908906496,45,High
store_13,item_30,24.897297011235015,42.6090432028952,5.478472524544211,19.85580908906496,45,High
store_13,item_2,24.833967910255218,47.8518035016026,5.763865285279249,19.85580908906496,45,High
store_12,item_28,25.345705367310742,45.02827574001815,4.532422596944323,19.85580908906496,45,High
store_12,item_3,25.37786844815162,49.17950531451034,6.920652599773191,19.85580908906496,45,High
store_21,item_35,24.760790189498472,48.84150347597335,6.35546909424752,19.85580908906496,45,High
store_21,item_37,24.922041698734457,47.04462234881173,7.865703905754444,19.85580908906496,45,High
store_40,item_31,25.410154948325054,49.22473104994183,8.437800882063431,19.85580908906496,45,High
store_21,item_47,25.129879182088402,47.330986664399234,10.537266002899935,19.85580908906496,45,High
store_21,item_49,25.338529522730244,48.67153646388116,4.832610280093797,19.85580908906496,45,High
store_21,item_5,25.039149425557312,47.0741445167908,8.816937562336603,19.85580908906496,45,High
store_4,item_4,24.81891417942604,47.85057047836234,6.6403890823955125,19.85580908906496,45,High
store_22,item_19,25.207599823329236,44.01234254264131,9.414253964835531,19.85580908906496,45,High
store_5,item_49,25.46251138239835,47.318834961522775,5.341408860040689,19.85580908906496,45,High
store_14,item_1,25.249103721305406,45.96527644183882,11.637078524215593,19.85580908906496,45,High
store_14,item_12,25.02480712460979,39.38674483307454,9.034566746316974,19.85580908906496,45,High
store_50,item_29,25.15188687347049,46.076389458687984,6.39801798351392,19.85580908906496,45,High
store_40,item_34,24.778575487911695,42.91808744129101,9.545341087120468,19.85580908906496,45,High
store_40,item_14,24.93894040523859,44.29957083558145,7.9161680327142365,19.85580908906496,45,High
store_40,item_17,25.021675780669838,44.80154651903918,9.689438384311739,19.85580908906496,45,High
store_21,item_41,24.907518006026304,40.982344782336014,6.569682413446057,19.85580908906496,45,High
store_32,item_19,25.593659782506204,45.13380896569884,7.3725489824385475,19.85580908906496,45,High
store_32,item_11,24.705709628863122,47.34697524795594,3.8812521891106693,19.85580908906496,45,High
store_32,item_13,24.959234232079847,44.98060838638427,9.238710177296442,19.85580908906496,45,High
store_13,item_46,25.05515346758178,44.007216469717136,4.633435844629856,19.85580908906496,45,High
store_13,item_33,25.24500753621931,44.052152969242336,8.53214784935538,19.85580908906496,45,High
store_14,item_13,25.498588478786893,47.84872895319368,12.766716153341303,19.85580908906496,45,High
store_13,item_7,24.867706292663534,43.35816052062201,5.194563289085477,19.85580908906496,45,High
store_13,item_43,24.836456523576214,47.29968511264021,6.158745787841769,19.85580908906496,45,High
store_50,item_35,24.737005874353525,47.56129352480023,7.0350558751546455,19.85580908906496,45,High
store_50,item_36,25.631324989988858,46.61794213250895,4.646227684260542,19.85580908906496,45,High
store_12,item_41,24.943078512000714,45.26780372570519,7.840638859424975,19.85580908906496,45,High
store_50,item_4,25.48574562966198,43.46321919891599,5.997108672164806,19.85580908906496,45,High
store_50,item_41,24.815695671762047,45.42088368097417,7.4838544833694485,19.85580908906496,45,High
store_50,item_31,25.01954624680935,46.40197009516359,8.541401623642628,19.85580908906496,45,High
store_6,item_11,24.977947183226497,46.66918983093702,4.031147292189669,19.85580908906496,45,High
store_6,item_13,25.195982115153644,50.56176093481638,9.417456922752466,19.85580908906496,45,High
store_24,item_18,25.020443812495273,44.01234254264131,7.1836381234058155,19.85580908906496,45,High
store_24,item_21,24.996033735254944,44.37547876286504,3.8659491821693917,19.85580908906496,45,High
store_24,item_12,24.70738139240538,49.22473104994183,7.064975232065452,19.85580908906496,45,High
store_12,item_14,24.795378759593696,46.91543080686528,10.039787798325232,19.85580908906496,45,High
store_12,item_18,25.06503644120011,47.41668172267047,10.60988278609223,19.85580908906496,45,High
store_12,item_43,25.436278450423753,37.77938451098337,7.163217384506448,19.85580908906496,45,High
store_12,item_4,25.006217068932,38.99432144627256,5.719940383017088,19.85580908906496,45,High
store_12,item_27,25.311713300273983,43.130305341767205,6.604585169422589,19.85580908906496,45,High
store_22,item_36,25.209217311278103,45.2307203607262,5.067327058348873,19.85580908906496,45,High
store_22,item_37,24.69309963242635,47.8518035016026,9.078228428987984,19.85580908906496,45,High
store_38,item_5,24.77987267982646,39.68438957014811,7.238684322764581,19.85580908906496,45,High
store_38,item_9,25.057389435595116,42.6090432028952,4.119614348529844,19.85580908906496,45,High
store_38,item_47,24.699593207990652,42.84815976671809,7.883499252595182,19.85580908906496,45,High
store_38,item_48,25.319771374055932,45.22570315347418,4.185411624684562,19.85580908906496,45,High
store_24,item_28,24.885778191858194,39.4037345687401,4.001662757279571,19.85580908906496,45,High
store_24,item_31,24.950102128607266,47.85057047836234,7.22117737688819,19.85580908906496,45,High
store_12,item_23,25.575199611406962,52.36795731416901,11.975597862623003,19.85580908906496,45,High
store_31,item_41,25.393854454875598,46.66918983093702,6.443266305550936,19.85580908906496,45,High
store_29,item_37,25.15074178461962,41.21299458936509,9.534222661451606,19.85580908906496,45,High
store_29,item_25,25.413035205128832,51.065908973321854,11.316117974627195,19.85580908906496,45,High
store_22,item_39,25.05167639618413,45.70161020838835,7.568613837377329,19.85580908906496,45,High
store_22,item_3,24.67486470437137,42.20697249026584,6.632139146629223,19.85580908906496,45,High
store_22,item_31,25.64294222593105,48.14371577902347,8.847227358419987,19.85580908906496,45,High
store_40,item_1,25.49394441799066,45.085525547569226,9.420773855834005,19.85580908906496,45,High
store_39,item_40,25.105086815824528,47.77613066674308,11.251175329961569,19.85580908906496,45,High
store_23,item_49,25.40375445321604,46.82691877532949,5.901383273661074,19.85580908906496,45,High
store_23,item_5,25.302806387458116,45.16560521678909,9.943399751694617,19.85580908906496,45,High
store_1,item_18,24.673449125217683,37.80884231503524,7.935614930130857,19.85580908906496,45,High
store_1,item_25,24.966488897645032,45.22570315347418,9.649518629887623,19.85580908906496,45,High
store_9,item_32,24.669825820665285,45.49228928934426,7.831074675760301,19.85580908906496,45,High
store_30,item_24,24.807276444595786,44.89946921743726,5.007620707093885,19.85580908906496,45,High
store_30,item_22,25.3265708822236,44.23436959298743,6.8811461436261165,19.85580908906496,45,High
store_39,item_39,24.92505807911174,44.47152797307108,8.554145671717468,19.85580908906496,45,High
store_39,item_25,25.612413102956175,49.07285287418373,10.872071937134374,19.85580908906496,45,High
store_39,item_26,25.260379404574877,50.25020543445537,9.083230614898056,19.85580908906496,45,High
store_23,item_28,25.277512836130178,45.46200362843874,5.274297765213119,19.85580908906496,45,High
store_23,item_30,25.39119541134773,44.52682909832442,6.020513657442657,19.85580908906496,45,High
store_23,item_31,24.943657596858557,47.85057047836234,10.382594072852633,19.85580908906496,45,High
store_23,item_43,25.50922150367167,48.745801702859175,6.979688738217118,19.85580908906496,45,High
store_23,item_39,25.171066884443082,39.59777386875116,7.511136501035122,19.85580908906496,45,High
store_7,item_32,25.374138698165574,49.07285287418373,7.175048417322646,19.85580908906496,45,High
store_7,item_33,25.488264500399108,44.98060838638427,9.328792636770935,19.85580908906496,45,High
store_11,item_33,25.215998437551868,43.35957251953671,8.813772457752682,19.85580908906496,45,High
store_31,item_21,25.627193178159583,42.43114974636456,4.200317900831396,19.85580908906496,45,High
store_31,item_22,25.53970065196165,44.73705659030898,5.123782588689324,19.85580908906496,45,High
store_31,item_23,24.926530139815565,46.40197009516359,9.37248897234385,19.85580908906496,45,High
store_30,item_5,25.40621510923756,43.46321919891599,10.078038042988004,19.85580908906496,45,High
store_39,item_37,25.041094356426946,43.39955280390419,9.364938173810183,19.85580908906496,45,High
store_8,item_10,24.96985286946935,44.04703273260302,8.725262013056323,19.85580908906496,45,High
store_8,item_11,24.837427697785984,46.01907942165048,3.9807948014345746,19.85580908906496,45,High
store_6,item_6,25.391349928812048,49.07285287418373,5.614694831582014,19.85580908906496,45,High
store_7,item_1,25.575144912434492,38.93818150420995,7.970991598057792,19.85580908906496,45,High
store_7,item_25,24.87306708621734,45.719185473768185,9.036389304928738,19.85580908906496,45,High
store_7,item_17,24.72055243373585,40.39046289131248,7.572613167390852,19.85580908906496,45,High
store_11,item_10,25.643856081204692,44.60157346734668,9.032687926417653,19.85580908906496,45,High
store_7,item_39,24.751111630711613,47.55289981550813,7.92131167577479,19.85580908906496,45,High
store_8,item_43,25.32925637991873,46.499162236168615,5.115995325736988,19.85580908906496,45,High
store_8,item_44,24.68593747749761,49.44957896377888,3.811425720801091,19.85580908906496,45,High
store_10,item_17,25.634932366528425,44.37838497459578,8.46515189623181,19.85580908906496,45,High
store_10,item_1,24.672486644326895,49.44957896377888,11.02775042342195,19.85580908906496,45,High
store_9,item_6,25.142440708340974,47.04462234881173,5.814730374865457,19.85580908906496,45,High
store_34,item_5,25.033392806798194,45.96527644183882,9.963557677209245,19.85580908906496,45,High
store_27,item_18,24.986561903728415,49.47162590408624,7.272942986930259,19.85580908906496,45,High
store_35,item_39,25.351661948008037,42.4522372249591,6.534445529627024,19.85580908906496,45,High
store_9,item_5,25.628505679751896,46.82691877532949,9.13691526062949,19.85580908906496,45,High
store_9,item_4,25.186296679145222,45.085525547569226,4.749232472283282,19.85580908906496,45,High
store_9,item_44,25.10363841140324,45.42088368097417,3.8359342772680654,19.85580908906496,45,High
store_9,item_30,24.978132265612064,47.440382185465104,5.237742935392903,19.85580908906496,45,High
store_8,item_34,24.720241661676503,47.749602669321135,9.45861049128012,19.85580908906496,45,High
store_8,item_19,25.302478950016013,43.44838320511007,7.825822390000231,19.85580908906496,45,High
store_10,item_14,24.859146234601777,41.75578818170298,8.593731519559388,19.85580908906496,45,High
store_1,item_47,25.492305343210347,45.02340309524662,9.48955610037588,19.85580908906496,45,High
store_10,item_28,24.749117415373984,47.59883411408629,4.113427993179467,19.85580908906496,45,High
store_7,item_7,25.332781006629965,43.77574559454952,4.873342326496141,19.85580908906496,45,High
store_8,item_14,24.713471000472232,46.043248363914486,8.418596832612806,19.85580908906496,45,High
store_10,item_5,25.516517632678,49.22473104994183,8.984946889692575,19.85580908906496,45,High
store_10,item_39,25.121080440228067,49.47162590408624,7.091129903421517,19.85580908906496,45,High
store_10,item_41,25.260231807035808,45.8547299664821,6.463797514494619,19.85580908906496,45,High
store_8,item_20,25.01672297780004,42.71105048605208,8.162230116528953,19.85580908906496,45,High
store_8,item_24,24.98260482256166,46.66918983093702,4.05097889785743,19.85580908906496,45,High
store_3,item_38,25.634555748439208,43.77574559454952,7.472258029338969,19.85580908906496,45,High
store_3,item_30,25.599058758945517,41.33121316093705,5.7333124754437215,19.85580908906496,45,High
store_31,item_1,25.466481647229227,47.77613066674308,9.03292464965256,19.85580908906496,45,High
store_30,item_47,24.876230215239595,40.77890157823327,10.290608356038643,19.85580908906496,45,High
store_30,item_10,25.061065153391443,47.2190221565084,11.002093528505315,19.85580908906496,45,High
store_7,item_9,25.111239406626147,40.40541892506375,4.136994609628472,19.85580908906496,45,High
store_7,item_35,25.55651656089995,43.77574559454952,6.090293798001285,19.85580908906496,45,High
store_7,item_37,25.141474210125804,47.330986664399234,6.937584479011496,19.85580908906496,45,High
store_30,item_15,24.348664617862813,45.35054864396965,4.990627352196923,19.85580908906496,44,High
store_9,item_2,24.06448753754148,43.248683560997605,5.934401740694443,19.85580908906496,44,High
store_9,item_1,24.485601484255096,44.04703273260302,9.641838265671325,19.85580908906496,44,High
store_8,item_49,23.947032691203173,45.93520248340149,5.153935333113328,19.85580908906496,44,High
store_8,item_5,24.384627186952606,44.80209292857725,7.727687475449747,19.85580908906496,44,High
store_10,item_10,24.48274498287136,44.62353408829487,9.32286784275605,19.85580908906496,44,High
store_10,item_13,24.423188896952624,47.34697524795594,10.449051346023545,19.85580908906496,44,High
store_1,item_7,24.071324066102548,45.29382715286732,5.193702781865994,19.85580908906496,44,High
store_8,item_33,24.39780397181504,44.04703273260302,8.386367828800674,19.85580908906496,44,High
store_8,item_37,24.526358638264384,47.21846903435621,8.225614081242963,19.85580908906496,44,High
store_8,item_3,24.077389151708193,44.55913576219383,5.8617861565091625,19.85580908906496,44,High
store_9,item_35,24.250422658453573,45.26431963534494,6.751782760448238,19.85580908906496,44,High
store_1,item_34,24.560848198293233,39.13476074068579,8.177374054323845,19.85580908906496,44,High
store_1,item_36,24.365327990641543,44.32081991931375,4.593136775747296,19.85580908906496,44,High
store_1,item_38,24.396393245609442,46.66672617834812,8.014946538867713,19.85580908906496,44,High
store_1,item_39,23.655726000425183,43.6762804379233,7.007208724100656,19.85580908906496,44,High
store_1,item_29,24.06895643953034,42.870545767984055,5.582251236438054,19.85580908906496,44,High
store_1,item_10,24.21762538805899,39.07561088081807,8.045071936666817,19.85580908906496,44,High
store_1,item_12,23.87648220264249,40.33371182251791,8.389568512395988,19.85580908906496,44,High
store_1,item_13,24.302650839500124,47.71056222279344,10.369755857335607,19.85580908906496,44,High
store_3,item_25,24.491854484058937,44.17323150347257,7.698154475170807,19.85580908906496,44,High
store_3,item_18,24.201057078531917,46.42525879493255,6.706299985205383,19.85580908906496,44,High
store_3,item_19,23.938099288806495,45.60341041162176,7.185587112583793,19.85580908906496,44,High
store_3,item_1,24.32598442697833,39.45375678691329,8.294351686409131,19.85580908906496,44,High
store_3,item_11,23.74076822628165,45.94944575977798,3.8392967549207464,19.85580908906496,44,High
store_29,item_45,23.857503856964566,44.350236775382605,9.045526138477612,19.85580908906496,44,High
store_31,item_2,23.841082799694618,44.43011627282099,5.538392749743898,19.85580908906496,44,High
store_30,item_9,24.39620850860674,48.039252533222665,5.4942003807388655,19.85580908906496,44,High
store_11,item_50,24.471183182744586,44.99494170954087,3.922656712667575,19.85580908906496,44,High
store_11,item_47,23.92749581955284,48.07140407773979,10.606068308322284,19.85580908906496,44,High
store_6,item_38,24.06994072912055,40.982344782336014,7.9261541104833055,19.85580908906496,44,High
store_6,item_31,23.657231984970302,44.498147894942974,8.524904816962774,19.85580908906496,44,High
store_6,item_21,24.38417683496583,39.6194462670454,4.204939452534044,19.85580908906496,44,High
store_31,item_42,24.29605812353418,46.42525879493255,6.772477161238794,19.85580908906496,44,High
store_31,item_34,23.81178461639853,45.60341041162176,9.195842788465008,19.85580908906496,44,High
store_31,item_29,24.297992018328245,41.26222490591817,5.128402943394933,19.85580908906496,44,High
store_50,item_49,23.77001902403068,45.56762222149742,5.123272501185793,19.85580908906496,44,High
store_50,item_42,24.231540220785384,43.91794771609199,6.857384990959119,19.85580908906496,44,High
store_50,item_44,24.451351777173766,47.8518035016026,4.3264836116539485,19.85580908906496,44,High
store_50,item_32,23.747527508669794,44.369773598432815,8.302997766910456,19.85580908906496,44,High
store_12,item_34,24.210842890031092,47.364908404371775,11.607185113455309,19.85580908906496,44,High
store_6,item_47,24.163260095792626,40.60919266100976,8.080845950507747,19.85580908906496,44,High
store_6,item_49,23.72991571834491,48.54481081878368,5.334120279314425,19.85580908906496,44,High
store_12,item_17,23.669432546669,42.33754275856634,9.894351638457685,19.85580908906496,44,High
store_12,item_24,23.824435252034096,47.729261828419865,5.43382564632585,19.85580908906496,44,High
store_13,item_26,24.053268040390755,46.090373813085286,6.542466863029343,19.85580908906496,44,High
store_13,item_29,23.822264406996002,43.248683560997605,5.68381418103822,19.85580908906496,44,High
store_13,item_19,23.912106460658542,45.29147137298415,7.796221160654686,19.85580908906496,44,High
store_13,item_22,24.323134768781312,43.39868599348904,5.329349493623413,19.85580908906496,44,High
store_13,item_11,23.875393488779444,47.330986664399234,3.8796335122171732,19.85580908906496,44,High
store_12,item_8,24.500389897932852,44.73696214228124,8.60516263348238,19.85580908906496,44,High
store_6,item_12,24.30985982673916,45.82553286863301,8.056846541536597,19.85580908906496,44,High
store_37,item_44,24.009203579484318,40.69905384874466,4.265173185766954,19.85580908906496,44,High
store_41,item_47,24.338799292089487,44.16606932218734,10.628720890543047,19.85580908906496,44,High
store_41,item_31,24.321438898254343,45.19940669629632,8.814727667582645,19.85580908906496,44,High
store_41,item_32,24.144147644018968,49.07285287418373,7.9549022885593885,19.85580908906496,44,High
store_41,item_22,24.028146871126534,44.53432065589502,5.976430204166167,19.85580908906496,44,High
store_21,item_23,24.34873689655543,45.26431963534494,9.837187312293782,19.85580908906496,44,High
store_21,item_2,23.739698612025776,47.59804459275041,5.918847623227032,19.85580908906496,44,High
store_21,item_21,24.636517096349138,51.18766159452024,4.527823752160065,19.85580908906496,44,High
store_24,item_8,24.34511999528399,46.19963279129236,6.235984522898253,19.85580908906496,44,High
store_24,item_43,24.239127478917002,47.41668172267047,6.025424768808516,19.85580908906496,44,High
store_38,item_2,24.032696056817667,45.38727126681627,4.56681346478516,19.85580908906496,44,High
store_38,item_25,23.74249360652443,45.00229593344845,8.375439478474599,19.85580908906496,44,High
store_38,item_15,24.15209309223439,47.41668172267047,4.611955704914266,19.85580908906496,44,High
store_38,item_18,23.70868310802057,42.722851734013055,7.12992482342174,19.85580908906496,44,High
store_37,item_9,24.387290531408784,48.22854091077158,4.597298859857,19.85580908906496,44,High
store_38,item_10,24.357777759058994,47.39513646169696,7.783645991920256,19.85580908906496,44,High
store_40,item_33,23.66712996314934,39.53282631787735,8.720924607842948,19.85580908906496,44,High
store_40,item_25,24.06125497128783,47.71056222279344,9.142726681688085,19.85580908906496,44,High
store_40,item_28,23.874618654329996,45.1725538066027,3.885630331054761,19.85580908906496,44,High
store_38,item_38,24.124927806383322,44.99494170954087,7.248196374072687,19.85580908906496,44,High
store_25,item_14,24.395477284411044,44.32081991931375,10.33577261424519,19.85580908906496,44,High
store_24,item_5,24.159087801019886,47.09326440440365,7.730736372802001,19.85580908906496,44,High
store_24,item_50,24.500436155623888,46.42525879493255,3.86158333451065,19.85580908906496,44,High
store_24,item_7,24.537495687004352,47.59685963481005,5.195029218552175,19.85580908906496,44,High
store_4,item_39,24.081505812844473,44.43011627282099,8.871726521943831,19.85580908906496,44,High
store_40,item_44,24.283501221437948,47.09326440440365,3.758952250858447,19.85580908906496,44,High
store_40,item_5,24.365474892810113,45.40852551670233,8.788937732575782,19.85580908906496,44,High
store_40,item_36,23.82041832261685,46.52071075064516,4.5819794324206295,19.85580908906496,44,High
store_21,item_48,24.246746883773895,44.17323150347257,4.69738810164003,19.85580908906496,44,High
store_21,item_34,24.462049611296585,47.21846903435621,10.315594949805295,19.85580908906496,44,High
store_40,item_29,23.685810828884318,44.41399907339844,6.417021107606089,19.85580908906496,44,High
store_40,item_3,24.604513161651422,50.177126392245846,5.840600638910005,19.85580908906496,44,High
store_37,item_37,23.65602160396131,41.76012533716135,7.88039451575395,19.85580908906496,44,High
store_37,item_41,23.690878809882403,45.03628661957027,7.329595799106841,19.85580908906496,44,High
store_37,item_30,24.259723038703882,45.82126217457682,6.239193556212542,19.85580908906496,44,High
store_37,item_24,24.47848309733852,42.839927025479966,4.806594424783735,19.85580908906496,44,High
store_36,item_7,24.361148210747505,43.30954278505971,5.040805220647916,19.85580908906496,44,High
store_36,item_9,24.10579183952068,43.892371414747,4.428381944108711,19.85580908906496,44,High
store_43,item_37,24.630491785768687,45.19940669629632,9.122250869006098,19.85580908906496,44,High
store_43,item_26,24.15080020599083,45.92111075642707,7.716365098298853,19.85580908906496,44,High
store_42,item_32,24.319682512045574,46.043248363914486,7.4912715503893335,19.85580908906496,44,High
store_42,item_37,24.448743166509654,42.91808744129101,7.463061407929205,19.85580908906496,44,High
store_42,item_38,24.11487071195557,45.14337113940568,7.969888686993068,19.85580908906496,44,High
store_37,item_5,23.826318309739914,44.34638964291253,9.81133351709652,19.85580908906496,44,High
store_25,item_50,23.94982464985976,45.60341041162176,4.416149438283277,19.85580908906496,44,High
store_25,item_41,24.242844746136143,38.203952118906464,6.79081729781806,19.85580908906496,44,High
store_25,item_30,24.567957434210975,45.55949574913423,6.604065790162775,19.85580908906496,44,High
store_25,item_28,23.837742015472728,44.99894514335673,4.743591793448799,19.85580908906496,44,High
store_20,item_31,24.389091852493504,47.63708503927811,8.179630882166753,19.85580908906496,44,High
store_20,item_19,24.101372005513984,45.20789682764632,7.776998512818252,19.85580908906496,44,High
store_20,item_22,24.232178398124184,43.56630613287759,5.607539027198456,19.85580908906496,44,High
store_20,item_23,23.65340131311518,38.92546452984824,8.197462071540816,19.85580908906496,44,High
store_20,item_24,23.95443989826862,45.56762222149742,4.522481526130693,19.85580908906496,44,High
store_2,item_17,24.392528168084826,49.44957896377888,10.20000599788325,19.85580908906496,44,High
store_20,item_11,24.612792366927906,47.21846903435621,3.703166406606675,19.85580908906496,44,High
store_2,item_37,24.23219006730315,45.46200362843874,9.148920704618472,19.85580908906496,44,High
store_21,item_11,24.410496681723142,47.330986664399234,4.169316097552629,19.85580908906496,44,High
store_41,item_19,23.94761014983286,39.96240258267765,8.895361991287741,19.85580908906496,44,High
store_42,item_26,24.097853352437827,41.6104916017206,7.376992786405708,19.85580908906496,44,High
store_42,item_2,23.702104410016933,44.66181658307239,5.310628941816793,19.85580908906496,44,High
store_42,item_20,24.308988417651687,46.19963279129236,8.958841435529022,19.85580908906496,44,High
store_20,item_43,24.330588236268557,43.59444081191612,5.888244083694736,19.85580908906496,44,High
store_20,item_34,24.054459154736858,44.19631715114885,8.401738724212173,19.85580908906496,44,High
store_20,item_36,24.07159807504986,43.722677228837874,4.343473706538556,19.85580908906496,44,High
store_36,item_42,24.415711623740815,42.84098768120836,6.705130782267982,19.85580908906496,44,High
store_26,item_19,24.215277113755565,40.25738100420188,7.3257516316348745,19.85580908906496,44,High
store_36,item_26,24.272805279768523,45.29382715286732,6.92261127922547,19.85580908906496,44,High
store_36,item_17,23.721150135365342,45.56762222149742,7.883037764123142,19.85580908906496,44,High
store_35,item_50,24.51736936009407,47.18716748259719,4.210712785507193,19.85580908906496,44,High
store_44,item_45,24.26546154372958,39.18449232986539,7.543693506035086,19.85580908906496,44,High
store_44,item_49,23.883775024006287,47.70814051319103,4.910432622370999,19.85580908906496,44,High
store_44,item_39,23.69057753636375,45.00229593344845,8.6091375150286,19.85580908906496,44,High
store_19,item_48,23.881941924497017,46.61039461793562,4.821717594457731,19.85580908906496,44,High
store_19,item_37,23.93444974531014,42.56416604191266,9.947904215933118,19.85580908906496,44,High
store_19,item_38,23.98446516658953,42.36639772947858,9.728556354525036,19.85580908906496,44,High
store_19,item_41,24.005735532923964,44.32081991931375,7.175522328984243,19.85580908906496,44,High
store_19,item_3,23.656759339733817,47.71056222279344,6.959320330539136,19.85580908906496,44,High
store_19,item_35,23.699143181493003,42.25111044780103,7.907759992070033,19.85580908906496,44,High
store_19,item_22,24.011954184834032,38.96750002982838,6.261143546346717,19.85580908906496,44,High
store_36,item_5,24.351753158675507,44.08016005938285,7.686479507103023,19.85580908906496,44,High
store_2,item_23,24.164661620842267,44.55913576219383,11.195235756118212,19.85580908906496,44,High
store_2,item_25,24.466353828113128,44.850537681418,10.686740973951487,19.85580908906496,44,High
store_2,item_26,24.488756641203622,43.85018016485623,7.407872434652066,19.85580908906496,44,High
store_2,item_13,24.260526603671575,45.932931296004206,11.215565287936402,19.85580908906496,44,High
store_44,item_21,24.524503332758194,48.039252533222665,4.160017264936668,19.85580908906496,44,High
store_44,item_22,24.400217134105016,44.91189581458995,6.119831229999553,19.85580908906496,44,High
store_44,item_2,24.191608680145844,46.36877776694645,6.037950680491873,19.85580908906496,44,High
store_44,item_1,24.410477617170287,43.59444081191612,10.85571367360383,19.85580908906496,44,High
store_43,item_28,23.73946456917574,44.069467583953006,4.311379821012744,19.85580908906496,44,High
store_43,item_16,24.242255661710477,43.15715131028074,4.0854353083057315,19.85580908906496,44,High
store_43,item_18,23.957068363017044,43.31147826149673,8.068603963610844,19.85580908906496,44,High
store_43,item_20,24.563338786187977,43.524034798198834,8.98434529845721,19.85580908906496,44,High
store_2,item_29,24.560056503999657,43.228226350680224,5.962253564676193,19.85580908906496,44,High
store_2,item_30,24.24591277115892,39.42654746118398,6.059299013738716,19.85580908906496,44,High
store_2,item_20,23.937248854347317,45.05013152628008,9.748925472768997,19.85580908906496,44,High
store_2,item_22,24.348982178450797,49.22473104994183,6.136366616188889,19.85580908906496,44,High
store_35,item_18,23.878204501676993,40.69905384874466,8.067803367463247,19.85580908906496,44,High
store_35,item_20,23.76212580801923,43.8745427623156,8.612310582034068,19.85580908906496,44,High
store_27,item_12,23.910381923569588,44.02646411582294,7.672155007648909,19.85580908906496,44,High
store_26,item_7,24.21935942061361,47.749602669321135,5.019598084736261,19.85580908906496,44,High
store_26,item_41,23.954580844223436,45.19940669629632,5.550005939649944,19.85580908906496,44,High
store_35,item_1,23.713874519139985,46.91543080686528,10.583890570371892,19.85580908906496,44,High
store_34,item_41,23.774327492870107,44.41660789235695,6.729083111043012,19.85580908906496,44,High
store_46,item_47,24.521239303664075,47.59685963481005,9.000790269150405,19.85580908906496,44,High
store_45,item_26,24.56009015479151,48.82667089479356,7.021669527653047,19.85580908906496,44,High
store_45,item_17,24.402800359457864,38.17517389724405,7.677972723715257,19.85580908906496,44,High
store_45,item_19,23.649183581627934,43.683855090130265,8.069010672833375,19.85580908906496,44,High
store_45,item_10,23.815187318519214,45.56762222149742,7.39959922309243,19.85580908906496,44,High
store_35,item_35,23.649457059764103,44.350236775382605,6.819987953467073,19.85580908906496,44,High
store_35,item_38,23.84247466460886,45.81419267542487,8.667226346677893,19.85580908906496,44,High
store_35,item_28,24.591877618972056,47.5617467686618,4.000994768202841,19.85580908906496,44,High
store_35,item_3,24.302523335222972,43.37924736450854,6.093862224143445,19.85580908906496,44,High
store_45,item_43,23.650708326765866,47.82491300253714,5.798588955925521,19.85580908906496,44,High
store_18,item_31,24.507282085903473,43.228226350680224,7.894828327863969,19.85580908906496,44,High
store_18,item_37,23.734247445192274,47.29968511264021,8.255927624203677,19.85580908906496,44,High
store_18,item_23,24.56411350563946,41.340257495174896,9.912696536529635,19.85580908906496,44,High
store_18,item_1,24.11427840033472,41.18205253010845,8.978413170759127,19.85580908906496,44,High
store_45,item_34,24.05654389890176,47.51385699555172,8.476371011597667,19.85580908906496,44,High
store_45,item_39,24.27649328284176,37.30831787162774,6.067833467852027,19.85580908906496,44,High
store_45,item_30,24.105998795881202,46.36877776694645,5.56118636400935,19.85580908906496,44,High
store_44,item_35,24.47568759447011,44.64790385019235,6.969878426085492,19.85580908906496,44,High
store_19,item_15,23.71089649624241,44.19631715114885,5.487020040831506,19.85580908906496,44,High
store_19,item_18,23.836952622007402,46.6873855424976,9.151577247678054,19.85580908906496,44,High
store_19,item_19,24.261220496930843,47.59883411408629,9.763246327673746,19.85580908906496,44,High
store_18,item_45,23.66426756144184,45.29924545764394,8.077309689047594,19.85580908906496,44,High
store_18,item_46,24.50074126255427,44.08016005938285,4.437627052380901,19.85580908906496,44,High
store_18,item_47,23.82345884005853,43.34024931057197,9.02363518334334,19.85580908906496,44,High
store_45,item_42,23.989367152172612,48.22854091077158,6.139424554143717,19.85580908906496,44,High
store_27,item_24,24.382120034177138,47.749602669321135,4.454646587287132,19.85580908906496,44,High
store_33,item_31,24.114131361336696,44.12326660907375,9.943861191010132,19.85580908906496,44,High
store_48,item_1,24.22950880625169,41.18668408139409,8.14212083076106,19.85580908906496,44,High
store_47,item_45,23.668007585907798,45.1394267313593,6.240183547811916,19.85580908906496,44,High
store_47,item_38,24.53171025456844,47.55289981550813,8.740905058413547,19.85580908906496,44,High
store_47,item_40,24.41870165030347,48.84150347597335,7.707746810405997,19.85580908906496,44,High
store_47,item_41,24.47381794584707,44.263455180424,6.045186524338296,19.85580908906496,44,High
store_17,item_10,23.721752890361063,46.33854970962126,8.512465877452994,19.85580908906496,44,High
store_34,item_3,24.478369684233986,43.59444081191612,6.573803818949544,19.85580908906496,44,High
store_34,item_33,24.058872508749797,43.69224244588302,9.385990429673654,19.85580908906496,44,High
store_34,item_14,23.861721179865388,43.892371414747,9.155269486627503,19.85580908906496,44,High
store_34,item_18,24.467267245942548,41.72401054118725,8.41620294928956,19.85580908906496,44,High
store_34,item_1,23.699088233951763,45.56762222149742,11.656743225605625,19.85580908906496,44,High
store_27,item_39,24.596116524452416,46.40197009516359,6.266832879968175,19.85580908906496,44,High
store_27,item_21,23.99885254019486,45.92150065350902,3.976405674822162,19.85580908906496,44,High
store_27,item_23,24.393384806414712,47.39513646169696,9.047705920211307,19.85580908906496,44,High
store_17,item_7,23.675035054138586,47.29968511264021,5.673713003358217,19.85580908906496,44,High
store_17,item_41,24.535993490670624,44.11654331544493,6.109904072390825,19.85580908906496,44,High
store_17,item_43,24.305722040637658,48.039252533222665,5.947860891137911,19.85580908906496,44,High
store_17,item_37,23.657163295929397,39.32468074905879,6.906427498608649,19.85580908906496,44,High
store_17,item_28,24.55470554564089,42.39378978851715,3.890179135202864,19.85580908906496,44,High
store_46,item_18,23.757909584204057,42.552129469811184,8.679231347480252,19.85580908906496,44,High
store_45,item_49,23.697953498098272,43.49595726437361,4.72854220959194,19.85580908906496,44,High
store_45,item_5,24.415655590335593,48.039252533222665,8.87988903748959,19.85580908906496,44,High
store_46,item_6,24.543293638908036,48.33790824556694,5.532029461631788,19.85580908906496,44,High
store_46,item_43,24.484756657069674,44.99494170954087,6.320851670077002,19.85580908906496,44,High
store_46,item_33,24.505879420063696,46.52071075064516,9.14155559664428,19.85580908906496,44,High
store_46,item_34,24.61297592571829,46.66672617834812,8.960798709861221,19.85580908906496,44,High
store_46,item_28,24.374224266445786,38.24219958163365,3.838565695691889,19.85580908906496,44,High
store_46,item_29,23.71856727394668,46.52071075064516,5.141219647423691,19.85580908906496,44,High
store_46,item_31,24.142550549365044,38.81574177779793,7.168157640770506,19.85580908906496,44,High
store_17,item_49,23.673697874667972,45.40582215272786,5.172755055880736,19.85580908906496,44,High
store_49,item_47,24.388296183011736,45.29382715286732,11.16854902344715,19.85580908906496,44,High
store_49,item_35,24.06790964413425,39.15084702898417,7.365308726053403,19.85580908906496,44,High
store_15,item_50,24.06691316211574,34.86678692754326,3.9317011504947943,19.85580908906496,44,High
store_15,item_6,24.376649913475013,45.26431963534494,5.140540863628491,19.85580908906496,44,High
store_15,item_9,24.138396404505922,45.92150065350902,4.074352763266127,19.85580908906496,44,High
store_15,item_44,23.966046045422484,43.34221181737097,3.5374485733538674,19.85580908906496,44,High
store_15,item_47,23.778102681309427,43.56630613287759,7.621992335708399,19.85580908906496,44,High
store_15,item_48,23.79380463513006,43.02578545066957,4.265093110880009,19.85580908906496,44,High
store_28,item_29,23.66508851814158,47.59804459275041,5.95829480853555,19.85580908906496,44,High
store_28,item_2,23.81920181033092,47.39513646169696,5.872446341980427,19.85580908906496,44,High
store_28,item_23,24.089659867465315,47.18716748259719,12.679165033408356,19.85580908906496,44,High
store_28,item_11,23.750274265927462,41.23113432917391,4.243592573309671,19.85580908906496,44,High
store_28,item_12,24.59865001798355,45.92111075642707,10.791194064033467,19.85580908906496,44,High
store_33,item_14,24.0053755903262,45.60341041162176,10.076446629097115,19.85580908906496,44,High
store_33,item_16,23.67683033236099,45.1394267313593,3.7823130668810663,19.85580908906496,44,High
store_32,item_5,24.243237319263965,46.96462724971758,8.42865710727273,19.85580908906496,44,High
store_48,item_3,24.478589454142767,47.39513646169696,5.6488581571366066,19.85580908906496,44,High
store_48,item_33,23.7478580499747,46.52071075064516,7.915417677919354,19.85580908906496,44,High
store_16,item_35,23.690381038454856,46.563777504151176,6.592966943247486,19.85580908906496,44,High
store_16,item_29,23.788765960775894,46.74305699666415,5.206153380805388,19.85580908906496,44,High
store_16,item_17,23.729202551104798,48.54481081878368,9.273567256212685,19.85580908906496,44,High
store_48,item_15,23.95666473548662,45.38727126681627,4.5496652131681685,19.85580908906496,44,High
store_48,item_16,23.833775610498325,45.21144060694113,3.8600756636686335,19.85580908906496,44,High
store_28,item_27,24.183412714170082,42.93984693683279,6.136695707985037,19.85580908906496,44,High
store_17,item_1,24.287595687979522,41.84883231978909,8.484938369837357,19.85580908906496,44,High
store_16,item_46,24.085902840950915,46.52071075064516,4.269547168549773,19.85580908906496,44,High
store_16,item_47,24.351614412175397,45.38727126681627,9.722080970588006,19.85580908906496,44,High
store_47,item_26,24.201320676469425,44.32081991931375,6.95062645561143,19.85580908906496,44,High
store_47,item_13,24.03564303338569,44.32081991931375,8.977333128352221,19.85580908906496,44,High
store_48,item_36,24.632178888128898,48.84150347597335,4.267512101808608,19.85580908906496,44,High
store_48,item_39,24.291749343887254,43.30954278505971,5.5273462157819075,19.85580908906496,44,High
store_48,item_40,23.84454672535301,41.78424977110245,7.583335617814962,19.85580908906496,44,High
store_28,item_38,24.530846295266013,45.92111075642707,9.804950662590928,19.85580908906496,44,High
store_32,item_31,23.811120276248328,40.87262507177986,8.006226787908586,19.85580908906496,44,High
store_32,item_33,24.27273511633161,43.56630613287759,9.168713458610279,19.85580908906496,44,High
store_32,item_34,24.62258224866275,44.94483511048914,8.27852491787461,19.85580908906496,44,High
store_13,item_39,24.307019154315498,43.40635782486665,7.276957893214383,19.85580908906496,44,High
store_5,item_46,24.089838993902074,41.0787854640834,4.6218874573414,19.85580908906496,44,High
store_5,item_25,24.609871032151002,37.00905828090147,9.870604994404921,19.85580908906496,44,High
store_5,item_28,24.626595576728352,45.55949574913423,4.624611096900649,19.85580908906496,44,High
store_29,item_1,24.511496892830525,45.7583889412096,14.147510562638962,19.85580908906496,44,High
store_29,item_10,24.40729781825065,43.59887425266982,10.45497990884125,19.85580908906496,44,High
store_29,item_11,24.608933218503665,43.976388072390165,4.431626627326524,19.85580908906496,44,High
store_28,item_50,24.592423235503237,47.29968511264021,4.782660532343976,19.85580908906496,44,High
store_28,item_4,24.35143022871586,45.14337113940568,6.3449745146711996,19.85580908906496,44,High
store_28,item_41,24.137202693604653,48.75032998601439,8.26015685425105,19.85580908906496,44,High
store_28,item_35,24.51654478478584,42.91619750866241,7.596813176871345,19.85580908906496,44,High
store_28,item_36,24.08459985971746,43.99510401275142,4.64802665843623,19.85580908906496,44,High
store_15,item_14,24.278884791836404,43.99510401275142,7.561578990882315,19.85580908906496,44,High
store_15,item_18,23.673050178938887,48.54481081878368,7.354020045793138,19.85580908906496,44,High
store_5,item_13,23.832784537072964,45.29924545764394,12.635512778629224,19.85580908906496,44,High
store_49,item_5,24.241618971561913,44.91189581458995,10.212611229758878,19.85580908906496,44,High
store_49,item_42,24.292450533745413,47.18716748259719,8.49825635827197,19.85580908906496,44,High
store_49,item_44,24.357636185360658,47.77613066674308,4.164059531217112,19.85580908906496,44,High
store_32,item_42,23.80059346447493,44.371323881968834,6.3853077377800265,19.85580908906496,44,High
store_32,item_44,24.051730671858394,44.99894514335673,3.62522887423561,19.85580908906496,44,High
store_15,item_36,23.837697988703678,45.13380896569884,3.9731779206651576,19.85580908906496,44,High
store_15,item_41,23.698440388247665,38.866660339980754,6.015225790959732,19.85580908906496,44,High
store_15,item_31,23.99066915770498,46.52071075064516,8.126026809763548,19.85580908906496,44,High
store_49,item_26,24.137765151435698,43.978770776619285,10.107470732070777,19.85580908906496,44,High
store_49,item_15,23.97356226898942,47.440382185465104,6.089213595720118,19.85580908906496,44,High
store_48,item_45,24.06420919116378,41.72289437682252,5.9472192431474395,19.85580908906496,44,High
store_14,item_27,24.583388931951866,45.61239175889543,5.929715749234038,19.85580908906496,44,High
store_14,item_29,24.374376156054215,48.49978741873541,6.1920226079361,19.85580908906496,44,High
store_29,item_38,24.521966338768152,46.33854970962126,11.065152685070805,19.85580908906496,44,High
store_29,item_41,24.488286328107076,47.51385699555172,8.286347105255512,19.85580908906496,44,High
store_29,item_32,24.132409652959733,41.39996654361897,10.145742423912747,19.85580908906496,44,High
store_29,item_26,24.15002039496435,43.56630613287759,9.027687342298526,19.85580908906496,44,High
store_29,item_28,24.37920045891118,44.94483511048914,4.4866688307121265,19.85580908906496,44,High
store_29,item_17,24.572430215843838,48.23635444802463,10.693820865537504,19.85580908906496,44,High
store_29,item_21,24.227788648642356,43.524034798198834,4.4306648667887485,19.85580908906496,44,High
store_31,item_4,24.189099124869784,47.07577077996784,5.056675697907048,19.85580908906496,44,High
store_13,item_40,23.7151317252796,44.6706284128115,7.902799185901006,19.85580908906496,44,High
store_13,item_32,23.71332601115968,45.1394267313593,7.684315529415679,19.85580908906496,44,High
store_13,item_35,23.771701523921205,44.16606932218734,6.650828329056475,19.85580908906496,44,High
store_13,item_36,23.95477485310338,47.51385699555172,4.008866242854767,19.85580908906496,44,High
store_32,item_20,24.529687738475094,38.087341611270325,8.130409451695618,19.85580908906496,44,High
store_32,item_1,24.00983039227599,47.440382185465104,9.55517545623966,19.85580908906496,44,High
store_32,item_10,24.48107573828379,34.599763427614384,6.834949162550136,19.85580908906496,44,High
store_32,item_14,24.461908347017676,47.21846903435621,7.694203030567881,19.85580908906496,44,High
store_14,item_35,24.552436851579134,47.22889543261727,7.932101907738239,19.85580908906496,44,High
store_14,item_37,24.259290138559553,47.440382185465104,9.03646818104177,19.85580908906496,44,High
store_50,item_2,24.361966362023193,45.05534771062875,6.235305843671544,19.85580908906496,44,High
store_50,item_13,24.464043728916536,46.043248363914486,10.926458848585229,19.85580908906496,44,High
store_5,item_7,24.248055752965357,42.870545767984055,6.187013334281287,19.85580908906496,44,High
store_5,item_8,24.365259164569213,45.92111075642707,8.477626978270727,19.85580908906496,44,High
store_13,item_5,23.959324822369645,43.59444081191612,8.01453708608334,19.85580908906496,44,High
store_13,item_8,24.63730684961922,49.009656282110136,6.580278966414533,19.85580908906496,44,High
store_5,item_19,23.914123021676602,42.36639772947858,9.65752193187134,19.85580908906496,44,High
store_5,item_22,23.74767596921874,44.850537681418,6.908345072915207,19.85580908906496,44,High
store_5,item_23,24.476398734411713,43.86297061301269,11.558290708642353,19.85580908906496,44,High
store_5,item_24,24.40980781591545,43.0416675798009,5.473309392355128,19.85580908906496,44,High
store_14,item_38,24.189262946900072,37.87420812548395,8.008561512271868,19.85580908906496,44,High
store_14,item_39,24.269500049009988,45.1725538066027,7.904394271554911,19.85580908906496,44,High
store_14,item_40,23.79987732035224,38.866660339980754,9.201925214596393,19.85580908906496,44,High
store_14,item_32,24.02220541529139,47.21846903435621,7.518623428901151,19.85580908906496,44,High
store_3,item_46,24.192494114960798,44.53432065589502,4.042348291543534,19.85580908906496,44,High
store_3,item_40,24.400848367265663,45.46200362843874,7.29676526424237,19.85580908906496,44,High
store_3,item_3,24.034061871700693,45.02690910131628,5.319982100624234,19.85580908906496,44,High
store_3,item_34,24.105137456806837,44.43011627282099,8.329260111683267,19.85580908906496,44,High
store_30,item_35,24.489679446064542,47.29968511264021,8.225164566463254,19.85580908906496,44,High
store_30,item_32,24.022547803504178,47.364908404371775,8.511393004758068,19.85580908906496,44,High
store_30,item_20,24.17816772505245,41.6104916017206,9.350769550446353,19.85580908906496,44,High
store_39,item_42,24.623992979014687,45.22570315347418,7.976740286751279,19.85580908906496,44,High
store_10,item_23,24.14388821243019,46.25211877959588,10.486768864452054,19.85580908906496,44,High
store_10,item_26,24.23811591203337,44.32785541355571,7.901010202740287,19.85580908906496,44,High
store_10,item_29,23.87144171175113,39.66619302328342,5.346974306667332,19.85580908906496,44,High
store_7,item_5,24.027995608495946,46.36877776694645,8.396526847624244,19.85580908906496,44,High
store_7,item_42,24.41172893641263,48.22854091077158,6.830846194224535,19.85580908906496,44,High
store_7,item_38,23.83113759101117,46.6406226752608,7.085090204606619,19.85580908906496,44,High
store_30,item_43,23.796157920442727,36.90878530087638,6.340050957147386,19.85580908906496,44,High
store_30,item_44,23.915284255766174,41.17104996046891,4.5212697878117325,19.85580908906496,44,High
store_7,item_14,23.6853854619385,45.445850529371576,7.883235548204927,19.85580908906496,44,High
store_6,item_7,23.772732833758397,45.445850529371576,5.0312282104644535,19.85580908906496,44,High
store_6,item_9,24.038784875765565,42.36639772947858,4.345110966203784,19.85580908906496,44,High
store_6,item_43,24.201497795786935,47.364908404371775,6.193039321836668,19.85580908906496,44,High
store_6,item_44,24.641084572650936,39.34803037483062,3.3786492638601096,19.85580908906496,44,High
store_8,item_21,23.66699530241513,46.74305699666415,3.983856112763563,19.85580908906496,44,High
store_10,item_46,24.246423584630897,51.18766159452024,4.43446712619186,19.85580908906496,44,High
store_10,item_32,24.277798065165143,43.33610972913386,7.412415259295812,19.85580908906496,44,High
store_7,item_4,24.594256728366762,45.2307203607262,4.957670069300402,19.85580908906496,44,High
store_7,item_27,24.575749386352978,41.4424234343342,5.1826235248320485,19.85580908906496,44,High
store_11,item_32,23.92128515156346,47.71056222279344,8.757020399215346,19.85580908906496,44,High
store_11,item_15,23.89886314531615,45.60341041162176,4.5723247348189,19.85580908906496,44,High
store_11,item_17,23.86690028181831,44.43011627282099,8.964695412527508,19.85580908906496,44,High
store_11,item_19,24.323779206708583,46.36877776694645,8.494432372191246,19.85580908906496,44,High
store_10,item_8,23.95490927493069,45.82126217457682,7.191783989344658,19.85580908906496,44,High
store_7,item_12,24.316232998209127,44.79007472767533,8.282690618809145,19.85580908906496,44,High
store_40,item_20,24.12031901318445,43.40635782486665,7.757299461759586,19.85580908906496,44,High
store_22,item_33,23.98793204054874,43.0171099022165,9.327848679537968,19.85580908906496,44,High
store_22,item_23,24.60146982321213,43.722677228837874,10.261929587537946,19.85580908906496,44,High
store_22,item_26,24.182905056222886,45.932931296004206,7.107327674743167,19.85580908906496,44,High
store_22,item_18,24.064720147250036,46.42525879493255,9.051947438825403,19.85580908906496,44,High
store_22,item_2,24.27276656583293,48.039252533222665,5.893970889702256,19.85580908906496,44,High
store_4,item_46,24.11506261525478,47.59804459275041,4.9749879266703285,19.85580908906496,44,High
store_4,item_49,24.13871822655598,45.40162294890958,6.1201806210215155,19.85580908906496,44,High
store_4,item_17,24.514361337227054,45.40852551670233,11.20217455046403,19.85580908906496,44,High
store_4,item_19,23.787121511621244,44.12326660907375,9.255588809472153,19.85580908906496,44,High
store_4,item_15,24.349994492914156,42.152743519986096,5.708737930766858,19.85580908906496,44,High
store_39,item_6,24.47911190363526,40.16483688767229,6.814461914601529,19.85580908906496,44,High
store_39,item_11,23.868338700426683,45.1394267313593,5.188213335497618,19.85580908906496,44,High
store_39,item_13,24.377875758508164,44.09360804324635,12.439714450286097,19.85580908906496,44,High
store_24,item_2,24.090407065419377,44.41660789235695,5.494322000544202,19.85580908906496,44,High
store_24,item_14,23.783711364907855,41.81118878153018,7.642920345580328,19.85580908906496,44,High
store_39,item_29,24.386741711095613,45.1394267313593,6.9767607146081785,19.85580908906496,44,High
store_39,item_31,24.394352097076645,38.17059326800792,8.747655219888594,19.85580908906496,44,High
store_4,item_35,23.869544536968018,42.522211840646136,7.118410972144944,19.85580908906496,44,High
store_23,item_25,23.982292123256972,44.41399907339844,10.767758018019176,19.85580908906496,44,High
store_23,item_13,24.457223686815322,45.14337113940568,12.03112178573307,19.85580908906496,44,High
store_22,item_9,24.503878675111967,39.66619302328342,4.704801463063291,19.85580908906496,44,High
store_22,item_45,24.124945270948043,39.42654746118398,7.121355820306324,19.85580908906496,44,High
store_4,item_16,24.366803850641894,42.09385800841905,4.244880079577943,19.85580908906496,44,High
store_23,item_7,23.65180426850791,44.52912552239997,5.817283523948636,19.85580908906496,44,High
store_24,item_1,23.808750951725994,43.31147826149673,8.4733993926735,19.85580908906496,44,High
store_23,item_45,24.221040277241624,45.29924545764394,7.894732402994836,19.85580908906496,44,High
store_23,item_47,24.308426015746424,47.22889543261727,10.76752771643786,19.85580908906496,44,High
store_23,item_35,23.684627116284446,44.05161856411572,8.016309995528172,19.85580908906496,44,High
store_23,item_27,24.547974087055373,41.72401054118725,5.8388893541899565,19.85580908906496,44,High
store_39,item_32,24.06273144734921,44.53432065589502,9.238375858387206,19.85580908906496,44,High
store_39,item_38,24.213367796112344,48.49978741873541,9.948977401841939,19.85580908906496,44,High
store_1,item_43,23.137704186461608,38.88565323257292,5.897909878600159,19.85580908906496,43,Medium
store_1,item_5,23.518366046050183,45.551463857418526,8.229958124978086,19.85580908906496,43,Medium
store_8,item_29,22.989499794779565,43.2920634783219,5.0941597239332514,19.85580908906496,43,Medium
store_8,item_35,23.19092907357217,45.00229593344845,5.8711692545267775,19.85580908906496,43,Medium
store_8,item_36,23.190098498091537,45.03628661957027,4.494046509225826,19.85580908906496,43,Medium
store_10,item_6,22.744512776904863,44.27965157989039,5.422196402521074,19.85580908906496,43,Medium
store_8,item_12,23.433703256919454,40.75022037485182,7.979390699328208,19.85580908906496,43,Medium
store_8,item_18,22.973875251834418,42.38973007395678,7.363114892291337,19.85580908906496,43,Medium
store_10,item_4,23.135044699520677,45.13410729498641,6.205533191861583,19.85580908906496,43,Medium
store_10,item_40,23.03441811753348,45.93520248340149,8.431010468197101,19.85580908906496,43,Medium
store_10,item_43,23.159245326737665,46.335074426658224,6.737904168048806,19.85580908906496,43,Medium
store_10,item_44,23.10577118530947,43.59887425266982,4.034417002641125,19.85580908906496,43,Medium
store_3,item_47,23.393081706820816,41.9465863239803,7.402297807414317,19.85580908906496,43,Medium
store_30,item_40,23.450492258918395,42.25111044780103,9.757147047572825,19.85580908906496,43,Medium
store_3,item_33,23.3550392329121,44.968583361760594,8.394947441864959,19.85580908906496,43,Medium
store_3,item_37,23.50326939755506,45.88821762732846,7.150735523826745,19.85580908906496,43,Medium
store_30,item_28,22.907714096486867,45.26431963534494,4.338766993731847,19.85580908906496,43,Medium
store_30,item_34,23.206510176759124,47.522431665006486,11.826785773187712,19.85580908906496,43,Medium
store_30,item_37,23.14527662558617,43.2920634783219,9.715847336950839,19.85580908906496,43,Medium
store_9,item_50,23.03853155751481,38.96750002982838,3.4628497089014094,19.85580908906496,43,Medium
store_30,item_14,23.406708182737955,42.392580569685286,9.699420590964577,19.85580908906496,43,Medium
store_30,item_17,23.365628417159904,39.65267508690972,8.379353210605375,19.85580908906496,43,Medium
store_30,item_18,23.026136720928456,45.26431963534494,10.302106804395434,19.85580908906496,43,Medium
store_30,item_2,22.8743280360043,44.022420393031744,6.275104014059477,19.85580908906496,43,Medium
store_30,item_25,23.343468712418144,42.6628151286622,9.835756211971944,19.85580908906496,43,Medium
store_10,item_3,22.779136014651204,44.667982395361086,5.9318614515471975,19.85580908906496,43,Medium
store_10,item_35,23.14566556244707,44.92044913619299,7.124549562066546,19.85580908906496,43,Medium
store_10,item_37,23.208289672178893,42.39093337456598,8.569851554515342,19.85580908906496,43,Medium
store_7,item_48,23.50052553428898,36.86345892058333,3.9280132929453933,19.85580908906496,43,Medium
store_7,item_49,22.87468192573907,42.58585136732434,4.44966035900776,19.85580908906496,43,Medium
store_7,item_6,23.00798098609796,44.88005541247817,5.426978597484319,19.85580908906496,43,Medium
store_7,item_8,23.34510624530628,43.45213333357903,6.590128473715159,19.85580908906496,43,Medium
store_8,item_1,23.040517675446164,43.815940873097965,9.50288342031361,19.85580908906496,43,Medium
store_10,item_24,23.14790395393999,43.6404313653359,4.265747591971767,19.85580908906496,43,Medium
store_7,item_31,22.664617231817566,40.44741264491029,7.478868623328555,19.85580908906496,43,Medium
store_7,item_41,23.345722763305478,39.96240258267765,6.164681379234773,19.85580908906496,43,Medium
store_11,item_29,23.536560171610635,42.552129469811184,5.0566287130413095,19.85580908906496,43,Medium
store_11,item_3,22.918568329589423,42.505695659796906,6.11635564427937,19.85580908906496,43,Medium
store_11,item_30,22.74757978842935,44.98060838638427,5.806166587713968,19.85580908906496,43,Medium
store_11,item_31,23.286184779257557,45.03628661957027,8.80316553574625,19.85580908906496,43,Medium
store_29,item_7,22.70523528627991,42.86600324763798,6.512876293515432,19.85580908906496,43,Medium
store_29,item_8,22.771180746188016,43.93159108909461,8.585066902649888,19.85580908906496,43,Medium
store_3,item_13,23.467848949091152,40.41644122068144,8.398229726118954,19.85580908906496,43,Medium
store_31,item_16,22.83098563551325,44.30824066752215,3.799923096344527,19.85580908906496,43,Medium
store_31,item_19,23.16030583240083,44.7999142576404,7.966511935957566,19.85580908906496,43,Medium
store_29,item_49,23.53180033220375,44.41399907339844,6.663497851077098,19.85580908906496,43,Medium
store_3,item_6,23.252557067430015,42.50623607830249,5.415224966681616,19.85580908906496,43,Medium
store_30,item_45,23.091573341947868,44.27965157989039,8.266634956522228,19.85580908906496,43,Medium
store_11,item_20,23.507801658581112,41.2746996433288,8.526535035692795,19.85580908906496,43,Medium
store_11,item_22,22.88165478104597,42.80535154683688,5.97634324198108,19.85580908906496,43,Medium
store_10,item_7,23.46958155345255,45.551463857418526,5.618734466199937,19.85580908906496,43,Medium
store_10,item_9,23.391904886111877,47.211410847001446,5.255547816001847,19.85580908906496,43,Medium
store_7,item_11,22.803643312003896,43.93159108909461,3.8940591726506333,19.85580908906496,43,Medium
store_7,item_15,23.562706453466728,45.1394267313593,4.566966284157046,19.85580908906496,43,Medium
store_7,item_22,22.87384620896286,45.55949574913423,5.4591046402784,19.85580908906496,43,Medium
store_12,item_16,23.25177482170142,46.66918983093702,4.351056652018109,19.85580908906496,43,Medium
store_6,item_46,23.167163837016535,44.46443532325512,4.165043637326209,19.85580908906496,43,Medium
store_7,item_10,23.57184055723615,46.563777504151176,8.08551203514753,19.85580908906496,43,Medium
store_12,item_11,23.400378050286967,42.505695659796906,4.655764213681773,19.85580908906496,43,Medium
store_11,item_36,23.253500969219377,43.07773696621292,4.406357181000807,19.85580908906496,43,Medium
store_11,item_42,23.61253392826186,44.32081991931375,7.365520412568867,19.85580908906496,43,Medium
store_11,item_43,23.298000959190198,45.2999396674086,6.650241109818634,19.85580908906496,43,Medium
store_6,item_40,22.986575836364356,38.96750002982838,7.24278587671072,19.85580908906496,43,Medium
store_6,item_10,22.79409708126052,45.26431963534494,8.722749713045006,19.85580908906496,43,Medium
store_6,item_26,23.525773281013176,44.34921883140576,6.637132399677813,19.85580908906496,43,Medium
store_6,item_3,23.33601456550098,44.393439819218905,5.5190091381902,19.85580908906496,43,Medium
store_31,item_7,22.873865812034875,44.27965157989039,5.354791709339942,19.85580908906496,43,Medium
store_31,item_8,23.177177682461245,39.24291589907783,6.466847578622205,19.85580908906496,43,Medium
store_29,item_19,23.5708407651019,43.27624748681298,11.95325794024698,19.85580908906496,43,Medium
store_29,item_24,23.114434224618105,42.50623607830249,5.183574676256609,19.85580908906496,43,Medium
store_29,item_27,23.34352392394896,45.03628661957027,7.288571705114381,19.85580908906496,43,Medium
store_31,item_30,23.476504019928395,49.17950531451034,5.7820044271868705,19.85580908906496,43,Medium
store_31,item_32,23.592540293452394,45.21144060694113,8.208670786130801,19.85580908906496,43,Medium
store_31,item_35,23.20592424056828,38.28755066909259,6.376185200017171,19.85580908906496,43,Medium
store_3,item_17,22.953619359641706,40.38181478385676,7.9668399833625205,19.85580908906496,43,Medium
store_3,item_24,23.186190392843073,44.03441023825095,3.909814274332818,19.85580908906496,43,Medium
store_3,item_27,22.751647285011085,44.57778124347365,5.466229287882329,19.85580908906496,43,Medium
store_50,item_45,22.96986555408226,45.96527644183882,7.275980395134562,19.85580908906496,43,Medium
store_50,item_46,23.44716345315817,44.03702242400817,4.567850585217976,19.85580908906496,43,Medium
store_50,item_48,23.054018196717504,45.02601672029337,4.697473451825043,19.85580908906496,43,Medium
store_50,item_8,23.163675448815056,35.182889136874785,7.7597243921390495,19.85580908906496,43,Medium
store_50,item_9,22.96184657923884,44.30824066752215,5.121124359609042,19.85580908906496,43,Medium
store_12,item_46,23.225587063554116,42.61455582758763,4.716682050972814,19.85580908906496,43,Medium
store_12,item_20,23.21781127192457,45.03628661957027,10.331491876785993,19.85580908906496,43,Medium
store_12,item_35,23.419927576539294,46.01656271213968,8.164500224181984,19.85580908906496,43,Medium
store_13,item_16,23.283907438959382,47.56282538872131,3.4098372078145647,19.85580908906496,43,Medium
store_13,item_18,23.11113064870813,47.211410847001446,9.239608599424715,19.85580908906496,43,Medium
store_13,item_27,22.92871069139148,45.21144060694113,5.110922157783497,19.85580908906496,43,Medium
store_13,item_3,22.927471284988705,41.764763484072766,5.13710513157076,19.85580908906496,43,Medium
store_12,item_6,23.18121839967992,46.01656271213968,7.046242315404942,19.85580908906496,43,Medium
store_12,item_9,23.48170946070295,39.27217131779094,5.372421502999569,19.85580908906496,43,Medium
store_5,item_50,23.238601754907815,44.32081991931375,4.884992363557706,19.85580908906496,43,Medium
store_50,item_17,23.293882633969243,45.00229593344845,8.920486377742566,19.85580908906496,43,Medium
store_50,item_19,22.718333830403857,43.6762804379233,7.530219470534173,19.85580908906496,43,Medium
store_14,item_14,22.94862417557639,44.667982395361086,9.119893520675713,19.85580908906496,43,Medium
store_5,item_45,22.73428905293286,37.35468404938355,8.354657914119674,19.85580908906496,43,Medium
store_13,item_4,23.574391690400226,43.620765238481205,5.145353960557529,19.85580908906496,43,Medium
store_13,item_41,23.003288440918293,44.56166506179678,6.276663249235999,19.85580908906496,43,Medium
store_13,item_48,23.526860550488788,41.867745892707575,4.236697067674378,19.85580908906496,43,Medium
store_28,item_46,22.915725044174284,43.56630613287759,4.977876333501764,19.85580908906496,43,Medium
store_32,item_30,23.248015261055663,44.56166506179678,5.209600582348662,19.85580908906496,43,Medium
store_32,item_37,23.594693318112213,45.20789682764632,6.954071571956434,19.85580908906496,43,Medium
store_28,item_32,23.216030149432626,45.00229593344845,9.222616997946156,19.85580908906496,43,Medium
store_32,item_12,23.093925315289,43.02578545066957,7.972742528515009,19.85580908906496,43,Medium
store_32,item_15,23.06855594460608,42.31978963169808,4.423567523135768,19.85580908906496,43,Medium
store_29,item_33,22.931268106277646,44.57778124347365,12.262104245303469,19.85580908906496,43,Medium
store_29,item_36,23.594156689876904,45.92854345516858,5.211968676645975,19.85580908906496,43,Medium
store_5,item_30,23.076030966825932,38.68923230183868,6.22810252863192,19.85580908906496,43,Medium
store_5,item_44,23.64196479772934,40.41644122068144,4.644949126496496,19.85580908906496,43,Medium
store_14,item_4,23.12499643378502,41.975412592487785,5.144384196594992,19.85580908906496,43,Medium
store_14,item_41,23.291037731586687,43.45213333357903,6.604452517997625,19.85580908906496,43,Medium
store_5,item_18,23.38563422581288,42.505695659796906,9.12271477811208,19.85580908906496,43,Medium
store_14,item_21,22.737048456081357,42.84098768120836,4.603238166289646,19.85580908906496,43,Medium
store_14,item_31,23.29431347437969,42.31978963169808,8.655710790822969,19.85580908906496,43,Medium
store_15,item_23,22.881024207703668,41.60848019125821,9.54670995386457,19.85580908906496,43,Medium
store_15,item_27,23.080594702864992,45.00229593344845,4.991653761043071,19.85580908906496,43,Medium
store_15,item_28,23.53609474429412,45.81419267542487,4.058610749559628,19.85580908906496,43,Medium
store_15,item_20,23.358625746564748,42.802157033634096,8.19488037654241,19.85580908906496,43,Medium
store_5,item_15,23.393596268074976,43.50112645055244,6.014453072315692,19.85580908906496,43,Medium
store_5,item_17,23.040232594874627,42.79210531921398,10.716497186608233,19.85580908906496,43,Medium
store_14,item_49,23.569479080103978,43.33778255383532,5.4744487371792765,19.85580908906496,43,Medium
store_49,item_37,23.196679851543603,44.32081991931375,10.250913362060682,19.85580908906496,43,Medium
store_49,item_38,22.960756420432205,45.17213043386656,10.197200292188153,19.85580908906496,43,Medium
store_49,item_39,22.860545389945276,45.551463857418526,7.605869549479952,19.85580908906496,43,Medium
store_49,item_41,22.85278625194558,45.42710229878483,8.369609803240154,19.85580908906496,43,Medium
store_49,item_46,22.985666329920544,44.60087724746483,5.020648147060648,19.85580908906496,43,Medium
store_49,item_6,23.34893437713256,48.54481081878368,6.5646898817119,19.85580908906496,43,Medium
store_15,item_49,23.306058973495645,43.23331904266689,4.847532824360259,19.85580908906496,43,Medium
store_15,item_7,23.22040709457506,47.16163060990005,4.803649395743304,19.85580908906496,43,Medium
store_49,item_36,22.709780480962717,45.17213043386656,4.938141948308021,19.85580908906496,43,Medium
store_28,item_17,23.082019556464733,44.92044913619299,11.127918556254379,19.85580908906496,43,Medium
store_28,item_22,22.782089996804142,42.31978963169808,6.811203438339728,19.85580908906496,43,Medium
store_33,item_20,23.643769715957607,44.52912552239997,9.539402910447764,19.85580908906496,43,Medium
store_27,item_6,23.40538126214424,46.335074426658224,5.595878060777033,19.85580908906496,43,Medium
store_28,item_10,22.987472265598008,46.335074426658224,10.684261834046616,19.85580908906496,43,Medium
store_28,item_15,23.171800204438295,43.09446365947032,6.284675724848528,19.85580908906496,43,Medium
store_32,item_49,23.327490441174795,47.76176039018395,4.114366464491709,19.85580908906496,43,Medium
store_32,item_6,22.7308595208566,42.722851734013055,5.324242556699113,19.85580908906496,43,Medium
store_32,item_7,23.261542761811437,40.20876341908474,4.645956020176177,19.85580908906496,43,Medium
store_33,item_10,23.16583476596224,44.98060838638427,9.256435863455987,19.85580908906496,43,Medium
store_28,item_8,23.32148996237723,45.26431963534494,8.973468390144303,19.85580908906496,43,Medium
store_29,item_14,22.947381412379574,45.17213043386656,9.905563531721418,19.85580908906496,43,Medium
store_32,item_46,23.25628975309494,33.3474378066742,3.840967224943917,19.85580908906496,43,Medium
store_15,item_34,22.72828510882262,43.86230855912749,9.15192122739976,19.85580908906496,43,Medium
store_15,item_42,22.758084208214495,43.71115718526191,6.618043311112398,19.85580908906496,43,Medium
store_15,item_43,22.90000687256083,42.802157033634096,5.695279459819814,19.85580908906496,43,Medium
store_49,item_33,22.900467087969584,43.39652461658829,11.07031539162459,19.85580908906496,43,Medium
store_15,item_32,22.88941072931643,45.26431963534494,7.220881259114593,19.85580908906496,43,Medium
store_49,item_2,22.824080766489462,45.07320417522174,6.629180812993876,19.85580908906496,43,Medium
store_49,item_25,23.38187383549693,45.37235619072256,9.797395176534877,19.85580908906496,43,Medium
store_48,item_8,23.226685231371004,47.82491300253714,6.037576855301955,19.85580908906496,43,Medium
store_49,item_1,22.858220251963825,43.6404313653359,10.672398747912768,19.85580908906496,43,Medium
store_49,item_12,23.615921923945226,45.64127405445196,9.06747068972142,19.85580908906496,43,Medium
store_49,item_13,23.443739783262863,44.34921883140576,11.280079767995657,19.85580908906496,43,Medium
store_48,item_4,22.657241080809516,45.24662492502943,4.748957320129893,19.85580908906496,43,Medium
store_48,item_46,23.563549911137557,42.552129469811184,4.212655445961737,19.85580908906496,43,Medium
store_48,item_31,23.448799654825834,44.27965157989039,7.944928047635785,19.85580908906496,43,Medium
store_48,item_34,23.52203255514535,45.13380896569884,7.2879136219358625,19.85580908906496,43,Medium
store_16,item_34,23.269115570835705,43.27624748681298,9.088172861398494,19.85580908906496,43,Medium
store_16,item_4,23.44038925803977,45.21144060694113,5.936705830895989,19.85580908906496,43,Medium
store_48,item_21,23.1354951293731,43.56630613287759,3.9992277705515553,19.85580908906496,43,Medium
store_16,item_2,23.176484003916254,43.97340697980611,5.159006499673468,19.85580908906496,43,Medium
store_16,item_24,22.895324571108024,44.80966179159958,4.4309329743346195,19.85580908906496,43,Medium
store_16,item_28,22.885675874975046,46.19602168856439,4.336891095743172,19.85580908906496,43,Medium
store_33,item_49,22.840437067772367,44.32081991931375,5.263520755957582,19.85580908906496,43,Medium
store_27,item_28,23.250492384944124,44.92044913619299,3.8860850689635806,19.85580908906496,43,Medium
store_33,item_44,23.634606001714676,46.52071075064516,4.356840856350475,19.85580908906496,43,Medium
store_33,item_45,23.335280493838482,45.03628661957027,7.985298843758996,19.85580908906496,43,Medium
store_33,item_47,22.966320363708814,43.27624748681298,10.880591223996127,19.85580908906496,43,Medium
store_33,item_32,23.51167976668646,42.0752633538058,8.519003117302859,19.85580908906496,43,Medium
store_33,item_34,22.788099946146364,42.802157033634096,9.595124038902739,19.85580908906496,43,Medium
store_33,item_35,23.007033514878948,43.39652461658829,7.943574770706193,19.85580908906496,43,Medium
store_33,item_37,23.09024328700408,43.50112645055244,8.851549845299164,19.85580908906496,43,Medium
store_33,item_26,23.515817217886873,42.505695659796906,8.684588173944105,19.85580908906496,43,Medium
store_33,item_3,22.933484150756545,46.335074426658224,6.681248160179688,19.85580908906496,43,Medium
store_48,item_14,22.992836354982906,39.0992219746777,6.711370815124438,19.85580908906496,43,Medium
store_16,item_18,23.30874936677785,45.21144060694113,7.906571260037132,19.85580908906496,43,Medium
store_16,item_19,22.64471114428515,44.73705659030898,7.834350590848477,19.85580908906496,43,Medium
store_47,item_6,23.298352056941706,48.54481081878368,4.99421142709935,19.85580908906496,43,Medium
store_47,item_9,23.472668576652445,44.43011627282099,4.608090440230714,19.85580908906496,43,Medium
store_48,item_13,23.3088022674052,47.16163060990005,8.142046056970125,19.85580908906496,43,Medium
store_47,item_43,23.330606714813598,46.26628565370701,6.277867309963716,19.85580908906496,43,Medium
store_47,item_47,23.168244703821557,45.29924545764394,8.53511467211449,19.85580908906496,43,Medium
store_47,item_50,22.74146163279924,44.88005541247817,4.161073699322695,19.85580908906496,43,Medium
store_17,item_21,23.17512924629744,45.17213043386656,4.73563087771113,19.85580908906496,43,Medium
store_16,item_49,23.196333386898747,43.02578545066957,4.4678273634384285,19.85580908906496,43,Medium
store_16,item_5,23.284127222413023,41.764763484072766,8.321840494932198,19.85580908906496,43,Medium
store_16,item_50,23.417524559449802,42.802157033634096,4.1209874326203275,19.85580908906496,43,Medium
store_17,item_11,23.396717556488433,44.41399907339844,3.7052870087934955,19.85580908906496,43,Medium
store_47,item_24,23.325265827153977,45.00229593344845,4.573542426855218,19.85580908906496,43,Medium
store_47,item_27,22.757281853177457,40.98975536286999,5.111558394765083,19.85580908906496,43,Medium
store_46,item_8,23.02459084825043,44.069467583953006,6.712036754671123,19.85580908906496,43,Medium
store_47,item_1,23.304059281786973,44.27965157989039,9.769741544461093,19.85580908906496,43,Medium
store_47,item_16,22.77936064126055,45.42710229878483,3.9309646112634917,19.85580908906496,43,Medium
store_47,item_19,23.546802687299923,46.52071075064516,8.307031431538077,19.85580908906496,43,Medium
store_47,item_20,23.011636148278246,43.44241340122114,7.980375073581391,19.85580908906496,43,Medium
store_34,item_24,23.08333242371282,42.08420775082168,4.763219216640502,19.85580908906496,43,Medium
store_34,item_25,23.551762324733925,45.55911630162133,9.703663400630191,19.85580908906496,43,Medium
store_34,item_26,22.732121617107623,43.09446365947032,8.102478289448312,19.85580908906496,43,Medium
store_34,item_28,23.20780887619242,43.1078473753493,4.533863896740271,19.85580908906496,43,Medium
store_34,item_29,23.208499253332587,48.54481081878368,5.8717989818658,19.85580908906496,43,Medium
store_34,item_15,22.83150703447901,45.42088368097417,5.563420820283915,19.85580908906496,43,Medium
store_27,item_43,23.186566783628326,45.55949574913423,5.681025928047964,19.85580908906496,43,Medium
store_27,item_46,23.587774391322068,40.01315253529469,4.193634514867271,19.85580908906496,43,Medium
store_27,item_47,22.7389177375769,47.56282538872131,8.196387822866656,19.85580908906496,43,Medium
store_46,item_41,23.475096918476428,40.87262507177986,5.803782530447449,19.85580908906496,43,Medium
store_46,item_44,23.540039003883702,43.248683560997605,3.752499760791445,19.85580908906496,43,Medium
store_46,item_5,22.907094418637303,43.47448328779267,8.378908399273243,19.85580908906496,43,Medium
store_46,item_36,23.329391861556836,44.498147894942974,4.5752563878424075,19.85580908906496,43,Medium
store_46,item_39,23.378981719881924,45.37235619072256,6.90911023425108,19.85580908906496,43,Medium
store_17,item_5,23.61161977010499,43.34221181737097,9.587352086395411,19.85580908906496,43,Medium
store_17,item_6,23.11341094664893,45.00229593344845,5.714717383484966,19.85580908906496,43,Medium
store_46,item_27,23.228588701012917,43.50112645055244,5.159187828952074,19.85580908906496,43,Medium
store_17,item_40,22.76998647890504,43.055067031283,8.252655317588644,19.85580908906496,43,Medium
store_17,item_42,23.324173213301844,44.16606932218734,6.643521237697141,19.85580908906496,43,Medium
store_17,item_47,23.394317329145082,40.87262507177986,8.669151826742086,19.85580908906496,43,Medium
store_17,item_26,22.938952718122763,43.34221181737097,7.0059011035857495,19.85580908906496,43,Medium
store_17,item_3,22.98137025641548,45.21144060694113,5.525336359574305,19.85580908906496,43,Medium
store_46,item_15,22.735025763652356,45.26431963534494,5.11351018944823,19.85580908906496,43,Medium
store_46,item_19,23.373959779344865,43.59887425266982,7.422857005878667,19.85580908906496,43,Medium
store_46,item_2,22.651601000575514,43.055067031283,4.87552045336065,19.85580908906496,43,Medium
store_46,item_22,23.60208407617726,49.78908081859106,5.092853666653435,19.85580908906496,43,Medium
store_46,item_23,23.212555035010002,46.335074426658224,9.555747326152646,19.85580908906496,43,Medium
store_45,item_6,23.03245131716428,44.498147894942974,5.109434390509796,19.85580908906496,43,Medium
store_46,item_12,22.930500812188082,43.43563325541224,7.692641573524155,19.85580908906496,43,Medium
store_18,item_30,22.759859563516056,39.13733453024649,5.837668517736732,19.85580908906496,43,Medium
store_45,item_41,23.491928310105937,45.508567148823936,6.690700471280173,19.85580908906496,43,Medium
store_45,item_44,23.010656015244717,44.022420393031744,3.8185214368144824,19.85580908906496,43,Medium
store_45,item_46,22.90876246745447,43.56630613287759,3.7719146627847975,19.85580908906496,43,Medium
store_45,item_48,23.193507427944684,43.683855090130265,3.648815050271219,19.85580908906496,43,Medium
store_26,item_40,23.198316448556373,45.551463857418526,7.169866458454724,19.85580908906496,43,Medium
store_26,item_43,23.42986590711838,36.75283606154951,6.391925051842933,19.85580908906496,43,Medium
store_26,item_49,22.669447557622004,38.61667154614713,4.575545230913257,19.85580908906496,43,Medium
store_26,item_37,23.231361768683907,44.05161856411572,7.468855108132506,19.85580908906496,43,Medium
store_34,item_44,23.46319850590353,42.58572217145537,3.7892281771080483,19.85580908906496,43,Medium
store_34,item_47,22.833157808182076,44.27965157989039,10.91558001878923,19.85580908906496,43,Medium
store_18,item_21,23.333878993813226,45.37235619072256,4.112041551477064,19.85580908906496,43,Medium
store_18,item_22,23.4740623985581,45.20789682764632,5.802677141628562,19.85580908906496,43,Medium
store_18,item_26,23.255977366524082,46.86571412145288,7.994546653430093,19.85580908906496,43,Medium
store_18,item_28,22.937126987897006,39.92572925251199,4.09213211665469,19.85580908906496,43,Medium
store_18,item_3,23.312864386986572,44.7999142576404,6.3589377518877335,19.85580908906496,43,Medium
store_18,item_11,23.054400824149173,44.498147894942974,3.9229898206356135,19.85580908906496,43,Medium
store_18,item_18,23.0350408219522,42.31969373872906,8.172773135081512,19.85580908906496,43,Medium
store_18,item_2,22.85326378874706,44.14269253717035,5.956801806700856,19.85580908906496,43,Medium
store_45,item_35,22.724067706031004,41.975412592487785,6.192677256543111,19.85580908906496,43,Medium
store_45,item_36,22.90782973544847,45.96527644183882,4.487724472738596,19.85580908906496,43,Medium
store_45,item_37,23.17232492713702,45.55949574913423,7.866051259296178,19.85580908906496,43,Medium
store_45,item_40,23.048000302614266,41.81118878153018,7.461559045399164,19.85580908906496,43,Medium
store_44,item_6,23.57465728296477,44.52912552239997,6.024066724415811,19.85580908906496,43,Medium
store_45,item_12,22.926366208323874,44.94534801440476,7.867699091841428,19.85580908906496,43,Medium
store_45,item_15,23.513231729898983,45.00229593344845,4.672246604634783,19.85580908906496,43,Medium
store_45,item_16,23.226513626397203,40.44841617255799,3.6778054960545714,19.85580908906496,43,Medium
store_44,item_43,22.83286662480092,42.722851734013055,6.135979426772721,19.85580908906496,43,Medium
store_19,item_14,22.88379657024982,44.91349909025035,10.789326613889449,19.85580908906496,43,Medium
store_44,item_32,23.184217769421476,45.94944575977798,7.939087120085589,19.85580908906496,43,Medium
store_44,item_34,23.582125050333662,43.02578545066957,10.74397508898631,19.85580908906496,43,Medium
store_18,item_4,22.765959073952512,42.31978963169808,5.559349005818583,19.85580908906496,43,Medium
store_18,item_6,23.277090123755254,43.67279163549589,6.112472399985107,19.85580908906496,43,Medium
store_18,item_7,23.259476022902998,43.228226350680224,5.436899088956177,19.85580908906496,43,Medium
store_35,item_37,23.203785049313066,44.43011627282099,8.490788546429346,19.85580908906496,43,Medium
store_35,item_43,23.625130548174024,46.25211877959588,6.205494905569246,19.85580908906496,43,Medium
store_35,item_23,23.38284585413424,42.86328352800301,10.248294018627243,19.85580908906496,43,Medium
store_35,item_25,23.378731762911634,45.21144060694113,9.625161796333973,19.85580908906496,43,Medium
store_35,item_27,22.720744124385064,40.35335105674201,5.632557751032986,19.85580908906496,43,Medium
store_35,item_31,23.430261385603195,41.35247314831317,8.9760312812716,19.85580908906496,43,Medium
store_35,item_32,23.25284244084085,44.667982395361086,8.465118567346252,19.85580908906496,43,Medium
store_27,item_17,22.763871487902914,41.813996993407976,8.201634545524547,19.85580908906496,43,Medium
store_35,item_22,23.145610556151745,44.46443532325512,6.115114925622875,19.85580908906496,43,Medium
store_26,item_50,22.945705589585987,36.76420348920667,3.7422248532101645,19.85580908906496,43,Medium
store_27,item_13,22.79405109681423,40.62359131013124,8.832836854034927,19.85580908906496,43,Medium
store_44,item_17,22.963699823217517,45.55949574913423,8.72022136370282,19.85580908906496,43,Medium
store_44,item_18,23.053375962915037,38.00030534942984,7.909860962837062,19.85580908906496,43,Medium
store_44,item_25,23.482115744081028,45.21144060694113,9.52557018183911,19.85580908906496,43,Medium
store_44,item_26,23.469507174302613,44.66181658307239,7.17804450247725,19.85580908906496,43,Medium
store_43,item_48,23.272127870853637,45.21144060694113,4.4705286085025016,19.85580908906496,43,Medium
store_43,item_5,22.82228747184293,44.22173995389054,9.711065507969309,19.85580908906496,43,Medium
store_43,item_50,22.827226154025134,41.92728731803713,4.122385273949509,19.85580908906496,43,Medium
store_43,item_8,23.534077201372497,49.920141267770745,6.880265645857514,19.85580908906496,43,Medium
store_43,item_9,23.147333238971218,46.281388583688525,4.567304419485508,19.85580908906496,43,Medium
store_19,item_46,23.635053998310873,41.32224685910648,4.787625611159965,19.85580908906496,43,Medium
store_43,item_45,23.131185695616438,43.34221181737097,8.176996342489073,19.85580908906496,43,Medium
store_19,item_25,23.345005028736704,44.968583361760594,11.917845608726154,19.85580908906496,43,Medium
store_43,item_34,23.09273308520274,43.1078473753493,9.425502879841211,19.85580908906496,43,Medium
store_2,item_32,22.696484563916226,43.303952462382654,7.9626694205089805,19.85580908906496,43,Medium
store_2,item_33,22.99165290575223,45.26431963534494,11.603520604768157,19.85580908906496,43,Medium
store_43,item_2,23.02830885721647,45.05013152628008,5.562894989593204,19.85580908906496,43,Medium
store_43,item_22,23.540875010813327,47.29968511264021,6.471642548999037,19.85580908906496,43,Medium
store_19,item_9,23.62043069795794,40.66252656312681,4.768652962946337,19.85580908906496,43,Medium
store_2,item_11,22.921774271103,42.64284962417031,5.131659312410146,19.85580908906496,43,Medium
store_2,item_21,23.5180312832911,43.74223759432685,4.561490859311964,19.85580908906496,43,Medium
store_2,item_3,23.611123613164942,45.7583889412096,6.174080355383715,19.85580908906496,43,Medium
store_2,item_9,23.433093863504393,46.91543080686528,4.826620960655392,19.85580908906496,43,Medium
store_20,item_13,22.95696939841879,45.07320417522174,10.306585604297954,19.85580908906496,43,Medium
store_20,item_14,22.765645204760357,43.842777719610886,7.263618712931076,19.85580908906496,43,Medium
store_26,item_17,22.699004255887452,46.30853931860741,8.656973328933528,19.85580908906496,43,Medium
store_26,item_18,23.161217602064436,45.03628661957027,7.776958416038964,19.85580908906496,43,Medium
store_26,item_23,23.08486005395364,44.92044913619299,8.641668078551305,19.85580908906496,43,Medium
store_25,item_9,23.043827107015698,46.335074426658224,4.9194238054201325,19.85580908906496,43,Medium
store_26,item_11,22.91091021499835,44.30824066752215,3.8078358581413307,19.85580908906496,43,Medium
store_26,item_14,23.417945038494913,45.88821762732846,7.990431436131537,19.85580908906496,43,Medium
store_36,item_18,23.009350129547972,44.46443532325512,7.265613691498392,19.85580908906496,43,Medium
store_36,item_1,23.451553336345295,44.03702242400817,8.063266996048215,19.85580908906496,43,Medium
store_36,item_10,23.157423900997955,44.968583361760594,8.431174263028367,19.85580908906496,43,Medium
store_2,item_5,23.413549423938584,46.52071075064516,10.656648077784213,19.85580908906496,43,Medium
store_43,item_15,23.520544809718633,44.350236775382605,4.926204652514033,19.85580908906496,43,Medium
store_2,item_39,22.808230460189584,45.13410729498641,8.412447573351542,19.85580908906496,43,Medium
store_2,item_41,22.984156262621603,40.35335105674201,7.008183452600121,19.85580908906496,43,Medium
store_2,item_42,23.520173277192676,45.1725538066027,6.931700193278264,19.85580908906496,43,Medium
store_2,item_44,23.266440264310635,47.57896329877677,4.316419143445809,19.85580908906496,43,Medium
store_42,item_49,23.166812422001225,46.19602168856439,5.0943579355013835,19.85580908906496,43,Medium
store_42,item_6,23.003700783402966,45.96527644183882,6.200652177932092,19.85580908906496,43,Medium
store_42,item_40,23.23661996294685,45.00229593344845,8.14319859132119,19.85580908906496,43,Medium
store_42,item_42,22.897110520399856,45.37235619072256,6.99569667133446,19.85580908906496,43,Medium
store_42,item_47,23.49978664595845,42.84098768120836,10.015002704128285,19.85580908906496,43,Medium
store_42,item_17,23.609495155751432,47.71239537249412,8.520806993327206,19.85580908906496,43,Medium
store_42,item_19,22.68488146106387,42.234878234999584,9.501265999599907,19.85580908906496,43,Medium
store_42,item_22,23.509831404314305,47.729261828419865,5.913760123860786,19.85580908906496,43,Medium
store_41,item_8,23.213850389623655,45.02690910131628,7.464302867399601,19.85580908906496,43,Medium
store_42,item_11,23.061493173304207,41.61047839010388,4.351230699539812,19.85580908906496,43,Medium
store_42,item_16,23.35301848604739,43.267203303638944,4.033581416669777,19.85580908906496,43,Medium
store_20,item_41,23.53157432372518,43.978770776619285,6.292125792968186,19.85580908906496,43,Medium
store_41,item_49,23.152089884189753,43.248683560997605,5.247313741029077,19.85580908906496,43,Medium
store_20,item_38,23.041924362684135,46.69351865897276,8.069237022480518,19.85580908906496,43,Medium
store_37,item_13,23.63427419934178,44.98060838638427,12.063052059659706,19.85580908906496,43,Medium
store_36,item_41,23.278920612433787,46.335074426658224,6.555370735777479,19.85580908906496,43,Medium
store_36,item_34,23.42208916784044,42.93411509823643,8.80257176399329,19.85580908906496,43,Medium
store_36,item_35,23.175955555846034,45.360480015281965,5.586739616187866,19.85580908906496,43,Medium
store_26,item_29,23.345815366875296,46.12537600741212,5.487623496716964,19.85580908906496,43,Medium
store_26,item_30,23.269323996039994,41.9465863239803,5.047976054575213,19.85580908906496,43,Medium
store_26,item_31,23.151352495294972,47.71239537249412,7.302721399806592,19.85580908906496,43,Medium
store_26,item_32,22.873589792878143,44.676826733878976,8.052067951115408,19.85580908906496,43,Medium
store_41,item_39,23.013041125575555,44.43011627282099,7.328420674621805,19.85580908906496,43,Medium
store_41,item_4,23.442245943195214,40.41644122068144,6.001106158428852,19.85580908906496,43,Medium
store_41,item_42,23.247265547718666,47.71239537249412,7.796106880353973,19.85580908906496,43,Medium
store_41,item_46,23.070364484584562,42.14803578190852,5.0944395497879205,19.85580908906496,43,Medium
store_20,item_26,22.867341108584537,43.93159108909461,7.298116398758419,19.85580908906496,43,Medium
store_41,item_30,22.76433535779775,43.80876007022361,5.891985286416463,19.85580908906496,43,Medium
store_41,item_33,23.317622759851034,43.683855090130265,10.706676862449942,19.85580908906496,43,Medium
store_41,item_35,22.742166253130588,47.211410847001446,7.518370627178586,19.85580908906496,43,Medium
store_41,item_36,22.91426057974677,42.84098768120836,4.276660539977208,19.85580908906496,43,Medium
store_41,item_37,23.13836222297366,42.14803578190852,9.65020800871912,19.85580908906496,43,Medium
store_21,item_27,22.950401661045568,45.42710229878483,5.740443420404498,19.85580908906496,43,Medium
store_21,item_3,23.20527802443676,41.57887327308635,5.8252217640719675,19.85580908906496,43,Medium
store_41,item_20,23.421552450326036,44.393439819218905,8.99274905238246,19.85580908906496,43,Medium
store_41,item_21,23.17711722709804,44.27965157989039,3.9290111697066648,19.85580908906496,43,Medium
store_41,item_27,22.98880092808453,42.31978963169808,5.487496316466729,19.85580908906496,43,Medium
store_21,item_15,23.418143192117988,45.37235619072256,5.173145448589687,19.85580908906496,43,Medium
store_21,item_19,23.378308464635246,44.52912552239997,8.705250775638904,19.85580908906496,43,Medium
store_21,item_20,22.987564715170304,43.53941882183627,9.990081800401448,19.85580908906496,43,Medium
store_41,item_13,23.55531402913442,38.268916093966375,9.681821895685085,19.85580908906496,43,Medium
store_41,item_15,22.895241257063237,45.7756659722012,4.9047926532858925,19.85580908906496,43,Medium
store_41,item_17,22.700091685207834,38.092659241535394,8.690146748519854,19.85580908906496,43,Medium
store_41,item_18,23.161846959830903,42.93411509823643,7.518692552892291,19.85580908906496,43,Medium
store_20,item_47,23.485651982711083,38.43788570987986,7.860491760690672,19.85580908906496,43,Medium
store_40,item_39,22.71815607005614,44.7999142576404,6.442574889325045,19.85580908906496,43,Medium
store_40,item_41,23.56802654842513,40.13600689344308,5.920854313313013,19.85580908906496,43,Medium
store_40,item_45,23.232979444831127,44.94534801440476,7.1275564578356105,19.85580908906496,43,Medium
store_21,item_6,23.33484440783868,43.27624748681298,6.191197604164965,19.85580908906496,43,Medium
store_21,item_8,23.40768025788222,42.552129469811184,7.498219872690218,19.85580908906496,43,Medium
store_40,item_38,22.945977700273666,44.56166506179678,7.127683540522616,19.85580908906496,43,Medium
store_25,item_39,23.63512044442156,45.94944575977798,8.269975349325469,19.85580908906496,43,Medium
store_25,item_47,23.534987949768787,43.520623014825794,10.749369411353571,19.85580908906496,43,Medium
store_37,item_40,23.334734194656356,41.32224685910648,8.349272591992404,19.85580908906496,43,Medium
store_25,item_24,23.05028186828972,43.1078473753493,4.90455044937633,19.85580908906496,43,Medium
store_37,item_3,22.794719032468908,43.71115718526191,6.286893957903116,19.85580908906496,43,Medium
store_37,item_32,22.703762804857572,42.21681560645691,8.216474535316147,19.85580908906496,43,Medium
store_37,item_33,23.17456047151653,43.34221181737097,9.416750504760122,19.85580908906496,43,Medium
store_37,item_36,22.775965177860485,37.90688080976121,4.2643549585094815,19.85580908906496,43,Medium
store_37,item_22,22.993161700916453,44.27965157989039,6.23841049486924,19.85580908906496,43,Medium
store_37,item_25,23.128527358590684,44.92044913619299,8.68043401356266,19.85580908906496,43,Medium
store_37,item_26,23.311979303430263,48.54481081878368,8.024722728131358,19.85580908906496,43,Medium
store_40,item_27,22.849109703957584,45.05534771062875,5.174591941219842,19.85580908906496,43,Medium
store_21,item_32,23.343532582415317,44.30824066752215,8.274427108700134,19.85580908906496,43,Medium
store_40,item_19,23.434236475335098,45.40582215272786,7.755038445276512,19.85580908906496,43,Medium
store_40,item_26,23.110637436030014,43.50112645055244,6.45160125143607,19.85580908906496,43,Medium
store_22,item_41,23.006988332578914,43.27624748681298,6.907459443314588,19.85580908906496,43,Medium
store_22,item_42,23.435712551588523,42.59115078344759,7.4323411319603325,19.85580908906496,43,Medium
store_4,item_8,23.60960175143431,44.59557114106413,7.991262081814849,19.85580908906496,43,Medium
store_40,item_10,22.728288692901923,46.26628565370701,8.658359164211683,19.85580908906496,43,Medium
store_4,item_43,22.80301815203788,46.335074426658224,7.505846299828242,19.85580908906496,43,Medium
store_4,item_44,23.393014501694868,46.335074426658224,4.921234554124308,19.85580908906496,43,Medium
store_22,item_14,22.969819001932645,37.438737526685806,8.39661703988109,19.85580908906496,43,Medium
store_4,item_24,23.089750577577192,42.33754275856634,4.999536685590284,19.85580908906496,43,Medium
store_4,item_29,23.07314785521299,44.069467583953006,6.261978305412584,19.85580908906496,43,Medium
store_4,item_3,23.133009664708553,45.26431963534494,8.03298431567735,19.85580908906496,43,Medium
store_23,item_16,22.73168006546641,43.45453399199494,4.100947627335392,19.85580908906496,43,Medium
store_23,item_18,23.52218433641408,44.88580421426161,8.608701126852447,19.85580908906496,43,Medium
store_23,item_21,23.477557713963694,41.76071323320914,4.551306601353074,19.85580908906496,43,Medium
store_23,item_26,23.04188533231732,45.55949574913423,8.47224971335902,19.85580908906496,43,Medium
store_25,item_10,23.058697491056968,44.56166506179678,10.146398087764023,19.85580908906496,43,Medium
store_38,item_23,22.839221562035302,45.21144060694113,8.398479028259864,19.85580908906496,43,Medium
store_24,item_41,23.519215936742487,45.21144060694113,6.157009576735399,19.85580908906496,43,Medium
store_24,item_42,23.332014262202996,44.17323150347257,7.215645783450446,19.85580908906496,43,Medium
store_38,item_13,23.14953447730354,44.92044913619299,9.095946883256154,19.85580908906496,43,Medium
store_38,item_19,22.759588877412003,44.92044913619299,6.21360632322593,19.85580908906496,43,Medium
store_38,item_20,23.089872484962836,45.31458466874181,8.42488789491084,19.85580908906496,43,Medium
store_23,item_12,22.93426658639011,40.35335105674201,9.42839490865628,19.85580908906496,43,Medium
store_4,item_11,23.486028105325282,43.87362549758422,4.49640177146936,19.85580908906496,43,Medium
store_23,item_9,23.146378770626256,42.31978963169808,5.784962195036737,19.85580908906496,43,Medium
store_23,item_37,23.054279257806947,42.89796155779551,8.579703322350296,19.85580908906496,43,Medium
store_23,item_38,22.95810733871679,40.48174224806981,8.23409429518283,19.85580908906496,43,Medium
store_23,item_44,23.542143106635685,45.7583889412096,3.9692929208211103,19.85580908906496,43,Medium
store_23,item_50,23.242586728476038,44.46443532325512,4.705407407849163,19.85580908906496,43,Medium
store_39,item_30,23.02796474942876,44.88005541247817,6.4899999835263875,19.85580908906496,43,Medium
store_23,item_3,23.389628408979405,44.498147894942974,6.5732323090572,19.85580908906496,43,Medium
store_24,item_36,22.88679219958292,43.6762804379233,4.209866337341914,19.85580908906496,43,Medium
store_24,item_39,23.33897049341426,47.57896329877677,6.219274678316804,19.85580908906496,43,Medium
store_39,item_2,23.38637309835969,40.94703504813373,6.129037330465681,19.85580908906496,43,Medium
store_24,item_23,22.917610915168364,40.98975536286999,8.015352265563791,19.85580908906496,43,Medium
store_24,item_26,23.363137932884623,45.94944575977798,6.800626080495747,19.85580908906496,43,Medium
store_24,item_30,23.04152154487935,45.07320417522174,5.14052642044628,19.85580908906496,43,Medium
store_24,item_15,23.013629316282906,44.968583361760594,4.460962242526477,19.85580908906496,43,Medium
store_24,item_19,23.151323324989168,43.49301801408829,7.194601801487502,19.85580908906496,43,Medium
store_38,item_7,23.177803493955484,41.23807330597471,4.826371757161133,19.85580908906496,43,Medium
store_38,item_32,22.83666427517883,45.4734667777282,7.562849437428313,19.85580908906496,43,Medium
store_38,item_34,22.881855918854473,42.08420775082168,7.905774916187643,19.85580908906496,43,Medium
store_38,item_4,22.850454265060506,44.72765692403183,5.304988977761371,19.85580908906496,43,Medium
store_38,item_42,22.79961657272237,43.1078473753493,5.894535203063667,19.85580908906496,43,Medium
store_25,item_22,23.356273898598534,42.86328352800301,6.195513267836356,19.85580908906496,43,Medium
store_9,item_10,22.88393264522335,44.16606932218734,7.934348025735333,19.85580908906496,43,Medium
store_9,item_16,22.885615602919174,45.37235619072256,3.7025568596100915,19.85580908906496,43,Medium
store_9,item_19,23.486646478343726,46.52071075064516,7.980613240411962,19.85580908906496,43,Medium
store_9,item_20,22.973669846950457,41.76071323320914,8.145176849884509,19.85580908906496,43,Medium
store_8,item_6,22.956458518850244,42.64284962417031,5.821440206057376,19.85580908906496,43,Medium
store_10,item_20,22.849059446283228,44.57778124347365,9.161908849715315,19.85580908906496,43,Medium
store_10,item_22,22.91401637379088,45.26431963534494,5.854242470734661,19.85580908906496,43,Medium
store_8,item_4,23.632569697070586,48.54481081878368,5.186744875581563,19.85580908906496,43,Medium
store_8,item_40,23.237421307359728,42.33754275856634,8.272630537701104,19.85580908906496,43,Medium
store_8,item_42,22.945498772692634,44.05161856411572,6.948592330578475,19.85580908906496,43,Medium
store_1,item_6,23.2500090723213,44.197221671767615,5.8595032901533255,19.85580908906496,43,Medium
store_1,item_9,23.604009342216788,43.93159108909461,4.622115559480192,19.85580908906496,43,Medium
store_10,item_11,23.447093304119864,42.93411509823643,4.456912724998254,19.85580908906496,43,Medium
store_10,item_15,22.898691627963107,46.19602168856439,5.213518326699999,19.85580908906496,43,Medium
store_10,item_18,22.78541532248236,46.335074426658224,9.605139332244326,19.85580908906496,43,Medium
store_9,item_48,22.879185198884418,44.022420393031744,4.3764927195861025,19.85580908906496,43,Medium
store_9,item_38,22.788252872545378,44.2346084477833,8.633918426672322,19.85580908906496,43,Medium
store_1,item_26,23.544586849222874,47.522431665006486,7.768430288485946,19.85580908906496,43,Medium
store_1,item_28,23.04954414471622,41.46167136713402,4.196664408748677,19.85580908906496,43,Medium
store_1,item_37,22.753070183886013,43.595898977010414,8.111746276543967,19.85580908906496,43,Medium
store_9,item_25,23.621880789081413,45.00229593344845,9.672676649028661,19.85580908906496,43,Medium
store_1,item_16,22.716044562226205,41.26222490591817,3.900943681480445,19.85580908906496,43,Medium
store_1,item_21,22.792423893243345,42.766395070578014,3.9951265155818114,19.85580908906496,43,Medium
store_9,item_9,22.44791419132394,45.02601672029337,5.125694964730726,19.85580908906496,42,Low
store_1,item_11,21.90958268538589,42.82747730227808,4.23052748413396,19.85580908906496,42,Low
store_9,item_7,22.142802765917168,40.94999234458066,5.072762905682441,19.85580908906496,42,Low
store_1,item_17,22.307791111401304,48.42383142714998,9.202559376250399,19.85580908906496,42,Low
store_1,item_49,22.30520452130775,43.9426429224262,4.568578704627444,19.85580908906496,42,Low
store_10,item_38,22.548922290496854,45.86036747123137,9.018762944874021,19.85580908906496,42,Low
store_30,item_21,22.111044319744998,38.40232253500347,4.052166367382697,19.85580908906496,42,Low
store_30,item_3,21.68914762082944,39.68093992816694,6.849422441934299,19.85580908906496,42,Low
store_30,item_30,22.019818880612707,45.2999396674086,6.398308088906802,19.85580908906496,42,Low
store_10,item_31,22.341665091996898,38.64755234265573,8.773075671368998,19.85580908906496,42,Low
store_3,item_12,21.76593792987875,44.73705659030898,7.195501617384162,19.85580908906496,42,Low
store_7,item_28,22.305436228915294,40.8026443279068,3.9181721425864335,19.85580908906496,42,Low
store_7,item_29,22.586709565676898,43.97340697980611,4.865645590134024,19.85580908906496,42,Low
store_7,item_36,22.580823271049148,48.42383142714998,4.256059367535391,19.85580908906496,42,Low
store_7,item_40,22.130871669869396,44.05268159513886,7.445451827151258,19.85580908906496,42,Low
store_29,item_46,22.50642037139254,44.676826733878976,5.189011797128971,19.85580908906496,42,Low
store_29,item_6,22.639060565852304,37.69769150223328,6.420500454556213,19.85580908906496,42,Low
store_24,item_17,22.308865596475435,43.86230855912749,7.946991164419127,19.85580908906496,42,Low
store_24,item_20,22.470989705982515,40.94999234458066,7.461877452121382,19.85580908906496,42,Low
store_38,item_49,22.545418552073603,44.43011627282099,4.171356353455368,19.85580908906496,42,Low
store_38,item_50,21.723385755477103,43.722539645612486,3.9635425764442465,19.85580908906496,42,Low
store_38,item_6,22.21076771504909,39.05985193070681,4.958293028380461,19.85580908906496,42,Low
store_38,item_8,22.332680128668347,45.02601672029337,5.936983462169858,19.85580908906496,42,Low
store_24,item_11,22.508647020495893,42.35072274108016,3.902800835259903,19.85580908906496,42,Low
store_38,item_29,21.896784584136928,39.25839951635004,4.63753934803379,19.85580908906496,42,Low
store_38,item_36,22.516545875115057,42.35072274108016,4.338544529981397,19.85580908906496,42,Low
store_38,item_40,22.158731392205777,43.520623014825794,7.546576685632442,19.85580908906496,42,Low
store_38,item_43,22.19627055121846,42.234878234999584,4.990594622645105,19.85580908906496,42,Low
store_9,item_17,22.20714163045879,44.89946921743726,8.980853951875511,19.85580908906496,42,Low
store_25,item_2,22.61999151474312,46.30853931860741,6.416745732990606,19.85580908906496,42,Low
store_25,item_20,22.098170158795124,32.15426640498336,8.503845928807628,19.85580908906496,42,Low
store_30,item_49,21.740421641878324,45.05665363143181,5.123469586468603,19.85580908906496,42,Low
store_30,item_6,22.38408004669464,43.81214535773263,6.269014790865263,19.85580908906496,42,Low
store_30,item_8,21.891396251128903,45.86036747123137,7.061005927217823,19.85580908906496,42,Low
store_31,item_10,21.710511048358306,41.71764738668709,8.555744285309132,19.85580908906496,42,Low
store_31,item_14,21.855337908919278,41.08286501058163,8.13759486738599,19.85580908906496,42,Low
store_3,item_8,21.744752144445382,43.27624748681298,6.983023826601845,19.85580908906496,42,Low
store_30,item_1,22.379638120392393,47.04462234881173,11.54931861683563,19.85580908906496,42,Low
store_7,item_2,22.370056947400677,40.16903411604704,5.060996439516462,19.85580908906496,42,Low
store_7,item_26,22.531967420774524,44.17323150347257,6.866199090479893,19.85580908906496,42,Low
store_39,item_50,21.851834605028966,38.76118423303279,4.191073680841445,19.85580908906496,42,Low
store_39,item_7,21.744730140456067,35.67091766284793,5.8944848201386,19.85580908906496,42,Low
store_39,item_9,21.850938644946215,44.70916689561584,5.1715980573797795,19.85580908906496,42,Low
store_4,item_1,21.79440224294572,45.21280983860393,12.155834589366108,19.85580908906496,42,Low
store_4,item_21,21.67234525103356,38.40297853922202,4.5998207739316,19.85580908906496,42,Low
store_23,item_8,22.505993356937434,38.00828969405866,7.255543263889319,19.85580908906496,42,Low
store_39,item_41,21.815240331880755,42.1101680576665,7.7143711945343325,19.85580908906496,42,Low
store_39,item_44,22.346767860970118,43.38914143555797,4.650683903957651,19.85580908906496,42,Low
store_39,item_48,22.434765013447283,45.24662492502943,5.0163429747281585,19.85580908906496,42,Low
store_23,item_32,22.177749253464782,48.95443752868211,9.419449745056431,19.85580908906496,42,Low
store_23,item_34,21.958966198355352,43.722539645612486,11.361356560873466,19.85580908906496,42,Low
store_39,item_17,21.881350337602935,42.76640881254479,11.64422713877145,19.85580908906496,42,Low
store_39,item_21,21.987118680245825,42.62100384210633,4.457595672860396,19.85580908906496,42,Low
store_11,item_8,22.53423840107449,41.06747310056373,7.474465521368466,19.85580908906496,42,Low
store_11,item_9,21.9068972731328,38.62512066558834,4.276049400959815,19.85580908906496,42,Low
store_12,item_19,21.790737995249707,35.62666386541158,9.271440576240298,19.85580908906496,42,Low
store_6,item_5,22.13025051504281,39.73067984781181,8.958271243023288,19.85580908906496,42,Low
store_11,item_38,22.624733928729828,39.88988086203757,7.621285107852679,19.85580908906496,42,Low
store_11,item_4,22.5357194655145,44.62655363165213,5.579335047081619,19.85580908906496,42,Low
store_11,item_40,21.725042711782045,43.46298119986309,8.082005374994777,19.85580908906496,42,Low
store_11,item_45,22.022165310213712,43.38914143555797,7.6713111016032585,19.85580908906496,42,Low
store_11,item_46,22.32733869985197,42.234878234999584,4.405106758072032,19.85580908906496,42,Low
store_6,item_32,22.47332790375977,47.522431665006486,6.942383712616998,19.85580908906496,42,Low
store_6,item_35,22.590707153967692,45.24662492502943,6.0811706710809315,19.85580908906496,42,Low
store_6,item_36,22.56399841297432,38.03355003688543,4.196296407551934,19.85580908906496,42,Low
store_6,item_39,22.604659100365364,39.84745670086754,6.881405092117104,19.85580908906496,42,Low
store_6,item_4,22.234056627798374,41.58828674541496,5.272585738575937,19.85580908906496,42,Low
store_11,item_37,21.705571767694646,47.330986664399234,9.307725876300735,19.85580908906496,42,Low
store_31,item_5,22.37974329881191,43.7621655486708,8.064327675048816,19.85580908906496,42,Low
store_31,item_50,21.962409158605034,46.30853931860741,3.897901062347631,19.85580908906496,42,Low
store_6,item_27,22.04879334955784,43.35816052062201,5.105465861050407,19.85580908906496,42,Low
store_24,item_46,22.286957314510193,45.17052940717903,4.321122707037533,19.85580908906496,42,Low
store_37,item_49,21.813094611064262,41.94826025395133,5.20306350170777,19.85580908906496,42,Low
store_23,item_1,22.2691736497188,38.78559328753733,10.413326382948181,19.85580908906496,42,Low
store_23,item_10,21.81160319429393,44.89946921743726,10.291843472028917,19.85580908906496,42,Low
store_25,item_5,22.623478317843453,45.31458466874181,10.255578134363775,19.85580908906496,42,Low
store_22,item_43,22.32683197267023,46.335074426658224,6.493778662764758,19.85580908906496,42,Low
store_22,item_44,21.886132411593785,43.07932714575954,3.9323091635281058,19.85580908906496,42,Low
store_22,item_47,22.33274735424919,41.71135557007654,10.020458995447706,19.85580908906496,42,Low
store_22,item_49,21.951542723353562,44.89946921743726,5.475132230269911,19.85580908906496,42,Low
store_31,item_39,22.076984390821845,43.57266143096117,6.7118664043322,19.85580908906496,42,Low
store_31,item_43,22.427681634296647,45.42710229878483,6.011936728411199,19.85580908906496,42,Low
store_31,item_45,22.112868761675248,42.80535154683688,6.896080178925189,19.85580908906496,42,Low
store_31,item_47,21.81409587021396,44.09973551586658,10.25338142278404,19.85580908906496,42,Low
store_31,item_3,22.247825921407607,37.35245595598751,5.503751501404615,19.85580908906496,42,Low
store_31,item_31,22.45258796790078,42.64928288219561,7.256975736496885,19.85580908906496,42,Low
store_31,item_36,21.902210395831545,41.7582100285683,4.490397214260553,19.85580908906496,42,Low
store_50,item_30,22.40763531566266,44.069467583953006,5.4390071487866365,19.85580908906496,42,Low
store_50,item_50,21.869878745742902,45.83562244234218,4.059942288398582,19.85580908906496,42,Low
store_50,item_7,22.22362562914413,43.30954278505971,5.9385464590328585,19.85580908906496,42,Low
store_6,item_1,22.64298434914527,45.21144060694113,8.684689053079643,19.85580908906496,42,Low
store_12,item_30,22.140996575704698,40.06779694730656,6.762190579262646,19.85580908906496,42,Low
store_12,item_33,22.169910628444313,42.21681560645691,11.759266627960484,19.85580908906496,42,Low
store_12,item_38,22.59872928209889,43.63857889627589,10.512444683744855,19.85580908906496,42,Low
store_12,item_47,22.46460363755576,45.24662492502943,11.408810831969621,19.85580908906496,42,Low
store_13,item_10,21.96048290079104,46.19602168856439,8.690213388816726,19.85580908906496,42,Low
store_13,item_21,21.92508047722912,42.14803578190852,3.9183881558723583,19.85580908906496,42,Low
store_12,item_21,21.764707437356634,48.95443752868211,4.719137020383464,19.85580908906496,42,Low
store_12,item_22,22.350235763751606,43.41992161998548,6.8934268380044115,19.85580908906496,42,Low
store_5,item_9,21.77252432254654,45.47374183526161,4.521269787811732,19.85580908906496,42,Low
store_50,item_15,21.823630809228042,41.58828674541496,4.7387153220363905,19.85580908906496,42,Low
store_50,item_18,22.626136613702467,44.17323150347257,9.222797324920187,19.85580908906496,42,Low
store_13,item_50,21.72890558531204,43.60358079771197,3.870709098923165,19.85580908906496,42,Low
store_14,item_10,21.70152045668356,47.330986664399234,9.52008293516506,19.85580908906496,42,Low
store_5,item_5,22.173883583950982,47.330986664399234,10.30075182884661,19.85580908906496,42,Low
store_28,item_6,21.94550616023747,42.64284962417031,7.112523881227803,19.85580908906496,42,Low
store_13,item_42,22.241328064927043,46.30853931860741,6.312551089631392,19.85580908906496,42,Low
store_22,item_29,22.625026941014568,44.72765692403183,5.847367125859757,19.85580908906496,42,Low
store_22,item_34,22.366675139757994,40.1413745883177,10.577861591857687,19.85580908906496,42,Low
store_4,item_48,22.458901022382193,39.72007209926824,4.876494964227569,19.85580908906496,42,Low
store_23,item_22,22.258565466558903,46.82691877532949,6.426141132520549,19.85580908906496,42,Low
store_4,item_26,22.332948415716377,38.64755234265573,9.066422548004224,19.85580908906496,42,Low
store_4,item_27,21.7869640616277,46.46978005681687,6.686597819632984,19.85580908906496,42,Low
store_4,item_28,21.88428953539641,39.88988086203757,5.004556607505674,19.85580908906496,42,Low
store_4,item_30,21.753557613598925,39.32029633640079,6.567412729139127,19.85580908906496,42,Low
store_4,item_42,22.528113302082314,42.14803578190852,8.108340698377773,19.85580908906496,42,Low
store_24,item_9,22.474584004179086,42.06822355764616,4.466820208493503,19.85580908906496,42,Low
store_25,item_11,22.455868981317348,42.234878234999584,4.213924214080593,19.85580908906496,42,Low
store_25,item_16,21.777154546386026,46.30853931860741,4.192433986628822,19.85580908906496,42,Low
store_23,item_19,22.320126531225206,37.57067316143269,8.533639219986812,19.85580908906496,42,Low
store_32,item_27,22.393198465208712,46.30853931860741,5.07849703139477,19.85580908906496,42,Low
store_32,item_36,22.035740948703154,47.21846903435621,4.0628489396353435,19.85580908906496,42,Low
store_29,item_4,22.226450176061665,43.63857889627589,6.598556956508881,19.85580908906496,42,Low
store_32,item_16,22.308273809669437,42.234878234999584,3.7426097290191924,19.85580908906496,42,Low
store_32,item_17,21.85850471664749,41.7582100285683,8.247246601304719,19.85580908906496,42,Low
store_32,item_2,22.288628232669627,45.4734667777282,5.174548896682011,19.85580908906496,42,Low
store_32,item_22,22.329996947641238,43.35816052062201,5.822501228097751,19.85580908906496,42,Low
store_32,item_24,21.939505941206598,44.57778124347365,4.193464549455047,19.85580908906496,42,Low
store_5,item_4,22.095921575166706,41.61047839010388,6.349896593070963,19.85580908906496,42,Low
store_5,item_42,22.307732213046876,42.1036346455108,7.324551562734282,19.85580908906496,42,Low
store_29,item_29,22.300083041998242,39.715023115770336,6.599783289097858,19.85580908906496,42,Low
store_29,item_31,21.747222720221046,42.03747223735962,10.833310945386884,19.85580908906496,42,Low
store_29,item_35,22.43982453677649,44.73705659030898,8.029140322705262,19.85580908906496,42,Low
store_5,item_2,22.506396026345282,45.42710229878483,7.122437933690136,19.85580908906496,42,Low
store_5,item_20,22.312881752705277,44.91349909025035,9.57284410519126,19.85580908906496,42,Low
store_5,item_21,21.730876600232047,35.88201426053899,4.347792824771794,19.85580908906496,42,Low
store_37,item_27,21.665390133072506,39.9602201515561,5.68508895253138,19.85580908906496,42,Low
store_37,item_35,21.747992285437352,36.99882432116786,6.431130391215408,19.85580908906496,42,Low
store_37,item_42,22.45840437541229,45.17213043386656,6.821675149205837,19.85580908906496,42,Low
store_25,item_23,22.186022975888466,40.97903545000359,9.997528798958573,19.85580908906496,42,Low
store_21,item_42,22.0290695796864,47.50583714548336,7.73634305091094,19.85580908906496,42,Low
store_21,item_44,22.366867901104477,40.9042619048153,4.150014240830646,19.85580908906496,42,Low
store_37,item_2,21.72080757539584,46.30853931860741,5.950127326831924,19.85580908906496,42,Low
store_37,item_20,22.13041918822664,43.38914143555797,9.56992590486789,19.85580908906496,42,Low
store_37,item_21,21.785340172763036,43.53941882183627,4.250249807480959,19.85580908906496,42,Low
store_21,item_31,22.57239838576422,42.86328352800301,8.537584787475096,19.85580908906496,42,Low
store_21,item_39,22.410701795765675,43.23944424623008,7.034779363544495,19.85580908906496,42,Low
store_40,item_11,21.772148590109083,46.30853931860741,3.5502661032180147,19.85580908906496,42,Low
store_40,item_2,22.640658670753673,41.58828674541496,6.081405081419472,19.85580908906496,42,Low
store_40,item_22,22.587533536711074,43.14068387342462,5.956033973921171,19.85580908906496,42,Low
store_40,item_23,21.66619148345525,41.61047839010388,8.954955451164203,19.85580908906496,42,Low
store_40,item_30,22.471635330894316,43.228226350680224,5.191643847098453,19.85580908906496,42,Low
store_40,item_32,22.487446558177492,40.89961515892011,7.304624385949949,19.85580908906496,42,Low
store_15,item_24,21.908802820103634,35.8385679928615,4.225860125347515,19.85580908906496,42,Low
store_14,item_19,22.55633980563324,40.16903411604704,8.606147898935454,19.85580908906496,42,Low
store_14,item_2,21.759703461410492,43.524034798198834,5.450875674287205,19.85580908906496,42,Low
store_14,item_30,21.881602749218303,43.12204794325598,5.817449439855037,19.85580908906496,42,Low
store_15,item_15,22.12050442593992,42.86483513262042,4.679788640031922,19.85580908906496,42,Low
store_49,item_43,22.495789724387553,34.477281087393614,6.6169841836282455,19.85580908906496,42,Low
store_49,item_9,22.167563476079078,45.31458466874181,4.664686008418945,19.85580908906496,42,Low
store_14,item_6,22.26224688592347,42.15743554105445,6.033800414825565,19.85580908906496,42,Low
store_28,item_26,21.912815164828732,41.08286501058163,9.061784704404843,19.85580908906496,42,Low
store_15,item_46,22.029879939640313,45.05665363143181,4.239051695572747,19.85580908906496,42,Low
store_15,item_8,22.64403132913819,46.17341224028874,6.989876177104432,19.85580908906496,42,Low
store_16,item_10,21.761432009212005,43.68432594922144,7.919451874042145,19.85580908906496,42,Low
store_33,item_11,22.483636246667274,46.97535193302114,4.812460562855816,19.85580908906496,42,Low
store_33,item_19,21.88304828401916,44.72765692403183,9.82277622483209,19.85580908906496,42,Low
store_27,item_50,22.48707246169615,42.71105048605208,4.096252249300888,19.85580908906496,42,Low
store_27,item_9,21.68943127053111,45.02601672029337,3.967242322031781,19.85580908906496,42,Low
store_28,item_16,22.249147730923106,46.3583437447829,4.611595083953238,19.85580908906496,42,Low
store_29,item_15,22.493488551014615,46.7576483595389,6.131595222023217,19.85580908906496,42,Low
store_32,item_41,22.332048676377045,42.15743554105445,6.163296196415659,19.85580908906496,42,Low
store_32,item_8,22.345024991042663,36.5224082472276,5.681723772947268,19.85580908906496,42,Low
store_15,item_33,22.251810483628574,40.618285265038175,7.970544490344357,19.85580908906496,42,Low
store_15,item_35,22.199388867279303,45.23979982296962,6.059749913880051,19.85580908906496,42,Low
store_15,item_37,22.431577041107115,44.91349909025035,7.657894849640726,19.85580908906496,42,Low
store_15,item_4,22.59916902970565,43.97725529443567,4.818233267732642,19.85580908906496,42,Low
store_49,item_18,21.774577669733475,45.43461711703067,9.761494068678171,19.85580908906496,42,Low
store_49,item_20,22.625614518169375,41.06747310056373,9.640211811618444,19.85580908906496,42,Low
store_49,item_21,21.96990312758781,41.32735342354924,4.649052049697691,19.85580908906496,42,Low
store_49,item_27,21.820112145172576,42.86600324763798,6.652553962344496,19.85580908906496,42,Low
store_49,item_3,22.423897984743018,43.71115718526191,7.380432027098999,19.85580908906496,42,Low
store_20,item_50,21.88416540705278,40.44147805819895,3.54228101808976,19.85580908906496,42,Low
store_21,item_14,21.935594187538808,44.33835993525377,8.731194365532426,19.85580908906496,42,Low
store_21,item_17,22.18134858345648,45.42710229878483,9.02483966907482,19.85580908906496,42,Low
store_41,item_10,21.82679031785833,44.57778124347365,10.629413817742465,19.85580908906496,42,Low
store_41,item_11,22.085979983740934,42.82747730227808,4.240536680935753,19.85580908906496,42,Low
store_25,item_46,22.530926945139353,44.46443532325512,4.277993631154295,19.85580908906496,42,Low
store_21,item_46,22.24621713602798,37.81014152987788,4.775402246842609,19.85580908906496,42,Low
store_22,item_13,22.450315834792217,41.9465863239803,9.713829716662456,19.85580908906496,42,Low
store_25,item_29,22.52928513508423,44.022420393031744,5.413217371336306,19.85580908906496,42,Low
store_48,item_47,21.89875056979974,41.16811971168362,7.877559998656341,19.85580908906496,42,Low
store_48,item_49,22.581252977008692,45.13410729498641,4.291938411610397,19.85580908906496,42,Low
store_48,item_7,22.403388338184442,41.58828674541496,5.008210768425594,19.85580908906496,42,Low
store_49,item_11,21.70072786521726,38.40297853922202,4.631461280705916,19.85580908906496,42,Low
store_49,item_17,21.929526994325723,42.8050531080819,10.387249743531616,19.85580908906496,42,Low
store_48,item_37,22.57588517237309,40.696068086814144,6.423554895526483,19.85580908906496,42,Low
store_48,item_43,22.376825315386164,40.16903411604704,5.960300674399477,19.85580908906496,42,Low
store_48,item_44,22.298382160650235,45.42710229878483,3.945925175797332,19.85580908906496,42,Low
store_16,item_25,22.336454498647942,44.702962380401125,9.350999809328936,19.85580908906496,42,Low
store_16,item_26,22.636280528875773,44.667982395361086,7.4201518902649175,19.85580908906496,42,Low
store_16,item_3,22.495314174381065,43.12515188061181,5.544178280493162,19.85580908906496,42,Low
store_16,item_40,21.644967406604483,44.57778124347365,8.72417105564881,19.85580908906496,42,Low
store_48,item_25,22.389697452976183,49.91412928528264,7.820538095830701,19.85580908906496,42,Low
store_27,item_27,22.17334944060999,43.86230855912749,5.061932309655225,19.85580908906496,42,Low
store_16,item_23,22.177307134436887,43.71115718526191,9.617735261039233,19.85580908906496,42,Low
store_36,item_39,22.588270434070168,43.41992161998548,6.420000877070215,19.85580908906496,42,Low
store_36,item_44,22.330172899977537,40.14276949125846,4.0448307427758845,19.85580908906496,42,Low
store_36,item_46,22.555118288802927,43.93159108909461,4.54056647150521,19.85580908906496,42,Low
store_36,item_49,22.45431315832647,42.58585136732434,4.275816728492019,19.85580908906496,42,Low
store_36,item_50,22.184983025660078,38.64755234265573,3.839497868492346,19.85580908906496,42,Low
store_36,item_6,21.65667932357568,45.67545000749483,5.294305296009635,19.85580908906496,42,Low
store_36,item_37,22.415737111672012,38.91464496098151,7.310850354485333,19.85580908906496,42,Low
store_41,item_38,21.769708321887222,48.42383142714998,8.468654206113428,19.85580908906496,42,Low
store_20,item_20,22.368384304252356,46.335074426658224,7.587855585588105,19.85580908906496,42,Low
store_21,item_18,22.390563710132323,45.24662492502943,8.259365836428197,19.85580908906496,42,Low
store_21,item_22,21.906828504028844,45.02601672029337,6.52487382097636,19.85580908906496,42,Low
store_21,item_26,21.91553823196334,43.722539645612486,8.311511580721895,19.85580908906496,42,Low
store_21,item_29,22.016868583426536,43.71971201433638,5.551760801078991,19.85580908906496,42,Low
store_41,item_24,21.875697683074474,42.76640881254479,4.9355281489233205,19.85580908906496,42,Low
store_41,item_26,22.011466550705144,42.61481737640076,8.18479944952749,19.85580908906496,42,Low
store_33,item_39,22.38217826950651,43.23331904266689,8.349395307189818,19.85580908906496,42,Low
store_33,item_40,22.10673818463592,39.23696385283343,9.881045881486717,19.85580908906496,42,Low
store_33,item_42,22.527401318864023,43.60358079771197,8.483585467278148,19.85580908906496,42,Low
store_33,item_43,22.328361376298705,43.86230855912749,7.337460231030741,19.85580908906496,42,Low
store_28,item_30,21.97482635781193,45.43461711703067,6.957152149061002,19.85580908906496,42,Low
store_28,item_31,22.321172953135537,46.25211877959588,10.266628405972646,19.85580908906496,42,Low
store_33,item_21,22.579846648303032,43.09446365947032,4.489577037089892,19.85580908906496,42,Low
store_33,item_22,22.091744596296998,45.21280983860393,6.235070074652569,19.85580908906496,42,Low
store_33,item_24,22.117934796726225,44.72765692403183,5.509573408594349,19.85580908906496,42,Low
store_33,item_30,22.142424074795912,37.10588796980455,5.7436707860357625,19.85580908906496,42,Low
store_33,item_33,22.394506361721145,44.359683658784846,10.461072610017345,19.85580908906496,42,Low
store_48,item_12,22.48046639736776,43.71115718526191,7.301365016216059,19.85580908906496,42,Low
store_48,item_19,22.468331434193814,43.80876007022361,6.709069385679203,19.85580908906496,42,Low
store_48,item_2,22.458259950820015,40.44147805819895,5.705907206499272,19.85580908906496,42,Low
store_16,item_13,22.01060428094144,43.38914143555797,9.239218061720216,19.85580908906496,42,Low
store_16,item_14,21.884686526097152,40.44841617255799,8.75619286668873,19.85580908906496,42,Low
store_16,item_15,21.95883344913007,43.53941882183627,4.974773019484491,19.85580908906496,42,Low
store_47,item_42,22.429809234867143,46.30853931860741,7.270884666902082,19.85580908906496,42,Low
store_47,item_48,22.39018122221561,42.15743554105445,3.990708500497973,19.85580908906496,42,Low
store_47,item_5,22.26911903160384,38.720880530132646,8.231906514639478,19.85580908906496,42,Low
store_42,item_23,22.34224590595021,44.676826733878976,9.418309914926319,19.85580908906496,42,Low
store_42,item_3,22.641948327633358,44.22173995389054,6.3356556245521976,19.85580908906496,42,Low
store_42,item_44,21.799160738484453,41.32735342354924,3.95366592188888,19.85580908906496,42,Low
store_42,item_12,22.490079438568465,41.46057905094528,8.005403259642152,19.85580908906496,42,Low
store_20,item_33,22.260755187031794,45.17213043386656,9.058505163628123,19.85580908906496,42,Low
store_20,item_39,21.92869740728632,45.21280983860393,6.865783850596204,19.85580908906496,42,Low
store_20,item_44,21.695947100933342,41.60906949499677,3.8549212899331606,19.85580908906496,42,Low
store_20,item_3,21.955237804291112,44.57778124347365,5.582889614748199,19.85580908906496,42,Low
store_17,item_14,21.70218184534004,43.07932714575954,8.49543747128203,19.85580908906496,42,Low
store_17,item_16,22.029996023194457,39.715023115770336,3.6812882079566105,19.85580908906496,42,Low
store_17,item_23,22.553571104941966,39.84745670086754,8.733175455019438,19.85580908906496,42,Low
store_16,item_42,21.92557675384349,42.41162142619213,6.648613147347639,19.85580908906496,42,Low
store_16,item_8,21.73587053943921,44.69237154003034,6.787387766427583,19.85580908906496,42,Low
store_47,item_25,22.278070738372058,42.64284962417031,7.971081016591023,19.85580908906496,42,Low
store_47,item_28,22.308401042966818,45.4734667777282,3.868652305146271,19.85580908906496,42,Low
store_47,item_31,21.744349298990333,37.04860699891262,6.954891484551803,19.85580908906496,42,Low
store_47,item_32,22.175141820744454,41.58828674541496,7.350115923336268,19.85580908906496,42,Low
store_34,item_19,22.408442823890876,44.2346084477833,8.900308456191176,19.85580908906496,42,Low
store_34,item_27,22.5862280819345,42.234878234999584,6.671283890520705,19.85580908906496,42,Low
store_34,item_31,22.412086893280645,43.66878452389962,8.330470522751684,19.85580908906496,42,Low
store_47,item_10,21.7475389602968,43.07932714575954,7.996398274516764,19.85580908906496,42,Low
store_47,item_2,21.76986025267507,41.7582100285683,5.428327361398185,19.85580908906496,42,Low
store_36,item_2,21.92831536330272,42.03747223735962,5.459779175331474,19.85580908906496,42,Low
store_36,item_27,22.242893316374154,41.46057905094528,4.789362172709717,19.85580908906496,42,Low
store_36,item_29,21.83022676723587,43.76814269350984,5.495316479276938,19.85580908906496,42,Low
store_35,item_46,22.03717865634976,41.60043043987746,4.465486957823503,19.85580908906496,42,Low
store_2,item_43,21.73800698697189,43.45453399199494,6.905909318223266,19.85580908906496,42,Low
store_2,item_45,22.54319943202134,45.31458466874181,7.785585916530178,19.85580908906496,42,Low
store_2,item_47,22.48938842972127,34.0951546710752,8.280590994480194,19.85580908906496,42,Low
store_2,item_49,22.54253157069094,43.86230855912749,5.457975695555661,19.85580908906496,42,Low
store_42,item_48,21.830666911993518,37.95033688056451,4.1644981289696235,19.85580908906496,42,Low
store_42,item_5,22.611793839174375,43.67279163549589,8.211692996997048,19.85580908906496,42,Low
store_43,item_10,22.218189719193425,40.44841617255799,9.341517980758914,19.85580908906496,42,Low
store_43,item_11,22.053410068188242,42.234878234999584,4.318317689161879,19.85580908906496,42,Low
store_43,item_12,21.73820751563574,43.722539645612486,8.95414621160009,19.85580908906496,42,Low
store_27,item_44,21.873880883410756,40.776126491417386,3.948513378442404,19.85580908906496,42,Low
store_27,item_45,22.521406034459634,43.63857889627589,7.0339687630634895,19.85580908906496,42,Low
store_27,item_48,22.17530163034788,47.21846903435621,4.263184794835389,19.85580908906496,42,Low
store_33,item_50,21.74984905492997,45.05665363143181,4.4735668042941725,19.85580908906496,42,Low
store_46,item_40,22.522760906259364,43.815940873097965,7.979733104145771,19.85580908906496,42,Low
store_46,item_42,21.925742053626077,42.82747730227808,5.970307459171967,19.85580908906496,42,Low
store_46,item_46,22.619308049357933,44.57778124347365,4.497986667162432,19.85580908906496,42,Low
store_46,item_50,22.333920082411368,43.57727609301895,3.6483592292064917,19.85580908906496,42,Low
store_27,item_30,22.516554120814135,44.17323150347257,4.948700365277551,19.85580908906496,42,Low
store_46,item_25,22.08116346376654,41.58828674541496,8.131096137673879,19.85580908906496,42,Low
store_46,item_32,22.142889448242503,47.04462234881173,7.4370646830603615,19.85580908906496,42,Low
store_46,item_35,22.527557274152816,38.203952118906464,5.487745262279681,19.85580908906496,42,Low
store_17,item_35,22.51192558441654,39.92572925251199,6.241820497028889,19.85580908906496,42,Low
store_17,item_45,22.34172185459949,46.335074426658224,7.768814484749631,19.85580908906496,42,Low
store_17,item_46,22.47413299319992,45.13410729498641,4.377948044522879,19.85580908906496,42,Low
store_17,item_48,22.18016682904946,40.94999234458066,4.367583997345158,19.85580908906496,42,Low
store_46,item_21,22.14816583211544,47.89239109009987,4.556184849727843,19.85580908906496,42,Low
store_46,item_24,22.53655565997644,39.88988086203757,4.121405393628096,19.85580908906496,42,Low
store_17,item_25,22.166050074796377,45.2597778927497,9.507940186280486,19.85580908906496,42,Low
store_17,item_33,21.830452941136603,39.22589810338263,9.886478475196933,19.85580908906496,42,Low
store_46,item_13,22.500566917513474,42.14803578190852,9.143582567136024,19.85580908906496,42,Low
store_26,item_45,22.12510004339588,42.64284962417031,6.368644605987018,19.85580908906496,42,Low
store_26,item_5,22.004663519460635,45.42710229878483,7.997755609973575,19.85580908906496,42,Low
store_43,item_43,22.244697261257855,41.23082216575386,6.32573618068344,19.85580908906496,42,Low
store_19,item_28,22.218173079026975,42.62100384210633,4.614862181901782,19.85580908906496,42,Low
store_43,item_36,22.14107312078625,46.30853931860741,4.971261553672287,19.85580908906496,42,Low
store_20,item_10,22.262213655667612,46.29122407625043,8.388692340448761,19.85580908906496,42,Low
store_20,item_15,22.413289780650164,42.35072274108016,4.545430111815796,19.85580908906496,42,Low
store_20,item_16,22.60153780146217,43.53941882183627,4.009966201601956,19.85580908906496,42,Low
store_2,item_18,22.035797418378426,45.42710229878483,10.082853486301856,19.85580908906496,42,Low
store_26,item_15,22.391864504342646,41.58828674541496,4.6432608911725515,19.85580908906496,42,Low
store_26,item_2,22.302103216546442,39.715023115770336,5.632818739052261,19.85580908906496,42,Low
store_34,item_7,22.53029179078507,43.27624748681298,5.383068764016285,19.85580908906496,42,Low
store_35,item_15,22.080717339567965,42.15743554105445,4.966551818757258,19.85580908906496,42,Low
store_34,item_50,22.414190044107226,43.6762804379233,3.9916163032984984,19.85580908906496,42,Low
store_34,item_34,22.277124509852857,42.234878234999584,9.956174756186167,19.85580908906496,42,Low
store_34,item_35,21.777611784441937,43.30954278505971,6.621434968749519,19.85580908906496,42,Low
store_18,item_13,22.310921400700153,39.25839951635004,8.888789151653965,19.85580908906496,42,Low
store_18,item_16,22.323064250855158,39.715023115770336,4.28720282954829,19.85580908906496,42,Low
store_45,item_23,22.123748326063026,42.83790360391704,9.893463143520698,19.85580908906496,42,Low
store_45,item_28,22.41222431703051,45.21144060694113,3.86484665632194,19.85580908906496,42,Low
store_44,item_46,22.390263507111626,42.64284962417031,4.4279292425522305,19.85580908906496,42,Low
store_44,item_47,22.41363729070353,41.17619710196831,10.53256949632048,19.85580908906496,42,Low
store_44,item_48,21.756910796957435,45.02601672029337,4.529187831071185,19.85580908906496,42,Low
store_44,item_5,22.228071337902705,42.81031512049224,9.373672393524648,19.85580908906496,42,Low
store_44,item_7,22.186127995027142,38.62810955301794,5.257016829381931,19.85580908906496,42,Low
store_44,item_9,22.401915362757485,41.46057905094528,5.213384459672294,19.85580908906496,42,Low
store_18,item_8,21.816079763935253,45.02601672029337,7.245399405453601,19.85580908906496,42,Low
store_44,item_3,22.47475019819063,45.86036747123137,6.508066070073352,19.85580908906496,42,Low
store_44,item_33,22.26952470496841,43.9426429224262,9.755334329155724,19.85580908906496,42,Low
store_35,item_42,22.314770815670386,39.00058010900284,6.0782397790864895,19.85580908906496,42,Low
store_35,item_45,22.46837227961507,44.702962380401125,7.63598507051637,19.85580908906496,42,Low
store_44,item_28,22.06459023286473,43.14068387342462,4.3601217502907,19.85580908906496,42,Low
store_18,item_41,21.897343335381464,45.42710229878483,7.655443482934783,19.85580908906496,42,Low
store_18,item_49,22.341091515199174,40.89518603675954,4.803154775220719,19.85580908906496,42,Low
store_35,item_33,22.60897827518165,42.92382421520481,10.13974435270104,19.85580908906496,42,Low
store_26,item_8,21.93125113244611,34.707046826691574,5.631848540689787,19.85580908906496,42,Low
store_27,item_10,22.36398569924443,43.81214535773263,8.127179788746094,19.85580908906496,42,Low
store_27,item_19,22.09002164402819,45.2999396674086,7.28983676933474,19.85580908906496,42,Low
store_44,item_19,22.016302121500086,43.53941882183627,8.294444779950634,19.85580908906496,42,Low
store_44,item_23,22.539059068310408,42.04190413675271,10.135689948833914,19.85580908906496,42,Low
store_19,item_39,22.363714175998872,43.38914143555797,7.680511634577231,19.85580908906496,42,Low
store_19,item_4,22.258812247588235,35.528261716851475,5.420539306822857,19.85580908906496,42,Low
store_19,item_42,22.576033240069766,40.94999234458066,8.837675497364755,19.85580908906496,42,Low
store_19,item_43,21.896661897554793,42.14803578190852,7.534059828262728,19.85580908906496,42,Low
store_1,item_42,22.232033205782894,46.673853455196806,6.382283851478699,19.85580908906496,42,Low
store_8,item_28,21.976390060299387,37.67636128164184,4.264689232014924,19.85580908906496,42,Low
store_3,item_45,22.48365478608031,40.44147805819895,7.504801662429013,19.85580908906496,42,Low
store_3,item_48,21.83806899603768,44.37547876286504,4.224120400452572,19.85580908906496,42,Low
store_3,item_50,22.132514323473018,45.2999396674086,3.9058624481067605,19.85580908906496,42,Low
store_10,item_48,22.134657484642375,44.05268159513886,3.687059910878866,19.85580908906496,42,Low
store_3,item_31,22.098201438275115,45.26780372570519,7.1813557078593115,19.85580908906496,42,Low
store_3,item_35,22.546819641108524,44.022420393031744,5.99230321249259,19.85580908906496,42,Low
store_3,item_43,22.369340445501013,41.34974515894032,5.583168882306312,19.85580908906496,42,Low
store_8,item_41,22.47293908162938,41.7582100285683,7.067755360446143,19.85580908906496,42,Low
store_8,item_47,22.194372494177593,43.98513278418458,10.121874049980956,19.85580908906496,42,Low
store_8,item_48,22.181406405144404,43.38914143555797,4.2092878331996655,19.85580908906496,42,Low
store_10,item_16,21.87428385761576,42.14742397477962,4.014551667259346,19.85580908906496,42,Low
store_10,item_19,22.406857162698156,43.14068387342462,8.964967058219102,19.85580908906496,42,Low
store_9,item_33,22.12104565687044,39.38004541990593,8.541957922008494,19.85580908906496,42,Low
store_9,item_39,22.643145036848,47.04462234881173,8.25417200140892,19.85580908906496,42,Low
store_9,item_45,21.84544548157213,42.62100384210633,6.601609989596463,19.85580908906496,42,Low
store_1,item_22,22.068135227434308,44.09973551586658,5.4719065873895065,19.85580908906496,42,Low
store_1,item_24,22.294063888686285,42.20770872373459,4.815776396863273,19.85580908906496,42,Low
store_1,item_27,22.57032020278478,37.90787549817067,5.433587894343803,19.85580908906496,42,Low
store_1,item_15,21.014137684489484,39.893999703086806,5.365075415350841,19.85580908906496,41,Low
store_25,item_19,21.58806777733247,42.736073240958405,8.74341723670176,19.85580908906496,41,Low
store_38,item_27,21.194957182311136,43.01795894137175,5.523398359427002,19.85580908906496,41,Low
store_38,item_3,21.501771494157882,41.94826025395133,5.743052865234413,19.85580908906496,41,Low
store_38,item_37,20.670425576633445,40.39814774159228,7.124424507734314,19.85580908906496,41,Low
store_38,item_44,21.07567765929688,42.09731680612001,3.9014004406054963,19.85580908906496,41,Low
store_30,item_7,21.620499810470033,42.76640881254479,6.588179133896471,19.85580908906496,41,Low
store_31,item_13,21.472117701279238,43.76814269350984,10.834253940451402,19.85580908906496,41,Low
store_11,item_21,21.04051361983846,39.68093992816694,4.0358595455396316,19.85580908906496,41,Low
store_30,item_41,21.45216727619817,44.72765692403183,8.234142986075375,19.85580908906496,41,Low
store_11,item_11,21.234538988204207,43.55021356806871,4.406869381197019,19.85580908906496,41,Low
store_11,item_18,21.581088788585195,44.91349909025035,7.941697745388963,19.85580908906496,41,Low
store_35,item_19,21.62616962232228,41.60043043987746,8.253202291454699,19.85580908906496,41,Low
store_35,item_26,21.389563558521477,42.76640881254479,7.25534474180272,19.85580908906496,41,Low
store_35,item_29,21.37093925428891,42.50623607830249,5.550434005791717,19.85580908906496,41,Low
store_43,item_7,21.28233474391786,40.78429860112047,5.384632599791291,19.85580908906496,41,Low
store_44,item_15,21.583902028433876,44.33835993525377,5.710901655533318,19.85580908906496,41,Low
store_44,item_27,21.50964284816078,41.55098646735186,5.951013198591275,19.85580908906496,41,Low
store_26,item_6,21.57472482956838,44.09514417767166,6.183690774849162,19.85580908906496,41,Low
store_27,item_14,21.11542875504388,43.978770776619285,8.161524217210362,19.85580908906496,41,Low
store_1,item_48,20.671560446853142,37.99799918472045,4.235575356222795,19.85580908906496,41,Low
store_19,item_30,21.168620191546296,42.24865098721234,6.377412382063782,19.85580908906496,41,Low
store_19,item_44,20.898115130349062,42.80011076259408,4.0134455655551164,19.85580908906496,41,Low
store_19,item_49,21.185594939221225,42.736073240958405,5.444680106193458,19.85580908906496,41,Low
store_43,item_49,20.946134166904773,38.82283321785698,5.018083241666068,19.85580908906496,41,Low
store_8,item_17,20.842136693243507,37.826010973048845,7.032685121221849,19.85580908906496,41,Low
store_8,item_26,20.897200666257312,35.17363459954986,6.6832059036002205,19.85580908906496,41,Low
store_8,item_30,21.167610084332477,40.78429860112047,5.352525643787536,19.85580908906496,41,Low
store_39,item_45,21.63139739832145,40.776126491417386,9.240606565237691,19.85580908906496,41,Low
store_39,item_46,20.74255066042187,35.31329748385728,4.73098788592949,19.85580908906496,41,Low
store_39,item_49,21.21439965987784,42.501240685797725,5.671700034223719,19.85580908906496,41,Low
store_4,item_13,20.79003643023035,42.25111044780103,11.454746355336665,19.85580908906496,41,Low
store_39,item_3,21.222152861498373,45.16560521678909,7.2621200746160985,19.85580908906496,41,Low
store_23,item_33,21.19403668535714,40.71877587238037,10.72959173269407,19.85580908906496,41,Low
store_23,item_48,21.00620269809951,37.98065044825618,4.30655872912836,19.85580908906496,41,Low
store_39,item_43,20.792237272771114,44.42984043662387,7.197810492435065,19.85580908906496,41,Low
store_6,item_48,21.481985278166654,36.97133155178102,4.017705527993529,19.85580908906496,41,Low
store_39,item_24,21.31618905005506,42.76640881254479,4.8738145904814765,19.85580908906496,41,Low
store_6,item_29,21.42728564349372,44.37547876286504,5.098122491093033,19.85580908906496,41,Low
store_6,item_42,21.348509418683506,43.34063039123551,6.526930795694423,19.85580908906496,41,Low
store_11,item_5,21.090692709990773,45.71526627038072,8.533332962105007,19.85580908906496,41,Low
store_12,item_15,21.233217330456675,37.98065044825618,5.573625972928327,19.85580908906496,41,Low
store_18,item_24,21.62331457276227,46.66818524550193,4.823555786479427,19.85580908906496,41,Low
store_18,item_27,21.150785718591997,41.59737811808943,6.099804962042509,19.85580908906496,41,Low
store_18,item_29,21.32609370801257,45.02690910131628,5.927150904331523,19.85580908906496,41,Low
store_34,item_36,21.25427445707009,43.524034798198834,4.590161547957838,19.85580908906496,41,Low
store_34,item_38,20.915774534266667,46.215756645804085,9.66098545993217,19.85580908906496,41,Low
store_34,item_4,21.638105241545595,44.57778124347365,5.6549403148364075,19.85580908906496,41,Low
store_34,item_40,21.48014423513244,42.14803578190852,8.958788395896619,19.85580908906496,41,Low
store_45,item_31,21.62530678896543,45.02601672029337,7.932538078738382,19.85580908906496,41,Low
store_45,item_20,20.95060170497225,45.71526627038072,7.629080472275739,19.85580908906496,41,Low
store_45,item_22,21.051853293103978,40.74920670407662,5.261695161308696,19.85580908906496,41,Low
store_45,item_24,21.25947958451614,44.09514417767166,4.387661564897402,19.85580908906496,41,Low
store_35,item_36,20.937592642999565,36.37475550138937,4.2386067991740255,19.85580908906496,41,Low
store_35,item_41,20.647343541492287,45.37829331965562,7.090376007771041,19.85580908906496,41,Low
store_18,item_48,21.576929573914306,43.34063039123551,4.260843503394388,19.85580908906496,41,Low
store_44,item_30,21.2935654934355,45.551463857418526,5.987632775815376,19.85580908906496,41,Low
store_24,item_47,21.442638808600385,42.86600324763798,8.045293422742176,19.85580908906496,41,Low
store_24,item_48,21.535784791365987,41.71764738668709,3.9456354021295965,19.85580908906496,41,Low
store_6,item_2,21.30917386626466,40.776126491417386,5.075712693702632,19.85580908906496,41,Low
store_6,item_23,21.46591862572007,44.57778124347365,9.131389602633176,19.85580908906496,41,Low
store_37,item_7,20.849365981518485,42.561541312147234,5.136711999780226,19.85580908906496,41,Low
store_37,item_8,21.207896840552454,46.66818524550193,6.808927029212625,19.85580908906496,41,Low
store_38,item_1,21.618589917628164,45.02601672029337,8.289643729227425,19.85580908906496,41,Low
store_38,item_17,20.73705793413994,41.33121316093705,7.665060209558426,19.85580908906496,41,Low
store_22,item_7,21.323429718481606,47.50583714548336,5.328569274280871,19.85580908906496,41,Low
store_23,item_11,20.704476714612476,42.81031512049224,4.22157454194638,19.85580908906496,41,Low
store_23,item_15,20.801499618457495,40.68482671724159,5.315489162963046,19.85580908906496,41,Low
store_37,item_46,20.893915217386233,38.36296506297229,4.7222699721333745,19.85580908906496,41,Low
store_31,item_38,21.306975375916586,39.70965124928792,8.074093729094956,19.85580908906496,41,Low
store_31,item_46,21.17703050970595,47.330986664399234,4.430597837367292,19.85580908906496,41,Low
store_31,item_49,21.07255278810939,36.47144017468242,4.1815533541154695,19.85580908906496,41,Low
store_22,item_46,20.91919689448441,41.148540153007154,4.534011276575946,19.85580908906496,41,Low
store_43,item_30,21.521445436706532,45.2307203607262,6.05348576855574,19.85580908906496,41,Low
store_43,item_33,21.368853193831608,45.1394267313593,10.269750599785805,19.85580908906496,41,Low
store_43,item_41,21.069896726544822,44.32081991931375,7.04220552020022,19.85580908906496,41,Low
store_2,item_28,21.10243224533687,44.09514417767166,4.49285684742583,19.85580908906496,41,Low
store_43,item_17,20.655514361613196,46.66672617834812,10.075216058092693,19.85580908906496,41,Low
store_43,item_19,21.108705924890074,40.413740676609095,8.587003888462522,19.85580908906496,41,Low
store_43,item_24,21.511035188520683,36.77952954641666,4.5801123695961685,19.85580908906496,41,Low
store_35,item_17,21.44498210311018,44.4804526576615,9.094784469018217,19.85580908906496,41,Low
store_26,item_36,21.227349481773,44.32081991931375,3.9818279308259465,19.85580908906496,41,Low
store_26,item_13,21.399455709540288,40.776126491417386,9.768866036780894,19.85580908906496,41,Low
store_26,item_21,21.26001216964273,44.32081991931375,3.8433170268130517,19.85580908906496,41,Low
store_26,item_22,21.194820743701552,47.16163060990005,5.541735106232122,19.85580908906496,41,Low
store_34,item_6,21.416930021928206,44.80154651903918,6.716784913360333,19.85580908906496,41,Low
store_35,item_11,21.48996254230325,42.653891182501766,4.439276416373968,19.85580908906496,41,Low
store_35,item_12,21.217051412904354,43.46321919891599,8.264285097512227,19.85580908906496,41,Low
store_35,item_16,21.383322277529345,45.43461711703067,3.903105202393998,19.85580908906496,41,Low
store_50,item_43,21.046709595624048,42.39093337456598,6.904498638516437,19.85580908906496,41,Low
store_13,item_23,21.479234720090897,46.30853931860741,8.808350902214102,19.85580908906496,41,Low
store_12,item_26,21.047618372499922,45.16560521678909,9.363591894768522,19.85580908906496,41,Low
store_14,item_11,20.946845737377238,44.26908951946318,4.3785585263136,19.85580908906496,41,Low
store_14,item_15,21.151467982774754,45.21958486230318,5.531685871988985,19.85580908906496,41,Low
store_5,item_48,21.060644121980566,42.76640881254479,4.401815539384347,19.85580908906496,41,Low
store_5,item_6,20.751823119071382,42.870545767984055,7.268588789361622,19.85580908906496,41,Low
store_50,item_16,21.371889416205327,41.94826025395133,4.098249166932132,19.85580908906496,41,Low
store_50,item_21,20.85543971402947,40.39814774159228,4.035594627337913,19.85580908906496,41,Low
store_13,item_44,20.73654877550597,41.78739701203546,3.9738655324677783,19.85580908906496,41,Low
store_46,item_37,21.589841296502183,42.58022643528968,7.274884379957104,19.85580908906496,41,Low
store_46,item_48,21.323351172033888,40.80509037482362,4.241184447946298,19.85580908906496,41,Low
store_46,item_7,21.31588867960062,37.17196595447329,4.997192725819955,19.85580908906496,41,Low
store_27,item_33,21.529451608108793,43.56630613287759,8.328488137655231,19.85580908906496,41,Low
store_27,item_34,21.51528661585802,45.71526627038072,8.124636073871747,19.85580908906496,41,Low
store_17,item_29,20.881089034015076,40.68482671724159,5.462109487828,19.85580908906496,41,Low
store_17,item_30,21.29965438139672,41.59942042414566,6.136173024534738,19.85580908906496,41,Low
store_17,item_39,21.226491053675286,40.59017695497727,6.482976593143487,19.85580908906496,41,Low
store_45,item_9,21.304662456369478,40.44841617255799,3.908853284350091,19.85580908906496,41,Low
store_46,item_10,21.178359299184056,45.67545000749483,7.984733517869576,19.85580908906496,41,Low
store_46,item_11,21.59869002739552,42.31978963169808,3.6969378851660415,19.85580908906496,41,Low
store_17,item_27,21.508466745293678,45.21280983860393,5.305537570711512,19.85580908906496,41,Low
store_26,item_38,21.54229662746443,42.34157423983191,8.286519135455862,19.85580908906496,41,Low
store_26,item_46,21.38709131704426,44.09514417767166,4.211897527158333,19.85580908906496,41,Low
store_26,item_48,21.175359294982574,41.50816613468114,3.9244922403111335,19.85580908906496,41,Low
store_18,item_35,21.150951089163833,46.01656271213968,6.981188448943196,19.85580908906496,41,Low
store_18,item_36,21.501679769723484,42.76640881254479,4.632451873333931,19.85580908906496,41,Low
store_22,item_21,21.12956254908045,43.30954278505971,4.36512181153696,19.85580908906496,41,Low
store_22,item_27,20.891106918044848,43.86625314657626,5.7302528992514725,19.85580908906496,41,Low
store_22,item_4,21.073820639043362,44.26908951946318,5.923903180376331,19.85580908906496,41,Low
store_25,item_13,20.798805476765757,38.66247487208288,9.958168624644516,19.85580908906496,41,Low
store_23,item_2,20.858896899794814,35.31329748385728,5.682541736689103,19.85580908906496,41,Low
store_4,item_23,20.842547606982517,43.23331904266689,12.400996624163371,19.85580908906496,41,Low
store_4,item_6,21.25180522186111,42.1652576329239,6.944385443639437,19.85580908906496,41,Low
store_32,item_29,20.798013573462416,37.86263870675151,4.977184223435256,19.85580908906496,41,Low
store_32,item_35,21.460864613820842,44.32081991931375,6.570948032231752,19.85580908906496,41,Low
store_28,item_42,20.861021457787093,42.23701879936208,8.945679634843117,19.85580908906496,41,Low
store_28,item_43,20.898850682630037,43.30954278505971,7.349665391924167,19.85580908906496,41,Low
store_28,item_45,21.47505408940271,42.76640881254479,9.794321015900428,19.85580908906496,41,Low
store_25,item_12,21.20469081988089,44.1130467380946,8.151387465035128,19.85580908906496,41,Low
store_5,item_32,21.44372598594081,45.43461711703067,8.723866380147868,19.85580908906496,41,Low
store_5,item_35,21.37798367247873,42.25111044780103,8.087928522685717,19.85580908906496,41,Low
store_29,item_30,21.00571792237862,44.33835993525377,6.373592670957373,19.85580908906496,41,Low
store_29,item_42,21.632368428707952,43.98513278418458,8.642857072731369,19.85580908906496,41,Low
store_31,item_9,20.98726411958658,40.78429860112047,4.491537937441725,19.85580908906496,41,Low
store_36,item_21,21.43530721589553,38.1312853059636,3.804371414921946,19.85580908906496,41,Low
store_36,item_22,21.329793191680928,37.80902123738328,4.993973559934018,19.85580908906496,41,Low
store_36,item_3,21.564297962261346,46.46978005681687,5.693482767202547,19.85580908906496,41,Low
store_34,item_2,21.33343249990717,42.83790360391704,5.805406967594652,19.85580908906496,41,Low
store_2,item_7,21.08844361640667,43.12515188061181,6.107356546939673,19.85580908906496,41,Low
store_35,item_47,21.35987482171793,44.09514417767166,9.547097245307421,19.85580908906496,41,Low
store_35,item_49,21.075875408859144,40.17092432458912,4.521312483298652,19.85580908906496,41,Low
store_35,item_9,21.344418587707928,40.776126491417386,4.605224831341938,19.85580908906496,41,Low
store_36,item_11,21.557411248028604,45.02690910131628,4.373183361763992,19.85580908906496,41,Low
store_34,item_17,21.623641476462314,42.76640881254479,10.169621944856493,19.85580908906496,41,Low
store_2,item_36,21.032240322957726,39.37683427412637,4.5237914145301055,19.85580908906496,41,Low
store_2,item_4,21.010411868328834,39.70965124928792,5.521023987303197,19.85580908906496,41,Low
store_2,item_48,20.918420184734938,41.80032799092341,4.424319387571457,19.85580908906496,41,Low
store_27,item_35,20.698662609275267,41.05357781523498,6.844017804633838,19.85580908906496,41,Low
store_27,item_38,21.04267900676565,42.561541312147234,7.221734621160293,19.85580908906496,41,Low
store_27,item_40,21.068963870402094,43.524034798198834,8.015598655771525,19.85580908906496,41,Low
store_27,item_41,21.461364556993548,42.50623607830249,5.577037740984194,19.85580908906496,41,Low
store_27,item_42,20.764140729754672,46.46978005681687,5.340708253329758,19.85580908906496,41,Low
store_33,item_9,21.406149898562113,46.215756645804085,4.995956431003921,19.85580908906496,41,Low
store_37,item_19,20.82940301495051,40.39814774159228,8.981138335790456,19.85580908906496,41,Low
store_37,item_28,21.50737283095913,44.57778124347365,4.028140353386552,19.85580908906496,41,Low
store_40,item_16,21.406953268821756,35.39605099814733,3.5341686524093716,19.85580908906496,41,Low
store_21,item_30,21.16200639748195,44.52682909832442,6.321415460074141,19.85580908906496,41,Low
store_21,item_33,21.147506073342807,44.09973551586658,9.67922036949637,19.85580908906496,41,Low
store_21,item_36,21.198146947259424,36.35706363839855,4.482947283420295,19.85580908906496,41,Low
store_21,item_38,21.304874488051176,43.44838320511007,8.902455407538007,19.85580908906496,41,Low
store_21,item_4,21.00106728415253,45.02690910131628,5.65314656177803,19.85580908906496,41,Low
store_21,item_43,20.888956283022853,45.51626557033246,6.109398541146973,19.85580908906496,41,Low
store_15,item_22,21.110750414462707,37.98065044825618,5.151529031862309,19.85580908906496,41,Low
store_15,item_26,21.446132758567796,43.76814269350984,7.639257174502611,19.85580908906496,41,Low
store_14,item_17,20.94553767601468,38.08388145298829,9.65114351551382,19.85580908906496,41,Low
store_14,item_22,20.74116922434203,43.978770776619285,6.470079811186771,19.85580908906496,41,Low
store_5,item_11,21.23688107726723,40.776126491417386,4.732042370273152,19.85580908906496,41,Low
store_15,item_11,21.538620044238986,43.24449391800543,4.211601372989886,19.85580908906496,41,Low
store_15,item_12,21.054563488152276,41.64632383138615,7.888379958531354,19.85580908906496,41,Low
store_15,item_17,21.52244752801597,42.505695659796906,7.843017196560598,19.85580908906496,41,Low
store_20,item_4,21.12336459846892,38.73008155721306,4.595221520454479,19.85580908906496,41,Low
store_41,item_6,21.56770386355429,41.50816613468114,6.139366506216085,19.85580908906496,41,Low
store_41,item_7,21.389550269889664,45.16560521678909,6.102978544393596,19.85580908906496,41,Low
store_41,item_9,21.144534846822843,40.776126491417386,4.306544936996386,19.85580908906496,41,Low
store_42,item_10,20.91573799802316,40.31033836192093,8.011484984740784,19.85580908906496,41,Low
store_37,item_14,21.154827473541797,38.54624112746023,9.344961975655298,19.85580908906496,41,Low
store_37,item_16,21.598846087944306,37.78369557625039,3.9143235941008703,19.85580908906496,41,Low
store_37,item_18,21.052593714588628,41.59942042414566,8.989784598772957,19.85580908906496,41,Low
store_20,item_28,20.851807286918362,39.38539850424893,4.017010634256893,19.85580908906496,41,Low
store_20,item_30,21.297857295355815,44.09514417767166,5.688841077573897,19.85580908906496,41,Low
store_20,item_37,20.702780942837887,43.23331904266689,7.968725993865796,19.85580908906496,41,Low
store_17,item_15,20.872344747629587,36.531151982710455,4.793325995914776,19.85580908906496,41,Low
store_17,item_2,21.550715706056504,44.57778124347365,5.51720079686515,19.85580908906496,41,Low
store_47,item_21,21.639047230335102,44.09973551586658,4.5132227000158345,19.85580908906496,41,Low
store_47,item_22,21.173618771231634,38.306736023263966,5.5807427776333585,19.85580908906496,41,Low
store_47,item_23,21.243019749023457,44.42984043662387,9.028450517422431,19.85580908906496,41,Low
store_47,item_30,20.87070330042958,36.102786558475714,4.716480560859902,19.85580908906496,41,Low
store_16,item_45,21.283791859274135,44.33835993525377,7.747898802368696,19.85580908906496,41,Low
store_28,item_21,21.342416289577635,45.31458466874181,4.427446309872059,19.85580908906496,41,Low
store_28,item_28,21.156338963045418,44.33835993525377,4.375668159955022,19.85580908906496,41,Low
store_28,item_3,21.61928925549902,40.19560711203408,7.091263920924014,19.85580908906496,41,Low
store_15,item_45,21.105410718330887,44.60157346734668,6.901469864549188,19.85580908906496,41,Low
store_15,item_39,21.621604508505495,43.60358079771197,6.319310387444793,19.85580908906496,41,Low
store_28,item_7,21.222175794017,44.80154651903918,6.311184244409325,19.85580908906496,41,Low
store_28,item_9,20.92065819871749,38.3950445330038,5.240883201862701,19.85580908906496,41,Low
store_32,item_39,20.80436468261403,42.23701879936208,6.551366929743361,19.85580908906496,41,Low
store_32,item_50,21.087393558265227,43.05593802691215,3.512983757775556,19.85580908906496,41,Low
store_21,item_1,21.502294554882983,44.72765692403183,9.231685329211638,19.85580908906496,41,Low
store_40,item_42,21.10908452309721,43.34024931057197,6.688516255719001,19.85580908906496,41,Low
store_40,item_46,20.67794875598237,42.552129469811184,4.191424426914837,19.85580908906496,41,Low
store_40,item_47,21.091569962275575,44.09514417767166,9.50029541499644,19.85580908906496,41,Low
store_20,item_48,20.653476642129363,40.78666121343682,4.03299235337787,19.85580908906496,41,Low
store_20,item_6,21.0080609735734,38.54624112746023,5.6395554268232795,19.85580908906496,41,Low
store_26,item_33,20.888076715291962,46.215756645804085,8.891493354583474,19.85580908906496,41,Low
store_36,item_31,21.551513088114767,38.48702451484106,7.409097087255135,19.85580908906496,41,Low
store_33,item_48,21.636928979565504,39.68093992816694,4.419268701012223,19.85580908906496,41,Low
store_41,item_3,21.005530608763834,40.181425122865775,6.365274552094731,19.85580908906496,41,Low
store_41,item_34,21.415155301110506,38.54624112746023,11.982691990592565,19.85580908906496,41,Low
store_26,item_25,21.076716321493283,40.34420448185028,8.660562665774773,19.85580908906496,41,Low
store_48,item_11,21.605890842818233,46.66818524550193,4.361756165222474,19.85580908906496,41,Low
store_42,item_4,20.883339080129364,44.44778168160423,5.048396686032962,19.85580908906496,41,Low
store_42,item_41,21.610609019006144,36.83350220927512,5.790514195199659,19.85580908906496,41,Low
store_17,item_24,20.83205778939673,42.552129469811184,4.517379522210143,19.85580908906496,41,Low
store_25,item_33,20.84446294143276,40.69905384874466,10.837707233338254,19.85580908906496,41,Low
store_25,item_42,21.257845675584566,41.60906949499677,6.819114801858218,19.85580908906496,41,Low
store_21,item_50,21.22229091103187,43.978770776619285,4.643721379857104,19.85580908906496,41,Low
store_21,item_9,21.160111951165103,44.42984043662387,4.805429608081139,19.85580908906496,41,Low
store_40,item_4,21.489670946420066,42.653891182501766,5.12277105885614,19.85580908906496,41,Low
store_48,item_35,21.50185576999588,45.67545000749483,5.9278723791270105,19.85580908906496,41,Low
store_48,item_41,20.804606457724635,38.91464496098151,5.667470209823337,19.85580908906496,41,Low
store_25,item_27,21.62453421991553,36.20492450418089,5.617148568650318,19.85580908906496,41,Low
store_48,item_23,20.988680980162577,42.83790360391704,7.995662877554856,19.85580908906496,41,Low
store_48,item_27,21.53714856045321,43.815940873097965,5.161941523749258,19.85580908906496,41,Low
store_36,item_32,21.401130089533222,42.50623607830249,6.400579739571519,19.85580908906496,41,Low
store_36,item_45,21.26583450142324,42.20697249026584,6.699645207146369,19.85580908906496,41,Low
store_27,item_29,20.772556556558676,44.22173995389054,5.48588330690014,19.85580908906496,41,Low
store_30,item_16,21.133081012868594,38.54624112746023,4.241853119832793,19.85580908906496,41,Low
store_1,item_2,20.837882878825866,40.74920670407662,5.276009236310133,19.85580908906496,41,Low
store_1,item_19,21.098046882420313,38.66247487208288,7.945898003496341,19.85580908906496,41,Low
store_9,item_8,21.502659957138267,43.97725529443567,5.704280465857813,19.85580908906496,41,Low
store_7,item_43,21.44840695207028,41.59737811808943,6.52777933640997,19.85580908906496,41,Low
store_7,item_44,21.542525893213917,41.08286501058163,3.59799431338019,19.85580908906496,41,Low
store_7,item_46,21.33239484864273,43.76814269350984,4.045120752300108,19.85580908906496,41,Low
store_10,item_25,21.165092983110515,44.09514417767166,9.764923760163986,19.85580908906496,41,Low
store_31,item_18,20.75315421466561,45.00752639957184,7.847493558056587,19.85580908906496,41,Low
store_31,item_24,21.195022735169704,45.43461711703067,4.505873124164894,19.85580908906496,41,Low
store_29,item_50,21.42707527659008,41.50816613468114,4.784597525956436,19.85580908906496,41,Low
store_3,item_10,20.875572126031198,44.26908951946318,7.216964781713256,19.85580908906496,41,Low
store_24,item_3,20.902348854615806,40.31033836192093,5.812791786119335,19.85580908906496,41,Low
store_31,item_17,21.138895231430823,45.1394267313593,8.572167884938136,19.85580908906496,41,Low
store_3,item_5,20.66327606181431,41.18952592241476,7.839383124571603,19.85580908906496,41,Low
store_10,item_49,21.595335802048467,42.50623607830249,4.9423109368043665,19.85580908906496,41,Low
store_10,item_50,21.12693233977673,42.505695659796906,4.445921192849601,19.85580908906496,41,Low
store_8,item_15,21.199372936568917,43.23331904266689,4.963273886184411,19.85580908906496,41,Low
store_8,item_16,21.00524201174048,40.17092432458912,3.371046164796454,19.85580908906496,41,Low
store_8,item_7,21.33860070839779,42.32936383141777,5.0804761414370505,19.85580908906496,41,Low
store_8,item_9,20.85239140325625,41.33121316093705,4.098336124896887,19.85580908906496,41,Low
store_3,item_36,21.055730106451033,40.71877587238037,3.9659245898304,19.85580908906496,41,Low
store_9,item_46,21.055863786232777,44.80154651903918,4.423245256397372,19.85580908906496,41,Low
store_10,item_12,21.486346251447564,40.21778914974317,8.758987170923037,19.85580908906496,41,Low
store_10,item_21,21.01520270147751,39.92509267723944,4.306655272815448,19.85580908906496,41,Low
store_9,item_3,20.931904314724765,42.870545767984055,6.210826390836869,19.85580908906496,41,Low
store_9,item_31,20.938007339328284,39.65382837766302,8.465165929407524,19.85580908906496,41,Low
store_9,item_36,21.602605862873208,41.92728731803713,4.297985294952557,19.85580908906496,41,Low
store_9,item_41,20.77504454093137,41.05357781523498,6.742312571167081,19.85580908906496,41,Low
store_38,item_45,20.53432292677578,46.215756645804085,6.208798621945221,19.85580908906496,40,Low
store_4,item_2,19.664120706825255,45.82553286863301,6.440324968300533,19.85580908906496,40,Low
store_7,item_13,20.043862761103895,40.44147805819895,8.562926549683349,19.85580908906496,40,Low
store_1,item_4,20.303833623995327,41.3324794922918,5.63505377758413,19.85580908906496,40,Low
store_24,item_33,20.111254788692463,42.381039350759686,8.752042153844739,19.85580908906496,40,Low
store_24,item_35,19.64568670672021,37.86263870675151,5.4357190925161065,19.85580908906496,40,Low
store_23,item_29,20.467500700087147,43.23331904266689,5.836531384156335,19.85580908906496,40,Low
store_23,item_36,20.204070808902078,40.420441571274765,4.562021446341837,19.85580908906496,40,Low
store_23,item_4,19.6687693834783,43.520623014825794,5.884278436274867,19.85580908906496,40,Low
store_18,item_17,20.62281195829366,43.86625314657626,8.451860804418061,19.85580908906496,40,Low
store_18,item_20,20.608018318372096,45.2597778927497,9.56192848541447,19.85580908906496,40,Low
store_6,item_28,19.8132562272725,40.39814774159228,4.215981625806446,19.85580908906496,40,Low
store_6,item_41,19.785042854574858,37.15007170505703,6.476376649196453,19.85580908906496,40,Low
store_11,item_39,19.80886322580048,41.61047839010388,6.668961947475643,19.85580908906496,40,Low
store_6,item_50,19.764533601167983,37.15007170505703,3.865031072790061,19.85580908906496,40,Low
store_45,item_29,20.57478634413655,41.39996654361897,5.29953074662972,19.85580908906496,40,Low
store_45,item_3,20.60934973933562,40.60395602790836,5.955183757863929,19.85580908906496,40,Low
store_45,item_32,19.991828317935223,39.50138573311449,6.508068351723547,19.85580908906496,40,Low
store_45,item_33,19.983368351589426,44.359683658784846,8.675144801372495,19.85580908906496,40,Low
store_45,item_38,19.832487929956383,33.52222362136708,7.752296006432359,19.85580908906496,40,Low
store_18,item_10,20.56034319125082,40.84490663770951,8.198010916608583,19.85580908906496,40,Low
store_42,item_27,20.288710396124586,42.870545767984055,5.39249454209762,19.85580908906496,40,Low
store_42,item_36,19.82438511316474,46.66672617834812,4.477840028250562,19.85580908906496,40,Low
store_47,item_4,19.655979979815946,45.2597778927497,5.268858468892233,19.85580908906496,40,Low
store_47,item_46,19.98045735914158,40.72779640667381,3.9891602947798837,19.85580908906496,40,Low
store_47,item_7,20.331673407195975,39.89843736095582,5.216482458261364,19.85580908906496,40,Low
store_47,item_8,20.18233077201071,36.804065144389405,6.216645376238178,19.85580908906496,40,Low
store_33,item_36,19.928616883292886,41.72289437682252,5.041379616167327,19.85580908906496,40,Low
store_25,item_36,19.982675747522578,44.55913576219383,5.116134643430772,19.85580908906496,40,Low
store_25,item_4,19.938595581262074,39.9602201515561,5.746692211252658,19.85580908906496,40,Low
store_22,item_11,20.057824317439835,41.0581618034365,4.207213030325113,19.85580908906496,40,Low
store_16,item_22,20.590472923064173,46.30853931860741,6.190211772358652,19.85580908906496,40,Low
store_16,item_36,20.437259855944763,45.02340309524662,4.500455350367975,19.85580908906496,40,Low
store_48,item_29,20.55985315928717,41.39996654361897,5.6307304961830855,19.85580908906496,40,Low
store_48,item_32,20.589896248683544,42.870545767984055,7.155537060214266,19.85580908906496,40,Low
store_48,item_50,20.390145174557983,42.36639772947858,3.7744018767486347,19.85580908906496,40,Low
store_48,item_9,20.323521153044645,35.01878191161491,4.347574238369866,19.85580908906496,40,Low
store_9,item_22,20.450837891024925,43.23331904266689,5.52544116960746,19.85580908906496,40,Low
store_1,item_3,20.53849115220453,43.91794771609199,5.570643959801324,19.85580908906496,40,Low
store_36,item_48,20.46465268205479,33.78418821561154,3.8877965464026016,19.85580908906496,40,Low
store_27,item_2,20.048690926615723,43.99510401275142,5.438065176412729,19.85580908906496,40,Low
store_27,item_26,20.078390384703606,42.61481737640076,6.879661317477276,19.85580908906496,40,Low
store_27,item_3,20.34024558021369,40.60395602790836,5.5547957229656415,19.85580908906496,40,Low
store_27,item_7,20.25885672596853,37.48582711120572,4.7534484362526825,19.85580908906496,40,Low
store_28,item_18,20.601535619071022,46.01656271213968,9.08632963935599,19.85580908906496,40,Low
store_16,item_43,20.191949184281093,38.04793343079621,6.099824436906636,19.85580908906496,40,Low
store_16,item_48,20.565777413473874,46.66672617834812,4.550226549700511,19.85580908906496,40,Low
store_21,item_13,20.01975412173556,40.94999234458066,10.230415928673265,19.85580908906496,40,Low
store_49,item_29,20.147507321198695,42.839927025479966,6.478678226377726,19.85580908906496,40,Low
store_49,item_30,20.592479630652143,40.84490663770951,5.793280510506473,19.85580908906496,40,Low
store_32,item_47,20.478830068488804,37.1978589652541,7.523715178863337,19.85580908906496,40,Low
store_36,item_30,19.817974356826156,42.44182869828536,5.62892902826345,19.85580908906496,40,Low
store_20,item_5,20.328021846848866,42.36639772947858,7.8953549534404885,19.85580908906496,40,Low
store_20,item_7,20.310705970389787,45.82553286863301,5.481602201818221,19.85580908906496,40,Low
store_33,item_4,20.461214204535846,41.59942042414566,5.781922245370361,19.85580908906496,40,Low
store_33,item_5,20.16484037993572,43.99510401275142,10.611651678337429,19.85580908906496,40,Low
store_20,item_2,20.259687202908523,39.359442713761815,5.542892533541845,19.85580908906496,40,Low
store_26,item_28,20.063013036146828,38.36296506297229,3.6962831208498743,19.85580908906496,40,Low
store_35,item_44,20.252734540840876,42.23701879936208,3.604776931526166,19.85580908906496,40,Low
store_18,item_9,19.890875026813664,43.31147826149673,4.796487885141765,19.85580908906496,40,Low
store_19,item_16,20.179090123748082,39.89843736095582,4.7069377022293475,19.85580908906496,40,Low
store_44,item_36,19.880952400443597,46.30853931860741,4.699698331765399,19.85580908906496,40,Low
store_44,item_41,19.920885835061558,43.45387802035981,6.50096169576675,19.85580908906496,40,Low
store_44,item_50,20.48933137753072,40.25738100420188,4.098220180533854,19.85580908906496,40,Low
store_45,item_11,20.561185142473413,35.715478040503136,3.91553733788015,19.85580908906496,40,Low
store_25,item_49,20.34825661343902,36.16191389415727,5.134445123714834,19.85580908906496,40,Low
store_38,item_16,19.71179983026005,43.99510401275142,3.7214702334565586,19.85580908906496,40,Low
store_24,item_4,19.912778863969045,34.861976307338345,4.695905289808658,19.85580908906496,40,Low
store_31,item_48,20.112366894166374,35.1686213683326,3.9309797211469344,19.85580908906496,40,Low
store_4,item_22,20.485917511030927,39.04319576309465,7.720959123615951,19.85580908906496,40,Low
store_22,item_6,20.33402211555925,44.44778168160423,5.78689214464478,19.85580908906496,40,Low
store_19,item_50,19.86681397526463,39.88988086203757,4.383002303739188,19.85580908906496,40,Low
store_2,item_24,20.302856095033942,40.44147805819895,4.943272280691697,19.85580908906496,40,Low
store_43,item_38,19.677085699017088,43.520623014825794,8.33681383719503,19.85580908906496,40,Low
store_43,item_4,19.823473307172314,41.59744325913344,5.400581504728318,19.85580908906496,40,Low
store_43,item_44,19.739144660879663,41.34974515894032,4.0431269758018535,19.85580908906496,40,Low
store_19,item_21,19.916446376411255,42.381039350759686,4.935988446446619,19.85580908906496,40,Low
store_14,item_44,19.75134582065587,41.59744325913344,4.302529548206037,19.85580908906496,40,Low
store_27,item_36,19.67232535404353,38.91464496098151,3.9091875685299575,19.85580908906496,40,Low
store_42,item_50,19.81788720123149,42.88985698113425,4.002716468903935,19.85580908906496,40,Low
store_2,item_46,20.096393341981592,40.7752670998955,5.307974764784359,19.85580908906496,40,Low
store_2,item_50,19.89006173194628,37.15007170505703,4.273760325802603,19.85580908906496,40,Low
store_40,item_12,20.482665273605765,41.05357781523498,8.561905092724464,19.85580908906496,40,Low
store_40,item_35,20.234235701287684,43.520623014825794,6.743772590874084,19.85580908906496,40,Low
store_37,item_39,20.563686405835952,46.30853931860741,7.879555951684298,19.85580908906496,40,Low
store_14,item_36,20.406649201873407,41.3324794922918,5.270267421870359,19.85580908906496,40,Low
store_20,item_46,19.768280865167583,41.59744325913344,4.324121648978291,19.85580908906496,40,Low
store_41,item_50,19.774542678558454,42.55068185568548,4.13552989442968,19.85580908906496,40,Low
store_49,item_7,20.596720750511967,39.60493239648774,6.004077176531285,19.85580908906496,40,Low
store_14,item_50,20.019180131822576,40.14777217680994,3.865611158890856,19.85580908906496,40,Low
store_15,item_16,20.593096720891793,41.62888240866885,3.857770712230019,19.85580908906496,40,Low
store_15,item_21,20.3598735920441,44.52682909832442,3.8366774488506805,19.85580908906496,40,Low
store_16,item_7,19.867642722004998,42.80011076259408,5.13578975640095,19.85580908906496,40,Low
store_17,item_17,20.487080041801253,37.88107510853831,8.138733436073114,19.85580908906496,40,Low
store_17,item_22,20.33025745939484,42.36639772947858,5.941923628165045,19.85580908906496,40,Low
store_20,item_27,20.59934119328204,42.36639772947858,5.3499422129692,19.85580908906496,40,Low
store_20,item_35,19.67318635288479,43.520623014825794,5.701564727522088,19.85580908906496,40,Low
store_3,item_28,20.574766340888324,41.64632383138615,3.914672583980929,19.85580908906496,40,Low
store_34,item_42,19.68614770380918,42.44182869828536,7.8771132430274395,19.85580908906496,40,Low
store_34,item_43,19.77705740554676,38.27098615696414,7.219760425628315,19.85580908906496,40,Low
store_34,item_49,20.14751307011602,37.15007170505703,5.247404295582004,19.85580908906496,40,Low
store_2,item_8,19.931946885150367,38.91464496098151,8.254517399330034,19.85580908906496,40,Low
store_12,item_29,19.983384360179507,40.94999234458066,6.808497391555271,19.85580908906496,40,Low
store_12,item_44,20.2205085177668,39.04319576309465,4.427768270844731,19.85580908906496,40,Low
store_12,item_48,20.56039582666955,44.73705659030898,4.592153870241437,19.85580908906496,40,Low
store_3,item_15,19.850967815772172,40.44147805819895,4.0670315981600655,19.85580908906496,40,Low
store_3,item_23,20.37721970574719,41.122466601377866,8.457135150210082,19.85580908906496,40,Low
store_13,item_9,19.984734015079564,34.33430522024816,4.239713699053345,19.85580908906496,40,Low
store_50,item_26,20.18380413236963,46.30853931860741,8.605935670900621,19.85580908906496,40,Low
store_13,item_15,20.233743343413447,46.66672617834812,4.685141661437844,19.85580908906496,40,Low
store_13,item_20,20.027880626780743,43.99510401275142,8.881761727023733,19.85580908906496,40,Low
store_46,item_30,20.588051070676123,45.05534771062875,5.404520164070896,19.85580908906496,40,Low
store_46,item_4,19.777758572626812,42.44182869828536,5.101206072830385,19.85580908906496,40,Low
store_27,item_31,20.20205402204198,41.05357781523498,7.07414991740577,19.85580908906496,40,Low
store_28,item_47,20.2301019009773,35.994621647758855,10.865136897891858,19.85580908906496,40,Low
store_28,item_49,19.841403853581117,39.88988086203757,5.205491622012973,19.85580908906496,40,Low
store_28,item_5,19.904923400374194,42.23391679752228,10.710702287993046,19.85580908906496,40,Low
store_13,item_37,19.939925048079363,43.46515662731303,7.208532205969855,19.85580908906496,40,Low
store_46,item_1,19.734373579192383,37.99400282572977,7.933286814232982,19.85580908906496,40,Low
store_46,item_16,20.327914499957355,40.94999234458066,3.7805067033022794,19.85580908906496,40,Low
store_17,item_36,20.277718915426025,35.01878191161491,4.206983610055075,19.85580908906496,40,Low
store_17,item_50,19.878653687525404,36.16191389415727,3.9614102845006833,19.85580908906496,40,Low
store_46,item_3,20.450811048234968,41.05357781523498,5.886243935187226,19.85580908906496,40,Low
store_22,item_20,20.52465470158582,38.62512066558834,9.33853544398352,19.85580908906496,40,Low
store_22,item_24,19.723705278926207,39.88988086203757,4.542319028043968,19.85580908906496,40,Low
store_22,item_40,20.629214780031784,41.05357781523498,9.569429365414772,19.85580908906496,40,Low
store_19,item_27,19.855272020557358,38.04793343079621,5.901816046297409,19.85580908906496,40,Low
store_4,item_47,20.446063764105638,41.05357781523498,11.536898359551085,19.85580908906496,40,Low
store_4,item_50,20.306023898958784,45.37829331965562,4.230134346361029,19.85580908906496,40,Low
store_22,item_15,19.872766453212982,34.01081493287796,4.981955441290787,19.85580908906496,40,Low
store_22,item_16,20.150902711971195,45.67286777336292,4.056444236420999,19.85580908906496,40,Low
store_36,item_24,19.754904315077166,39.893999703086806,4.177844356125021,19.85580908906496,40,Low
store_5,item_27,19.683390508217407,38.80996962079054,6.129037330465679,19.85580908906496,40,Low
store_31,item_11,20.008272725169046,43.520623014825794,4.329965840686945,19.85580908906496,40,Low
store_9,item_18,19.831011527552402,41.05357781523498,7.707066718639424,19.85580908906496,40,Low
store_38,item_30,20.246042985819454,41.60809427906978,5.1895383139175255,19.85580908906496,40,Low
store_11,item_16,20.022806694509136,44.359683658784846,4.0705205517680865,19.85580908906496,40,Low
store_11,item_2,20.621284800451146,42.36639772947858,6.1053722414526,19.85580908906496,40,Low
store_11,item_23,20.35057281102794,45.82553286863301,10.659434543397909,19.85580908906496,40,Low
store_27,item_16,20.567092628940095,42.870545767984055,3.674311400391481,19.85580908906496,40,Low
store_7,item_19,20.594559026653872,35.43134263550421,7.187143030895039,19.85580908906496,40,Low
store_26,item_9,20.49672367488233,39.62295199770026,3.8215689714643153,19.85580908906496,40,Low
store_27,item_11,20.319867900675387,36.81577578822527,3.674860981203412,19.85580908906496,40,Low
store_10,item_27,20.485656223062154,43.01795894137175,5.49160518325149,19.85580908906496,40,Low
store_10,item_30,20.507653790193288,42.81031512049224,5.355889726609557,19.85580908906496,40,Low
store_30,item_36,20.576074131048422,36.99184684636696,4.286870311566146,19.85580908906496,40,Low
store_38,item_46,20.625871572389993,41.39996654361897,3.815023882312953,19.85580908906496,40,Low
store_24,item_16,20.469127365411712,39.74389560761759,3.6867095135501278,19.85580908906496,40,Low
store_24,item_22,19.890175334421862,40.94999234458066,5.219487580773097,19.85580908906496,40,Low
store_24,item_32,20.55293135463016,44.44778168160423,6.416798957577091,19.85580908906496,40,Low
store_8,item_46,19.80827798932305,43.68432594922144,3.7576721232928882,19.85580908906496,40,Low
store_3,item_29,20.545779168760408,46.66672617834812,5.136457604352586,19.85580908906496,40,Low
store_3,item_32,20.36500332251301,40.60395602790836,6.886368545976155,19.85580908906496,40,Low
store_3,item_4,20.33328540404377,39.50138573311449,4.302664145101877,19.85580908906496,40,Low
store_10,item_45,19.998029204697563,43.59444081191612,8.153899160121101,19.85580908906496,40,Low
store_9,item_29,20.262455307775973,39.359442713761815,5.474448737179277,19.85580908906496,40,Low
store_9,item_47,20.247073695440122,38.720880530132646,9.42122779383157,19.85580908906496,40,Low
store_9,item_49,19.669948301394136,41.34974515894032,4.541168171630687,19.85580908906496,40,Low
store_10,item_2,19.987349605831533,41.60848019125821,5.63383094182075,19.85580908906496,40,Low
store_8,item_45,20.25069080691527,37.15007170505703,7.2713666274008215,19.85580908906496,40,Low
store_9,item_27,18.93907213019245,39.65382837766302,5.411414837990518,19.85580908906496,39,Low
store_8,item_50,19.482016535244068,43.34239750482497,4.2729402677451205,19.85580908906496,39,Low
store_8,item_23,18.975993308367727,38.18622596691789,8.37441820406606,19.85580908906496,39,Low
store_11,item_34,19.56833810533414,44.55913576219383,10.080119763437157,19.85580908906496,39,Low
store_29,item_9,19.116565196543625,38.54624112746023,5.1523447065672,19.85580908906496,39,Low
store_10,item_36,19.32436431151288,43.683855090130265,4.448805969530027,19.85580908906496,39,Low
store_30,item_29,19.62804102234907,38.04793343079621,5.819631431832762,19.85580908906496,39,Low
store_1,item_44,19.56949300204648,43.34239750482497,3.7844010904249825,19.85580908906496,39,Low
store_44,item_20,19.610682653765558,44.59557114106413,9.284153363801407,19.85580908906496,39,Low
store_3,item_9,18.706073009601504,42.88796704850565,4.3969652756267825,19.85580908906496,39,Low
store_11,item_24,18.721039776897577,41.32224685910648,4.491243691655794,19.85580908906496,39,Low
store_30,item_46,18.883124405014563,43.82194970469946,5.065688717814425,19.85580908906496,39,Low
store_30,item_11,19.196788056170973,38.62810955301794,4.805256560824621,19.85580908906496,39,Low
store_7,item_23,19.604744393037606,42.14803578190852,7.76449930858059,19.85580908906496,39,Low
store_35,item_30,19.153456142810484,40.14276949125846,5.896346183284908,19.85580908906496,39,Low
store_7,item_21,18.705797627608234,38.087341611270325,3.969139536774957,19.85580908906496,39,Low
store_19,item_40,19.349505239066882,42.88985698113425,9.624586336696778,19.85580908906496,39,Low
store_16,item_9,18.708699799811527,33.55976010647515,4.424118007841043,19.85580908906496,39,Low
store_45,item_47,19.34744893825484,38.585495576159694,9.649720216739176,19.85580908906496,39,Low
store_46,item_14,19.63708842303293,45.67997330274378,7.658455218052693,19.85580908906496,39,Low
store_17,item_8,19.251698057522905,39.893999703086806,7.198223081992706,19.85580908906496,39,Low
store_4,item_9,19.03267169535673,43.34239750482497,5.062345914986852,19.85580908906496,39,Low
store_50,item_22,19.59635803185815,38.1420959631376,6.262224917478008,19.85580908906496,39,Low
store_13,item_49,19.153597317335038,39.23696385283343,4.953514007411338,19.85580908906496,39,Low
store_22,item_28,18.852795156041797,39.918805208094405,4.383869517969496,19.85580908906496,39,Low
store_26,item_4,18.676987103646457,39.6194462670454,4.728956713584363,19.85580908906496,39,Low
store_5,item_39,19.19712448339455,39.23696385283343,7.891291503111218,19.85580908906496,39,Low
store_32,item_3,19.311921328879702,44.59557114106413,5.157475020430303,19.85580908906496,39,Low
store_24,item_6,19.076627464653665,43.86230855912749,5.473190018696183,19.85580908906496,39,Low
store_34,item_23,19.525128848498337,39.40491017285936,9.702988532281733,19.85580908906496,39,Low
store_36,item_15,19.424623161431132,39.893999703086806,4.753448436252685,19.85580908906496,39,Low
store_36,item_28,19.03846428795149,38.585495576159694,4.151985301449718,19.85580908906496,39,Low
store_38,item_39,19.028163238227286,43.86230855912749,6.363718361176535,19.85580908906496,39,Low
store_36,item_14,19.388101319754657,39.73067984781181,8.60505909641207,19.85580908906496,39,Low
store_26,item_10,19.601117311556436,43.683855090130265,7.821449435739994,19.85580908906496,39,Low
store_12,item_39,19.569780786502776,34.89191678518608,8.086736895292498,19.85580908906496,39,Low
store_3,item_16,19.25429609639621,43.86230855912749,4.025249217916083,19.85580908906496,39,Low
store_34,item_48,18.696949398379708,35.64524881134672,4.438456829337973,19.85580908906496,39,Low
store_50,item_28,19.469118667374847,43.85018016485623,4.4127722355188395,19.85580908906496,39,Low
store_13,item_24,18.692507159860842,38.58877093926631,4.28708160202137,19.85580908906496,39,Low
store_36,item_38,18.653809415108128,41.7591096685716,7.125049757446729,19.85580908906496,39,Low
store_16,item_44,19.45956264523275,43.82194970469946,3.8152262753905584,19.85580908906496,39,Low
store_42,item_18,18.74109364333668,39.6194462670454,7.573226904040359,19.85580908906496,39,Low
store_49,item_16,19.308390727573205,38.62810955301794,4.349868847751024,19.85580908906496,39,Low
store_25,item_31,18.6918114993879,40.87262507177986,9.510006171990863,19.85580908906496,39,Low
store_7,item_16,18.86390798731381,40.87262507177986,3.601628416581663,19.85580908906496,39,Low
store_17,item_9,19.538810947441714,36.61251431325239,4.6767701103182295,19.85580908906496,39,Low
store_6,item_8,18.910026987462835,40.60395602790836,6.592703422548022,19.85580908906496,39,Low
store_26,item_26,19.309626420477446,42.62951271168488,7.050938107902598,19.85580908906496,39,Low
store_26,item_34,18.716340688907703,38.54624112746023,8.466835711248534,19.85580908906496,39,Low
store_25,item_48,19.184839204850167,42.23391679752228,4.532963138071943,19.85580908906496,39,Low
store_37,item_48,19.054870085625716,43.85018016485623,4.294791775883242,19.85580908906496,39,Low
store_37,item_50,18.885605281891024,35.4372904122041,3.6603503448692725,19.85580908906496,39,Low
store_38,item_11,18.691238366833282,38.1420959631376,3.8451865662347022,19.85580908906496,39,Low
store_24,item_49,19.572444306140486,46.30853931860741,4.449123047271231,19.85580908906496,39,Low
store_26,item_35,19.450490588244797,29.25401417915432,5.22544433252534,19.85580908906496,39,Low
store_40,item_50,19.17065453955652,40.39814774159228,4.056674849421296,19.85580908906496,39,Low
store_31,item_28,19.59572277440367,42.381039350759686,4.138975458095637,19.85580908906496,39,Low
store_27,item_37,19.55085859965272,42.44182869828536,7.345281875810841,19.85580908906496,39,Low
store_35,item_48,19.004748078605566,42.41162142619213,4.524739944012347,19.85580908906496,39,Low
store_37,item_29,18.827447692076525,38.585495576159694,5.289501407184993,19.85580908906496,39,Low
store_25,item_26,19.32278832751016,42.88985698113425,8.750438674813,19.85580908906496,39,Low
store_14,item_24,19.272012475101903,43.34239750482497,4.647761489307221,19.85580908906496,39,Low
store_15,item_2,19.32483893329261,43.35816052062201,5.419358488264898,19.85580908906496,39,Low
store_20,item_42,18.81355256166877,35.00969839908314,6.518935902654845,19.85580908906496,39,Low
store_37,item_11,19.504795816048784,42.41162142619213,4.447600867955299,19.85580908906496,39,Low
store_15,item_3,19.26994029827054,39.73067984781181,6.287781976642665,19.85580908906496,39,Low
store_8,item_27,19.240336351882547,42.62951271168488,5.345599460741336,19.85580908906496,39,Low
store_8,item_39,19.37580815166196,40.14276949125846,7.146631007604217,19.85580908906496,39,Low
store_39,item_27,19.458549558858575,46.69351865897276,6.203235596065927,19.85580908906496,39,Low
store_23,item_46,19.568359888142012,36.47798650612149,4.209965098397139,19.85580908906496,39,Low
store_39,item_8,19.26895141568994,42.91808744129101,8.605181615143472,19.85580908906496,39,Low
store_39,item_22,19.266681797846157,40.397434792657855,7.152747454727082,19.85580908906496,39,Low
store_48,item_10,19.51768667540224,36.61251431325239,7.180090143183672,19.85580908906496,39,Low
store_49,item_24,18.74209154716133,33.87853723030315,5.030956674961154,19.85580908906496,39,Low
store_49,item_28,18.848573989514627,35.00969839908314,4.693504608205512,19.85580908906496,39,Low
store_49,item_50,18.78404901238237,45.34381918636871,4.137396597601518,19.85580908906496,39,Low
store_15,item_38,19.2752116814541,39.893999703086806,7.950361264655617,19.85580908906496,39,Low
store_20,item_8,19.180839320858748,39.06786534591392,5.832619682782507,19.85580908906496,39,Low
store_45,item_27,18.382740847399173,38.46256782152847,5.275648972745468,19.85580908906496,38,Low
store_29,item_16,18.641828043599524,36.29789192528184,4.395509490671694,19.85580908906496,38,Low
store_21,item_45,18.098307404412466,34.038437353808014,6.741869878299918,19.85580908906496,38,Low
store_25,item_3,17.984781504166236,38.20134307968371,6.830222275074109,19.85580908906496,38,Low
store_11,item_27,18.229761500047715,35.01878191161491,5.277239013319971,19.85580908906496,38,Low
store_27,item_15,18.510773227074566,38.58877093926631,3.9199643134318496,19.85580908906496,38,Low
store_35,item_2,18.32425069049977,28.58692013236167,5.189026105356548,19.85580908906496,38,Low
store_24,item_24,18.62526552476204,36.75283606154951,4.140869296049565,19.85580908906496,38,Low
store_26,item_16,17.77993982112121,39.60493239648774,3.9103611354996537,19.85580908906496,38,Low
store_3,item_22,18.571492840585332,34.10797358763839,4.673489098776114,19.85580908906496,38,Low
store_5,item_37,18.59490648766906,38.58877093926631,9.862994414797392,19.85580908906496,38,Low
store_26,item_44,18.609758414957817,35.921414450017004,3.9938179835849,19.85580908906496,38,Low
store_7,item_30,18.470792715949205,39.8449683063568,5.136472058975846,19.85580908906496,38,Low
store_43,item_21,18.22998680016327,39.77005477698599,4.1445397272751805,19.85580908906496,38,Low
store_34,item_11,17.692787295482013,39.60493239648774,4.949675468313564,19.85580908906496,38,Low
store_26,item_3,18.311985953474856,36.38226599100624,5.576800769143702,19.85580908906496,38,Low
store_24,item_44,18.507628662748544,35.00969839908314,3.8597986805171747,19.85580908906496,38,Low
store_16,item_11,17.886544506321673,38.20134307968371,4.483000280858272,19.85580908906496,38,Low
store_47,item_37,18.62192943849812,39.6194462670454,7.598531122510925,19.85580908906496,38,Low
store_1,item_35,18.367904801179154,36.75283606154951,6.285658553007696,19.85580908906496,38,Low
store_16,item_38,18.270266255518894,35.07965813214267,7.585694793655664,19.85580908906496,38,Low
store_16,item_21,18.567718600973688,35.182889136874785,4.410065917535294,19.85580908906496,38,Low
store_42,item_21,18.597788146060303,38.54624112746023,4.131811927327225,19.85580908906496,38,Low
store_11,item_48,18.63819077379995,41.32224685910648,4.211583744108882,19.85580908906496,38,Low
store_5,item_16,17.51346679427677,43.46321919891599,4.2302431649371535,19.85580908906496,37,Low
store_9,item_43,17.51742757305139,38.699126758062704,6.450993595207445,19.85580908906496,37,Low
store_17,item_4,16.999359498939448,41.05546246839396,5.47113855535992,19.85580908906496,37,Low
store_35,item_21,16.8569017390935,38.99046029902952,4.096252249300888,19.85580908906496,37,Low
store_11,item_25,17.342074064618085,35.91946326665731,9.205539189532386,19.85580908906496,37,Low
store_30,item_48,16.91986041789557,42.14742397477962,4.333397298356419,19.85580908906496,37,Low
store_4,item_36,17.36635188786517,43.46321919891599,5.056487755824588,19.85580908906496,37,Low
store_9,item_15,17.43594717776928,38.20134307968371,4.515564671783649,19.85580908906496,37,Low
store_3,item_49,17.58842799745689,37.715329489803366,3.941045107677152,19.85580908906496,37,Low
store_11,item_35,17.212703065326924,43.46321919891599,6.940330055423399,19.85580908906496,37,Low
store_1,item_46,16.978804838019336,42.43114974636456,4.27705287297379,19.85580908906496,37,Low
store_42,item_24,17.51771445986182,39.30391337447758,4.132674362510628,19.85580908906496,37,Low
store_19,item_24,17.59353643955437,37.715329489803366,4.3496367101831135,19.85580908906496,37,Low
store_31,item_44,16.988181277727723,41.05546246839396,4.020602087985932,19.85580908906496,37,Low
store_41,item_43,17.424848501899646,43.46321919891599,6.528807447070396,19.85580908906496,37,Low
store_40,item_8,16.96881912850704,42.43114974636456,6.326470879151107,19.85580908906496,37,Low
store_9,item_28,16.45621216672645,37.15007170505703,4.301314534382174,19.85580908906496,36,Low
store_11,item_14,16.261778671178494,37.15007170505703,8.89661722520384,19.85580908906496,36,Low
store_7,item_50,15.841616437656034,37.15007170505703,3.8524359527776983,19.85580908906496,36,Low
store_47,item_15,16.05532510963335,34.01081493287796,4.340190491717538,19.85580908906496,36,Low
store_9,item_21,16.371780923944954,37.15007170505703,4.162590070386958,19.85580908906496,36,Low
store_30,item_4,16.172692416669502,37.15007170505703,5.590586966294555,19.85580908906496,36,Low
store_24,item_29,16.08360781759114,37.15007170505703,5.760605412700673,19.85580908906496,36,Low
store_1,item_41,15.987771449343603,37.15007170505703,6.657551977784108,19.85580908906496,36,Low
store_33,item_46,16.028063890318453,34.89191678518608,4.749348156496632,19.85580908906496,36,Low
store_2,item_16,16.249711300846723,36.61251431325239,4.4050359688013705,19.85580908906496,36,Low
store_22,item_48,16.226843966937043,37.15007170505703,4.451315271947519,19.85580908906496,36,Low
